index,x,y,z,roll,pitch,yaw
0,-3.62931,5.26543,1.73411,0.325171, 0.623029, -0.617889, -0.352579
1,-3.62941,5.26537,1.73398,0.325475, 0.622982, -0.617799, -0.352539
2,-3.62973,5.26517,1.73361,0.325784, 0.622962, -0.617687, -0.352484
3,-3.63025,5.26485,1.73297,0.326103, 0.622965, -0.617561, -0.352406
4,-3.63098,5.26439,1.73205,0.326412, 0.622985, -0.61742, -0.352331
5,-3.6319,5.26379,1.73084,0.32673, 0.623021, -0.617252, -0.352266
6,-3.63303,5.26306,1.72935,0.327059, 0.623074, -0.617058, -0.352207
7,-3.63437,5.26219,1.72757,0.327398, 0.62316, -0.616823, -0.352153
8,-3.6359,5.26119,1.7255,0.327722, 0.623272, -0.616574, -0.352088
9,-3.63764,5.26005,1.72315,0.328058, 0.623391, -0.61633, -0.351992
10,-3.63958,5.25878,1.72052,0.328392, 0.623529, -0.61607, -0.35189
11,-3.64173,5.25737,1.71761,0.328709, 0.623688, -0.615794, -0.351797
12,-3.64407,5.25582,1.71442,0.329036, 0.623845, -0.615501, -0.351725
13,-3.64662,5.25413,1.71095,0.329347, 0.624008, -0.615209, -0.351657
14,-3.64937,5.2523,1.7072,0.329635, 0.624169, -0.614943, -0.351566
15,-3.65233,5.25032,1.70318,0.329888, 0.624336, -0.614692, -0.351471
16,-3.65549,5.24821,1.69889,0.330102, 0.624493, -0.61448, -0.351364
17,-3.65885,5.24595,1.69433,0.3303, 0.624628, -0.614286, -0.351276
18,-3.66242,5.24356,1.6895,0.330458, 0.624761, -0.614105, -0.351206
19,-3.66619,5.24101,1.6844,0.330601, 0.624878, -0.613941, -0.351151
20,-3.67016,5.23833,1.67904,0.330722, 0.624978, -0.613801, -0.351103
21,-3.67434,5.2355,1.67342,0.330798, 0.625085, -0.613677, -0.351057
22,-3.67873,5.23252,1.66753,0.330857, 0.625174, -0.613585, -0.351005
23,-3.68332,5.22941,1.66137,0.330889, 0.625261, -0.613491, -0.350984
24,-3.68813,5.22615,1.65495,0.330906, 0.625342, -0.613403, -0.350979
25,-3.69313,5.22275,1.64827,0.330909, 0.625426, -0.613308, -0.350992
26,-3.69835,5.21921,1.64132,0.330909, 0.62552, -0.613201, -0.351012
27,-3.70376,5.21553,1.6341,0.330889, 0.62561, -0.6131, -0.351047
28,-3.70939,5.21171,1.62661,0.330875, 0.625702, -0.612995, -0.351079
29,-3.71522,5.20775,1.61885,0.330847, 0.625806, -0.612887, -0.351109
30,-3.72126,5.20365,1.61082,0.33082, 0.625905, -0.612769, -0.351163
31,-3.7275,5.19942,1.60251,0.330787, 0.626016, -0.612646, -0.351212
32,-3.73395,5.19504,1.59394,0.330772, 0.626121, -0.612522, -0.351254
33,-3.7406,5.19052,1.58509,0.330744, 0.626224, -0.612404, -0.351302
34,-3.74745,5.18587,1.57598,0.330712, 0.626332, -0.612286, -0.351345
35,-3.75451,5.18108,1.56659,0.330688, 0.626426, -0.612186, -0.351377
36,-3.76178,5.17614,1.55693,0.330645, 0.626514, -0.612095, -0.351416
37,-3.76925,5.17106,1.547,0.330592, 0.626595, -0.612018, -0.351455
38,-3.77692,5.16585,1.53681,0.330526, 0.626659, -0.611961, -0.351505
39,-3.78481,5.16049,1.52634,0.330458, 0.626707, -0.611918, -0.351557
40,-3.79289,5.15498,1.51561,0.33039, 0.626733, -0.611907, -0.351593
41,-3.80119,5.14934,1.50462,0.330325, 0.626738, -0.611916, -0.35163
42,-3.80969,5.14355,1.49335,0.330254, 0.626739, -0.611927, -0.351675
43,-3.81839,5.13763,1.48182,0.330162, 0.626726, -0.611955, -0.351738
44,-3.8273,5.13156,1.47003,0.330068, 0.626698, -0.611991, -0.351813
45,-3.83642,5.12535,1.45796,0.329967, 0.626664, -0.612032, -0.351896
46,-3.84575,5.119,1.44563,0.329859, 0.626626, -0.612074, -0.351993
47,-3.85528,5.11251,1.43303,0.329753, 0.626587, -0.612128, -0.352068
48,-3.86502,5.10589,1.42016,0.329649, 0.626547, -0.612174, -0.352156
49,-3.87497,5.09912,1.40701,0.32954, 0.626504, -0.61223, -0.352236
50,-3.88512,5.09221,1.39359,0.329439, 0.626462, -0.612286, -0.352308
51,-3.89547,5.08516,1.37989,0.32935, 0.626423, -0.612338, -0.35237
52,-3.90602,5.07798,1.36592,0.329265, 0.626379, -0.61239, -0.352438
53,-3.91678,5.07066,1.35168,0.329183, 0.626324, -0.612453, -0.352502
54,-3.92775,5.06319,1.33715,0.329111, 0.626275, -0.612506, -0.352564
55,-3.93892,5.05559,1.32236,0.329043, 0.626232, -0.612557, -0.352616
56,-3.95029,5.04785,1.30728,0.328989, 0.626181, -0.612615, -0.352655
57,-3.96187,5.03998,1.29193,0.32894, 0.62612, -0.612672, -0.352712
58,-3.97365,5.03196,1.27631,0.32888, 0.626066, -0.612727, -0.352767
59,-3.98564,5.02381,1.26041,0.328843, 0.626001, -0.612783, -0.35282
60,-3.99783,5.01553,1.24423,0.328805, 0.625917, -0.612853, -0.352884
61,-4.01023,5.0071,1.22777,0.328775, 0.625846, -0.61291, -0.352938
62,-4.02283,4.99855,1.21104,0.328748, 0.625765, -0.612966, -0.35301
63,-4.03563,4.98985,1.19404,0.328731, 0.625685, -0.613017, -0.353078
64,-4.04864,4.98101,1.17675,0.328713, 0.625602, -0.613073, -0.353144
65,-4.06186,4.97204,1.15919,0.328686, 0.625524, -0.613128, -0.353214
66,-4.07528,4.96294,1.14135,0.328695, 0.625442, -0.613183, -0.353255
67,-4.0889,4.95369,1.12324,0.328709, 0.625361, -0.613235, -0.353294
68,-4.10272,4.94431,1.10484,0.328705, 0.625276, -0.613293, -0.353347
69,-4.11675,4.93479,1.08617,0.328711, 0.625192, -0.613357, -0.353379
70,-4.13098,4.92513,1.06723,0.328727, 0.625114, -0.613412, -0.353406
71,-4.14541,4.91533,1.048,0.328748, 0.625041, -0.613463, -0.353427
72,-4.16005,4.9054,1.0285,0.328772, 0.624973, -0.613507, -0.35345
73,-4.17488,4.89532,1.00872,0.32881, 0.62489, -0.61357, -0.353451
74,-4.18992,4.88511,0.988661,0.328852, 0.624818, -0.613619, -0.353456
75,-4.20517,4.87476,0.968324,0.328882, 0.62476, -0.613662, -0.353456
76,-4.22061,4.86428,0.947708,0.328919, 0.624711, -0.613691, -0.353457
77,-4.23626,4.85366,0.926813,0.328953, 0.624667, -0.613715, -0.353461
78,-4.25211,4.8429,0.905639,0.328999, 0.624638, -0.613729, -0.353446
79,-4.26816,4.832,0.884187,0.329049, 0.624617, -0.613734, -0.353427
80,-4.28442,4.82097,0.862454,0.329094, 0.624594, -0.61375, -0.353399
81,-4.30087,4.8098,0.840443,0.329135, 0.624586, -0.61375, -0.353376
82,-4.31753,4.79849,0.818153,0.329176, 0.624577, -0.613746, -0.353358
83,-4.33439,4.78704,0.795585,0.329207, 0.624575, -0.613748, -0.353329
84,-4.35145,4.77545,0.772741,0.329239, 0.624564, -0.613757, -0.353305
85,-4.36871,4.76373,0.74962,0.329259, 0.624555, -0.613766, -0.353286
86,-4.38618,4.75186,0.726225,0.329281, 0.624545, -0.613777, -0.353265
87,-4.40385,4.73985,0.702556,0.329306, 0.624535, -0.613796, -0.353227
88,-4.42173,4.72771,0.678613,0.329307, 0.624518, -0.613816, -0.35322
89,-4.43981,4.71542,0.654397,0.329314, 0.624496, -0.613856, -0.353182
90,-4.45809,4.70299,0.629907,0.329317, 0.624487, -0.613889, -0.353138
91,-4.47658,4.69043,0.605143,0.329315, 0.624469, -0.613924, -0.353112
92,-4.49527,4.67772,0.580106,0.329304, 0.624447, -0.613973, -0.353074
93,-4.51417,4.66487,0.554795,0.329274, 0.624428, -0.614016, -0.353063
94,-4.53327,4.65189,0.52921,0.329257, 0.62441, -0.614065, -0.353025
95,-4.55257,4.63876,0.503351,0.329233, 0.624386, -0.614115, -0.353002
96,-4.57208,4.6255,0.477219,0.329198, 0.624366, -0.61416, -0.352992
97,-4.5918,4.6121,0.450812,0.329168, 0.624347, -0.614201, -0.352983
98,-4.61172,4.59856,0.424132,0.329113, 0.624344, -0.614237, -0.352977
99,-4.63184,4.58488,0.397177,0.329044, 0.62434, -0.614272, -0.352987
100,-4.65217,4.57106,0.369948,0.328988, 0.624337, -0.614304, -0.352989
101,-4.67271,4.55711,0.342444,0.328908, 0.624332, -0.61434, -0.353009
102,-4.69345,4.54302,0.314666,0.328827, 0.624337, -0.614376, -0.353014
103,-4.71439,4.52879,0.286613,0.328755, 0.624332, -0.614412, -0.353025
104,-4.73554,4.51442,0.258285,0.328678, 0.62433, -0.614454, -0.35303
105,-4.75689,4.49992,0.229682,0.328606, 0.624324, -0.614495, -0.353034
106,-4.77845,4.48528,0.200804,0.32852, 0.624326, -0.614526, -0.353057
107,-4.80021,4.4705,0.171652,0.328439, 0.624327, -0.614566, -0.353062
108,-4.82218,4.45558,0.142224,0.328366, 0.624321, -0.614599, -0.353082
109,-4.84434,4.44053,0.112521,0.328295, 0.624325, -0.614623, -0.353099
110,-4.86672,4.42535,0.0825418,0.328222, 0.624325, -0.614644, -0.353131
111,-4.8893,4.41002,0.0522874,0.328154, 0.624327, -0.614665, -0.353155
112,-4.91209,4.39457,0.0217569,0.328079, 0.62432, -0.614699, -0.353176
113,-4.93507,4.37897,-0.0090501,0.328027, 0.624329, -0.614717, -0.353178
114,-4.95827,4.36324,-0.0401336,0.327947, 0.624341, -0.61474, -0.35319
115,-4.98167,4.34738,-0.0714942,0.327885, 0.624368, -0.614749, -0.353184
116,-5.00527,4.33137,-0.103132,0.32784, 0.624383, -0.614772, -0.353162
117,-5.02907,4.31523,-0.135048,0.327796, 0.624402, -0.614796, -0.353126
118,-5.05308,4.29895,-0.167241,0.327755, 0.624424, -0.614823, -0.353078
119,-5.07728,4.28254,-0.199712,0.327728, 0.624448, -0.614848, -0.353016
120,-5.10169,4.26599,-0.23246,0.327693, 0.62447, -0.614872, -0.352969
121,-5.12631,4.2493,-0.265486,0.327669, 0.624494, -0.614898, -0.352904
122,-5.15113,4.23248,-0.298789,0.32764, 0.624505, -0.614927, -0.352861
123,-5.17615,4.21552,-0.332369,0.327616, 0.624524, -0.614951, -0.352806
124,-5.20137,4.19843,-0.366227,0.327611, 0.624545, -0.614964, -0.352751
125,-5.2268,4.18121,-0.400363,0.327618, 0.624556, -0.614983, -0.352693
126,-5.25244,4.16385,-0.434776,0.327634, 0.624562, -0.614998, -0.352642
127,-5.27828,4.14635,-0.469466,0.327644, 0.62457, -0.615008, -0.3526
128,-5.30433,4.12872,-0.504434,0.327671, 0.624582, -0.615005, -0.352559
129,-5.33058,4.11096,-0.53968,0.327709, 0.624583, -0.61501, -0.352513
130,-5.35705,4.09306,-0.575205,0.32775, 0.624602, -0.614994, -0.352469
131,-5.38371,4.07503,-0.611008,0.327805, 0.624613, -0.614982, -0.352419
132,-5.41058,4.05686,-0.647089,0.327869, 0.624632, -0.614956, -0.352373
133,-5.43766,4.03856,-0.683448,0.327943, 0.624633, -0.614945, -0.352321
134,-5.46494,4.02013,-0.720085,0.327997, 0.624646, -0.61493, -0.352274
135,-5.49243,4.00156,-0.756998,0.328066, 0.624656, -0.614918, -0.352212
136,-5.52012,3.98285,-0.794187,0.328115, 0.624673, -0.614899, -0.352169
137,-5.54802,3.964,-0.831653,0.328166, 0.624691, -0.614879, -0.352125
138,-5.57612,3.94502,-0.869394,0.328227, 0.624698, -0.61486, -0.352089
139,-5.60443,3.92591,-0.90741,0.328282, 0.624709, -0.614838, -0.352056
140,-5.63294,3.90666,-0.945701,0.328334, 0.624725, -0.614813, -0.352023
141,-5.66166,3.88727,-0.984267,0.328385, 0.624735, -0.61479, -0.351999
142,-5.69058,3.86775,-1.02311,0.328441, 0.624733, -0.614773, -0.35198
143,-5.71971,3.84809,-1.06222,0.328485, 0.624745, -0.614742, -0.351971
144,-5.74905,3.8283,-1.10161,0.328518, 0.624748, -0.614716, -0.35198
145,-5.77859,3.80837,-1.14128,0.328542, 0.624752, -0.614692, -0.351994
146,-5.80834,3.78831,-1.18122,0.328567, 0.624762, -0.614661, -0.352006
147,-5.83829,3.76811,-1.22143,0.3286, 0.624769, -0.614633, -0.352012
148,-5.86845,3.74777,-1.26192,0.32862, 0.624782, -0.614603, -0.352022
149,-5.89881,3.72729,-1.30269,0.328633, 0.624794, -0.61457, -0.352048
150,-5.92938,3.70668,-1.34373,0.328641, 0.624805, -0.614535, -0.352079
151,-5.96015,3.68594,-1.38504,0.32864, 0.624827, -0.614495, -0.352112
152,-5.99113,3.66505,-1.42663,0.32864, 0.624845, -0.614466, -0.35213
153,-6.02232,3.64402,-1.46849,0.328641, 0.624868, -0.614424, -0.352162
154,-6.05371,3.62286,-1.51063,0.328625, 0.624895, -0.61439, -0.352187
155,-6.0853,3.60156,-1.55304,0.328609, 0.624925, -0.614356, -0.35221
156,-6.1171,3.58012,-1.59573,0.328595, 0.62495, -0.614324, -0.352234
157,-6.1491,3.55854,-1.6387,0.328588, 0.624979, -0.614288, -0.352253
158,-6.18131,3.53682,-1.68193,0.328586, 0.625004, -0.614258, -0.352262
159,-6.21372,3.51497,-1.72545,0.328586, 0.625022, -0.614239, -0.352262
160,-6.24634,3.49297,-1.76924,0.328589, 0.625038, -0.614215, -0.352273
161,-6.27916,3.47084,-1.8133,0.32858, 0.625054, -0.614194, -0.35229
162,-6.31218,3.44857,-1.85763,0.328587, 0.62505, -0.614183, -0.35231
163,-6.34541,3.42617,-1.90225,0.328601, 0.625041, -0.614175, -0.352327
164,-6.37885,3.40362,-1.94713,0.328622, 0.625036, -0.614167, -0.352329
165,-6.41249,3.38094,-1.99229,0.328644, 0.625023, -0.614163, -0.352339
166,-6.44634,3.35812,-2.03772,0.328652, 0.625018, -0.614157, -0.352351
167,-6.48039,3.33516,-2.08343,0.328667, 0.625003, -0.614156, -0.352366
168,-6.51464,3.31207,-2.12941,0.32868, 0.624989, -0.614161, -0.35237
169,-6.5491,3.28884,-2.17566,0.328697, 0.624982, -0.614159, -0.352371
170,-6.58376,3.26547,-2.22219,0.328705, 0.624964, -0.614164, -0.352385
171,-6.61862,3.24196,-2.26899,0.328712, 0.624939, -0.61418, -0.352394
172,-6.65369,3.21831,-2.31607,0.328731, 0.624917, -0.614195, -0.35239
173,-6.68897,3.19453,-2.36342,0.328761, 0.624893, -0.614214, -0.352372
174,-6.72445,3.1706,-2.41105,0.328774, 0.624867, -0.614239, -0.352361
175,-6.76014,3.14654,-2.45895,0.328792, 0.62483, -0.614272, -0.352354
176,-6.79603,3.12234,-2.50712,0.328792, 0.624801, -0.614304, -0.352348
177,-6.83212,3.098,-2.55557,0.328806, 0.624764, -0.614337, -0.352345
178,-6.86842,3.07352,-2.6043,0.328799, 0.62472, -0.614383, -0.35235
179,-6.90493,3.04891,-2.65329,0.328801, 0.624677, -0.61443, -0.352342
180,-6.94164,3.02415,-2.70257,0.328821, 0.624618, -0.614483, -0.352335
181,-6.97855,2.99926,-2.75211,0.328844, 0.624563, -0.614533, -0.352324
182,-7.01567,2.97423,-2.80194,0.328854, 0.624515, -0.614582, -0.352314
183,-7.053,2.94907,-2.85204,0.328888, 0.624461, -0.614637, -0.352282
184,-7.09053,2.92376,-2.90241,0.328921, 0.624405, -0.614686, -0.352263
185,-7.12827,2.89832,-2.95307,0.328946, 0.62437, -0.614727, -0.352232
186,-7.1662,2.87274,-3.004,0.32898, 0.624329, -0.614769, -0.352199
187,-7.20434,2.84702,-3.05521,0.329011, 0.624303, -0.614804, -0.352156
188,-7.24269,2.82117,-3.1067,0.329054, 0.624286, -0.61483, -0.3521
189,-7.28124,2.79518,-3.15847,0.32909, 0.624267, -0.614862, -0.352044
190,-7.31999,2.76905,-3.21052,0.32912, 0.624249, -0.614889, -0.352001
191,-7.35895,2.74278,-3.26286,0.329143, 0.624257, -0.614905, -0.351938
192,-7.39811,2.71638,-3.31547,0.329177, 0.624263, -0.61492, -0.351869
193,-7.43747,2.68985,-3.36836,0.329206, 0.624272, -0.614933, -0.351804
194,-7.47704,2.66318,-3.42153,0.329229, 0.624286, -0.614948, -0.35173
195,-7.51681,2.63637,-3.47498,0.329267, 0.624295, -0.614953, -0.351671
196,-7.55679,2.60943,-3.52871,0.329295, 0.62431, -0.61495, -0.351623
197,-7.59697,2.58235,-3.58271,0.329326, 0.624317, -0.614947, -0.351586
198,-7.63735,2.55514,-3.637,0.329373, 0.624315, -0.614944, -0.35155
199,-7.67795,2.5278,-3.69155,0.329418, 0.624321, -0.614929, -0.351525
200,-7.71875,2.50031,-3.74639,0.329457, 0.624323, -0.614905, -0.351526
201,-7.75975,2.4727,-3.8015,0.329488, 0.624318, -0.614891, -0.35153
202,-7.80096,2.44495,-3.85689,0.329524, 0.624317, -0.614872, -0.351533
203,-7.84238,2.41706,-3.91256,0.329557, 0.624311, -0.614859, -0.351533
204,-7.884,2.38904,-3.9685,0.329593, 0.624308, -0.614847, -0.351528
205,-7.92583,2.36088,-4.02471,0.329609, 0.62431, -0.614833, -0.351533
206,-7.96786,2.33258,-4.0812,0.329637, 0.624322, -0.614809, -0.351527
207,-8.01009,2.30415,-4.13797,0.32966, 0.624338, -0.614788, -0.351514
208,-8.05253,2.27558,-4.19501,0.329704, 0.624344, -0.614765, -0.351501
209,-8.09518,2.24688,-4.25234,0.329731, 0.624353, -0.614746, -0.351493
210,-8.13803,2.21804,-4.30993,0.329778, 0.624369, -0.614716, -0.351474
211,-8.18108,2.18906,-4.36781,0.329808, 0.624389, -0.614688, -0.351459
212,-8.22434,2.15995,-4.42596,0.329834, 0.624412, -0.614653, -0.351455
213,-8.2678,2.1307,-4.48439,0.329878, 0.624446, -0.61461, -0.351429
214,-8.31147,2.10131,-4.54309,0.329916, 0.624475, -0.614569, -0.351414
215,-8.35534,2.07179,-4.60208,0.329964, 0.624508, -0.614521, -0.351394
216,-8.39941,2.04213,-4.66134,0.330021, 0.624538, -0.614473, -0.351372
217,-8.44369,2.01233,-4.72088,0.330061, 0.624581, -0.614423, -0.351344
218,-8.48817,1.9824,-4.7807,0.330119, 0.624629, -0.614363, -0.351309
219,-8.53286,1.95233,-4.84079,0.330169, 0.624679, -0.614311, -0.351264
220,-8.57775,1.92212,-4.90117,0.330228, 0.624727, -0.614254, -0.351223
221,-8.62284,1.89177,-4.96182,0.330289, 0.624779, -0.614192, -0.351183
222,-8.66814,1.86129,-5.02275,0.330344, 0.624843, -0.614121, -0.35114
223,-8.71365,1.83067,-5.08395,0.330416, 0.624889, -0.614062, -0.351094
224,-8.75935,1.79992,-5.14543,0.330469, 0.624933, -0.614014, -0.35105
225,-8.80527,1.76902,-5.20719,0.330532, 0.624983, -0.613954, -0.351006
226,-8.85138,1.73799,-5.26922,0.330597, 0.625025, -0.613901, -0.350963
227,-8.8977,1.70682,-5.33153,0.330646, 0.625059, -0.613856, -0.350934
228,-8.94423,1.67552,-5.39412,0.33069, 0.625093, -0.613809, -0.350914
229,-8.99097,1.64407,-5.45697,0.330728, 0.625126, -0.613766, -0.350894
230,-9.03791,1.61249,-5.52011,0.330774, 0.625155, -0.613721, -0.350878
231,-9.08505,1.58077,-5.58351,0.330814, 0.625181, -0.61368, -0.350868
232,-9.1324,1.54891,-5.64719,0.330842, 0.625214, -0.613636, -0.350859
233,-9.17996,1.51692,-5.71115,0.330881, 0.625237, -0.613598, -0.350847
234,-9.22772,1.48479,-5.77538,0.330928, 0.625258, -0.613569, -0.350817
235,-9.27569,1.45252,-5.83989,0.330975, 0.62528, -0.613537, -0.350788
236,-9.32386,1.42011,-5.90467,0.331007, 0.625304, -0.613505, -0.35077
237,-9.37223,1.38757,-5.96973,0.331038, 0.625333, -0.613476, -0.350741
238,-9.42081,1.35488,-6.03506,0.331055, 0.625365, -0.61345, -0.350714
239,-9.46959,1.32206,-6.10067,0.331091, 0.625389, -0.613423, -0.350684
240,-9.51858,1.28911,-6.16656,0.331139, 0.6254, -0.613406, -0.350649
241,-9.56777,1.25601,-6.23272,0.331214, 0.625393, -0.613398, -0.350605
242,-9.61717,1.22278,-6.29915,0.331322, 0.625359, -0.613405, -0.350551
243,-9.66677,1.18942,-6.36586,0.331469, 0.625308, -0.613417, -0.350482
244,-9.71658,1.15591,-6.43284,0.331662, 0.625228, -0.613445, -0.350393
245,-9.76659,1.12227,-6.5001,0.331875, 0.625132, -0.613485, -0.350294
246,-9.81682,1.08849,-6.56763,0.33211, 0.625021, -0.613523, -0.350202
247,-9.86724,1.05458,-6.63544,0.332339, 0.624907, -0.613566, -0.350112
248,-9.91788,1.02052,-6.70352,0.332557, 0.624787, -0.61361, -0.350041
249,-9.96872,0.986331,-6.77188,0.332742, 0.624685, -0.613639, -0.349997
250,-10.0198,0.952,-6.84051,0.332846, 0.62461, -0.613662, -0.349991
251,-10.071,0.917533,-6.90942,0.332884, 0.624552, -0.613683, -0.350023
252,-10.1225,0.882927,-6.9786,0.332863, 0.624548, -0.613682, -0.350052
253,-10.1741,0.848182,-7.04806,0.332765, 0.624584, -0.613659, -0.350121
254,-10.226,0.813299,-7.11781,0.332621, 0.624645, -0.613634, -0.350194
255,-10.278,0.778278,-7.18783,0.332444, 0.624733, -0.61359, -0.350282
256,-10.3303,0.74312,-7.25813,0.332258, 0.624827, -0.613542, -0.350375
257,-10.3827,0.707825,-7.32871,0.332068, 0.624926, -0.613488, -0.350473
258,-10.4354,0.672394,-7.39957,0.331897, 0.625027, -0.613428, -0.35056
259,-10.4883,0.636827,-7.47072,0.331747, 0.625119, -0.613361, -0.350653
260,-10.5413,0.601125,-7.54214,0.331625, 0.62521, -0.613292, -0.350727
261,-10.5946,0.565287,-7.61383,0.331535, 0.625286, -0.613224, -0.350796
262,-10.6481,0.529313,-7.68581,0.331496, 0.625355, -0.613158, -0.350826
263,-10.7018,0.493203,-7.75807,0.331469, 0.625421, -0.613095, -0.350844
264,-10.7557,0.456957,-7.8306,0.331478, 0.625483, -0.613029, -0.350841
265,-10.8098,0.420575,-7.90342,0.331522, 0.625541, -0.612962, -0.350812
266,-10.8641,0.384058,-7.97651,0.331583, 0.625602, -0.612886, -0.350779
267,-10.9186,0.347407,-8.04988,0.331672, 0.625655, -0.612812, -0.35073
268,-10.9733,0.31062,-8.12354,0.331788, 0.625705, -0.612732, -0.35067
269,-11.0282,0.273699,-8.19747,0.33193, 0.625742, -0.612646, -0.350619
270,-11.0834,0.236644,-8.27168,0.332129, 0.625754, -0.612569, -0.350546
271,-11.1387,0.199454,-8.34617,0.332336, 0.625773, -0.61247, -0.350486
272,-11.1942,0.162129,-8.42093,0.332538, 0.625791, -0.612381, -0.350419
273,-11.25,0.124669,-8.49598,0.332754, 0.625785, -0.612309, -0.350352
274,-11.3059,0.0870728,-8.57129,0.332982, 0.625768, -0.612249, -0.350269
275,-11.3621,0.0493381,-8.64688,0.333216, 0.625755, -0.612189, -0.350175
276,-11.4184,0.0114652,-8.72275,0.333456, 0.625714, -0.612146, -0.350094
277,-11.475,-0.0265457,-8.79889,0.333688, 0.625672, -0.612117, -0.35
278,-11.5317,-0.0646957,-8.8753,0.333902, 0.625622, -0.612099, -0.349917
279,-11.5887,-0.102986,-8.95198,0.334112, 0.625565, -0.61209, -0.349833
280,-11.6459,-0.141416,-9.02893,0.334297, 0.625515, -0.612081, -0.349762
281,-11.7033,-0.179987,-9.10616,0.334463, 0.625467, -0.612072, -0.349706
282,-11.7608,-0.218696,-9.18366,0.33462, 0.625416, -0.61207, -0.349649
283,-11.8186,-0.257546,-9.26143,0.334737, 0.625389, -0.612059, -0.349605
284,-11.8766,-0.296535,-9.33948,0.33485, 0.625367, -0.612044, -0.349563
285,-11.9348,-0.335662,-9.4178,0.334952, 0.625343, -0.612034, -0.349526
286,-11.9932,-0.374927,-9.4964,0.335013, 0.625343, -0.612008, -0.349511
287,-12.0518,-0.414331,-9.57527,0.335068, 0.62534, -0.611988, -0.349499
288,-12.1106,-0.453875,-9.65443,0.335087, 0.625358, -0.611964, -0.349492
289,-12.1696,-0.493557,-9.73386,0.335088, 0.625389, -0.611937, -0.349481
290,-12.2288,-0.533379,-9.81356,0.33508, 0.625428, -0.611905, -0.349477
291,-12.2882,-0.573341,-9.89354,0.335074, 0.625456, -0.611868, -0.349496
292,-12.3479,-0.613442,-9.9738,0.335076, 0.625491, -0.611833, -0.349493
293,-12.4077,-0.653682,-10.0543,0.33508, 0.625515, -0.611806, -0.349494
294,-12.4677,-0.694062,-10.1351,0.335092, 0.62555, -0.611763, -0.349495
295,-12.528,-0.734579,-10.2162,0.335102, 0.625589, -0.61172, -0.349491
296,-12.5884,-0.775235,-10.2976,0.335111, 0.625623, -0.611688, -0.349478
297,-12.649,-0.816029,-10.3792,0.33512, 0.625662, -0.611654, -0.349458
298,-12.7099,-0.856962,-10.4611,0.335122, 0.625697, -0.61163, -0.349436
299,-12.7709,-0.898035,-10.5433,0.335131, 0.625725, -0.611613, -0.349405
300,-12.8322,-0.939247,-10.6258,0.335132, 0.625756, -0.611599, -0.349375
301,-12.8936,-0.980598,-10.7085,0.335138, 0.625775, -0.611592, -0.349345
302,-12.9553,-1.02209,-10.7915,0.335153, 0.625781, -0.6116, -0.349308
303,-13.0172,-1.06372,-10.8748,0.335158, 0.625782, -0.61161, -0.349284
304,-13.0792,-1.10548,-10.9584,0.335181, 0.625788, -0.611614, -0.349243
305,-13.1415,-1.14739,-11.0422,0.335193, 0.625794, -0.611616, -0.349217
306,-13.204,-1.18943,-11.1263,0.335215, 0.6258, -0.611616, -0.349186
307,-13.2667,-1.23161,-11.2107,0.335237, 0.625805, -0.611608, -0.34917
308,-13.3296,-1.27392,-11.2954,0.335266, 0.625812, -0.611603, -0.349138
309,-13.3927,-1.31637,-11.3803,0.33529, 0.625823, -0.611598, -0.349104
310,-13.4559,-1.35896,-11.4656,0.33532, 0.625842, -0.611583, -0.349066
311,-13.5194,-1.40169,-11.5511,0.33535, 0.625865, -0.611574, -0.349014
312,-13.5831,-1.44455,-11.6368,0.335395, 0.625888, -0.611557, -0.34896
313,-13.647,-1.48755,-11.7229,0.335441, 0.625913, -0.611545, -0.348891
314,-13.7111,-1.53068,-11.8092,0.335484, 0.625946, -0.611524, -0.348827
315,-13.7754,-1.57396,-11.8959,0.335525, 0.625973, -0.611507, -0.348769
316,-13.84,-1.61736,-11.9828,0.335577, 0.625996, -0.611487, -0.348712
317,-13.9047,-1.66091,-12.0699,0.335622, 0.626006, -0.611476, -0.348671
318,-13.9696,-1.70459,-12.1574,0.335675, 0.626013, -0.611462, -0.348631
319,-14.0347,-1.74841,-12.2451,0.335732, 0.626013, -0.611451, -0.348596
320,-14.1,-1.79236,-12.3331,0.335797, 0.626018, -0.611429, -0.348563
321,-14.1656,-1.83645,-12.4214,0.335869, 0.626028, -0.611405, -0.348518
322,-14.2313,-1.88068,-12.5099,0.335935, 0.626031, -0.61139, -0.348475
323,-14.2973,-1.92504,-12.5988,0.335999, 0.626049, -0.611364, -0.348427
324,-14.3634,-1.96954,-12.6879,0.336058, 0.62607, -0.611339, -0.348377
325,-14.4298,-2.01417,-12.7773,0.336122, 0.626085, -0.611314, -0.348331
326,-14.4963,-2.05895,-12.8669,0.336177, 0.626104, -0.611286, -0.348294
327,-14.5631,-2.10386,-12.9569,0.336235, 0.626114, -0.611262, -0.348261
328,-14.63,-2.1489,-13.0471,0.33628, 0.626123, -0.611245, -0.348231
329,-14.6972,-2.19409,-13.1376,0.33631, 0.626144, -0.611221, -0.348207
330,-14.7646,-2.23941,-13.2284,0.336358, 0.626158, -0.611197, -0.348176
331,-14.8322,-2.28487,-13.3195,0.336397, 0.626166, -0.611175, -0.348165
332,-14.9,-2.33046,-13.4108,0.336438, 0.626167, -0.611149, -0.348169
333,-14.968,-2.3762,-13.5024,0.336478, 0.626164, -0.611121, -0.348185
334,-15.0362,-2.42206,-13.5943,0.336507, 0.626155, -0.611097, -0.348216
335,-15.1046,-2.46807,-13.6864,0.336533, 0.626149, -0.61107, -0.348247
336,-15.1732,-2.51421,-13.7789,0.33655, 0.626155, -0.611033, -0.348286
337,-15.242,-2.56049,-13.8716,0.33658, 0.626144, -0.610997, -0.348339
338,-15.3111,-2.6069,-13.9646,0.336615, 0.626144, -0.610955, -0.348379
339,-15.3803,-2.65345,-14.0579,0.336653, 0.626134, -0.610918, -0.348425
340,-15.4497,-2.70013,-14.1514,0.336713, 0.626124, -0.610881, -0.348449
341,-15.5194,-2.74695,-14.2452,0.336771, 0.626102, -0.610857, -0.348475
342,-15.5892,-2.79391,-14.3393,0.336826, 0.626096, -0.610829, -0.348481
343,-15.6593,-2.84101,-14.4337,0.336881, 0.626087, -0.61081, -0.34848
344,-15.7295,-2.88825,-14.5284,0.336943, 0.626065, -0.610797, -0.348481
345,-15.8,-2.93563,-14.6233,0.337002, 0.626053, -0.610784, -0.348469
346,-15.8706,-2.98314,-14.7185,0.337071, 0.626039, -0.610773, -0.348446
347,-15.9415,-3.0308,-14.814,0.33713, 0.626041, -0.610757, -0.348414
348,-16.0125,-3.0786,-14.9098,0.33718, 0.626055, -0.610732, -0.348384
349,-16.0838,-3.12653,-15.0058,0.337221, 0.626083, -0.610696, -0.348358
350,-16.1553,-3.1746,-15.1021,0.337252, 0.626127, -0.610649, -0.34833
351,-16.2269,-3.22281,-15.1987,0.337279, 0.626163, -0.610612, -0.348304
352,-16.2988,-3.27116,-15.2956,0.337297, 0.626214, -0.610563, -0.34828
353,-16.3709,-3.31964,-15.3928,0.337306, 0.626265, -0.610523, -0.348251
354,-16.4431,-3.36827,-15.4902,0.337323, 0.626315, -0.610477, -0.348226
355,-16.5156,-3.41703,-15.5879,0.337345, 0.626368, -0.61043, -0.348191
356,-16.5883,-3.46593,-15.6859,0.33735, 0.626426, -0.610387, -0.348157
357,-16.6611,-3.51497,-15.7842,0.337361, 0.626487, -0.610335, -0.348128
358,-16.7342,-3.56415,-15.8827,0.337368, 0.626544, -0.610296, -0.348086
359,-16.8075,-3.61347,-15.9815,0.337388, 0.626595, -0.610256, -0.348045
360,-16.881,-3.66293,-16.0806,0.337388, 0.626644, -0.610234, -0.347997
361,-16.9547,-3.71252,-16.18,0.337401, 0.626686, -0.610216, -0.347939
362,-17.0285,-3.76226,-16.2797,0.337398, 0.62674, -0.610198, -0.347877
363,-17.1026,-3.81214,-16.3796,0.337405, 0.62678, -0.6102, -0.347796
364,-17.1769,-3.86216,-16.4798,0.337404, 0.62682, -0.610202, -0.347718
365,-17.2514,-3.91232,-16.5803,0.337418, 0.626853, -0.610207, -0.347638
366,-17.3261,-3.96262,-16.681,0.337445, 0.626888, -0.610215, -0.347536
367,-17.401,-4.01305,-16.7821,0.33747, 0.626922, -0.610215, -0.347447
368,-17.4761,-4.06363,-16.8834,0.337509, 0.626941, -0.610228, -0.347353
369,-17.5515,-4.11434,-16.985,0.337538, 0.62696, -0.610238, -0.347274
370,-17.627,-4.1652,-17.0868,0.337571, 0.626969, -0.610258, -0.34719
371,-17.7027,-4.21619,-17.189,0.337614, 0.626971, -0.610281, -0.347105
372,-17.7786,-4.26732,-17.2914,0.337643, 0.62698, -0.6103, -0.347026
373,-17.8548,-4.31859,-17.3941,0.337686, 0.627002, -0.610311, -0.346924
374,-17.9311,-4.36999,-17.497,0.337721, 0.627022, -0.610331, -0.346821
375,-18.0076,-4.42154,-17.6003,0.337766, 0.62704, -0.61036, -0.346692
376,-18.0844,-4.47322,-17.7038,0.337795, 0.627065, -0.610382, -0.346581
377,-18.1613,-4.52504,-17.8076,0.33782, 0.627099, -0.610401, -0.346461
378,-18.2385,-4.57699,-17.9117,0.337843, 0.627132, -0.610422, -0.346343
379,-18.3158,-4.62908,-18.016,0.337876, 0.627161, -0.610438, -0.346227
380,-18.3934,-4.68131,-18.1206,0.337916, 0.627198, -0.610437, -0.346125
381,-18.4712,-4.73368,-18.2256,0.337958, 0.627239, -0.610423, -0.346035
382,-18.5491,-4.78617,-18.3307,0.337994, 0.627282, -0.610404, -0.345955
383,-18.6273,-4.83881,-18.4362,0.33803, 0.627313, -0.610381, -0.345903
384,-18.7057,-4.89157,-18.542,0.338067, 0.627346, -0.61036, -0.345844
385,-18.7842,-4.94447,-18.648,0.338113, 0.627381, -0.610337, -0.345776
386,-18.863,-4.99751,-18.7543,0.338161, 0.627409, -0.610323, -0.345702
387,-18.942,-5.05068,-18.8609,0.338198, 0.62745, -0.610307, -0.345623
388,-19.0212,-5.10399,-18.9677,0.338223, 0.627492, -0.610287, -0.345556
389,-19.1006,-5.15744,-19.0748,0.338242, 0.627529, -0.610282, -0.345479
390,-19.1802,-5.21103,-19.1823,0.338256, 0.627578, -0.610267, -0.345403
391,-19.26,-5.26475,-19.2899,0.338272, 0.627628, -0.610257, -0.345312
392,-19.34,-5.31861,-19.3979,0.338285, 0.627669, -0.610249, -0.34524
393,-19.4202,-5.3726,-19.5062,0.338306, 0.627715, -0.610237, -0.345157
394,-19.5006,-5.42674,-19.6147,0.338348, 0.627748, -0.610226, -0.345074
395,-19.5813,-5.481,-19.7235,0.338388, 0.627794, -0.610196, -0.345006
396,-19.6621,-5.53541,-19.8326,0.338444, 0.627834, -0.610166, -0.344932
397,-19.7431,-5.58995,-19.9419,0.338497, 0.627869, -0.61014, -0.344861
398,-19.8243,-5.64462,-20.0516,0.338555, 0.62792, -0.610101, -0.344781
399,-19.9058,-5.69943,-20.1615,0.33862, 0.62796, -0.610063, -0.344711
400,-19.9874,-5.75438,-20.2717,0.338674, 0.628016, -0.610014, -0.344643
401,-20.0693,-5.80946,-20.3822,0.338733, 0.628065, -0.609968, -0.344578
402,-20.1513,-5.86468,-20.4929,0.338798, 0.628106, -0.609918, -0.344525
403,-20.2336,-5.92003,-20.604,0.338863, 0.62814, -0.609874, -0.344479
404,-20.3161,-5.97552,-20.7153,0.338932, 0.628161, -0.609835, -0.344442
405,-20.3987,-6.03114,-20.8269,0.338994, 0.628185, -0.609801, -0.344398
406,-20.4816,-6.0869,-20.9387,0.339063, 0.628194, -0.609775, -0.34436
407,-20.5647,-6.1428,-21.0508,0.339135, 0.628205, -0.609743, -0.344324
408,-20.648,-6.19883,-21.1633,0.339192, 0.628209, -0.609724, -0.344294
409,-20.7315,-6.255,-21.2759,0.339242, 0.628203, -0.609711, -0.34428
410,-20.8152,-6.31131,-21.3889,0.339301, 0.628207, -0.609689, -0.344253
411,-20.8991,-6.36776,-21.5021,0.339363, 0.628209, -0.609668, -0.344224
412,-20.9832,-6.42434,-21.6156,0.339422, 0.628197, -0.609657, -0.344209
413,-21.0676,-6.48106,-21.7294,0.339478, 0.628185, -0.609647, -0.344193
414,-21.1521,-6.53791,-21.8435,0.339529, 0.62818, -0.609621, -0.344197
415,-21.2368,-6.5949,-21.9578,0.339574, 0.628178, -0.609591, -0.344211
416,-21.3218,-6.65203,-22.0724,0.339616, 0.628169, -0.609571, -0.344222
417,-21.4069,-6.7093,-22.1873,0.339665, 0.628161, -0.609544, -0.344236
418,-21.4923,-6.7667,-22.3025,0.339703, 0.628162, -0.609518, -0.344243
419,-21.5778,-6.82424,-22.418,0.33975, 0.628158, -0.609487, -0.344259
420,-21.6636,-6.88192,-22.5337,0.339798, 0.628155, -0.609459, -0.344264
421,-21.7496,-6.93973,-22.6497,0.339823, 0.628166, -0.609431, -0.344268
422,-21.8357,-6.99769,-22.766,0.339854, 0.628188, -0.609392, -0.34427
423,-21.9221,-7.05578,-22.8826,0.339886, 0.628211, -0.609343, -0.344282
424,-22.0087,-7.11401,-22.9994,0.33992, 0.628232, -0.609311, -0.344264
425,-22.0955,-7.17237,-23.1165,0.339968, 0.628258, -0.609266, -0.344252
426,-22.1825,-7.23088,-23.2339,0.339999, 0.628289, -0.609218, -0.344247
427,-22.2697,-7.28952,-23.3516,0.340042, 0.628315, -0.609175, -0.344235
428,-22.357,-7.3483,-23.4696,0.340077, 0.628362, -0.609118, -0.344215
429,-22.4446,-7.40722,-23.5878,0.340111, 0.628406, -0.609069, -0.344188
430,-22.5324,-7.46628,-23.7063,0.340139, 0.628435, -0.60903, -0.344177
431,-22.6204,-7.52548,-23.8251,0.34017, 0.628471, -0.608988, -0.344154
432,-22.7086,-7.58481,-23.9442,0.34021, 0.628502, -0.608948, -0.34413
433,-22.797,-7.64429,-24.0636,0.340261, 0.628524, -0.608916, -0.344095
434,-22.8856,-7.7039,-24.1832,0.340301, 0.628545, -0.608886, -0.34407
435,-22.9744,-7.76365,-24.3031,0.340316, 0.628577, -0.608856, -0.344049
436,-23.0634,-7.82354,-24.4233,0.340337, 0.628599, -0.608827, -0.344039
437,-23.1527,-7.88356,-24.5437,0.340361, 0.628634, -0.608793, -0.344013
438,-23.2421,-7.94373,-24.6645,0.340364, 0.628663, -0.608762, -0.344012
439,-23.3317,-8.00403,-24.7855,0.340387, 0.628689, -0.608737, -0.343985
440,-23.4215,-8.06448,-24.9068,0.340418, 0.628728, -0.608698, -0.343954
441,-23.5116,-8.12506,-25.0284,0.340462, 0.628759, -0.608669, -0.343904
442,-23.6018,-8.18578,-25.1502,0.340501, 0.628789, -0.60864, -0.34386
443,-23.6922,-8.24664,-25.2724,0.340537, 0.628825, -0.608603, -0.343826
444,-23.7829,-8.30763,-25.3948,0.340608, 0.62885, -0.608562, -0.343784
445,-23.8737,-8.36877,-25.5174,0.34066, 0.628876, -0.608526, -0.343746
446,-23.9648,-8.43004,-25.6404,0.340715, 0.62891, -0.608488, -0.343699
447,-24.056,-8.49144,-25.7637,0.340767, 0.628933, -0.608458, -0.343657
448,-24.1475,-8.55299,-25.8872,0.340836, 0.628955, -0.60842, -0.343616
449,-24.2391,-8.61468,-26.011,0.340899, 0.628975, -0.608388, -0.343572
450,-24.331,-8.6765,-26.1351,0.340968, 0.628987, -0.608368, -0.343518
451,-24.423,-8.73846,-26.2594,0.341039, 0.629015, -0.608332, -0.34346
452,-24.5153,-8.80056,-26.3841,0.341101, 0.629041, -0.608304, -0.343402
453,-24.6078,-8.86281,-26.509,0.341153, 0.629065, -0.608283, -0.343341
454,-24.7005,-8.92519,-26.6342,0.341218, 0.629079, -0.608265, -0.343282
455,-24.7933,-8.98771,-26.7596,0.341268, 0.629107, -0.60824, -0.343229
456,-24.8864,-9.05036,-26.8854,0.34131, 0.629135, -0.608219, -0.343173
457,-24.9797,-9.11316,-27.0114,0.341344, 0.629161, -0.608194, -0.343132
458,-25.0732,-9.17609,-27.1377,0.341378, 0.629198, -0.608165, -0.343084
459,-25.1669,-9.23917,-27.2643,0.34141, 0.629226, -0.608135, -0.343053
460,-25.2608,-9.30237,-27.3912,0.341448, 0.629261, -0.608103, -0.343008
461,-25.3549,-9.36572,-27.5183,0.341477, 0.629297, -0.608073, -0.342966
462,-25.4492,-9.4292,-27.6457,0.341491, 0.629344, -0.608041, -0.342923
463,-25.5437,-9.49282,-27.7734,0.341496, 0.629397, -0.608008, -0.34288
464,-25.6384,-9.55658,-27.9014,0.341502, 0.629439, -0.607982, -0.342842
465,-25.7333,-9.62048,-28.0296,0.341504, 0.629492, -0.607951, -0.342797
466,-25.8284,-9.68451,-28.1582,0.341523, 0.629545, -0.607917, -0.342744
467,-25.9237,-9.74868,-28.287,0.34153, 0.629592, -0.607894, -0.342691
468,-26.0192,-9.81299,-28.416,0.341529, 0.62964, -0.607867, -0.34265
469,-26.1149,-9.87744,-28.5454,0.34154, 0.629681, -0.607846, -0.342601
470,-26.2109,-9.94203,-28.675,0.341544, 0.629724, -0.607822, -0.342561
471,-26.307,-10.0067,-28.805,0.341545, 0.629756, -0.607806, -0.342529
472,-26.4033,-10.0716,-28.9351,0.341544, 0.629796, -0.607782, -0.3425
473,-26.4999,-10.1366,-29.0656,0.341573, 0.629821, -0.607759, -0.342465
474,-26.5966,-10.2017,-29.1964,0.341587, 0.629854, -0.607726, -0.342447
475,-26.6936,-10.267,-29.3274,0.341587, 0.629882, -0.607694, -0.342455
476,-26.7907,-10.3324,-29.4587,0.341607, 0.629909, -0.607654, -0.342456
477,-26.8881,-10.3979,-29.5902,0.341649, 0.629941, -0.607599, -0.342453
478,-26.9857,-10.4636,-29.7221,0.341679, 0.629974, -0.607548, -0.342452
479,-27.0834,-10.5294,-29.8542,0.341702, 0.630019, -0.607493, -0.342444
480,-27.1814,-10.5953,-29.9866,0.341725, 0.63006, -0.607443, -0.342435
481,-27.2796,-10.6614,-30.1193,0.341752, 0.630095, -0.607399, -0.342421
482,-27.378,-10.7277,-30.2523,0.341767, 0.630132, -0.60736, -0.342408
483,-27.4765,-10.794,-30.3855,0.341795, 0.630166, -0.607326, -0.342377
484,-27.5753,-10.8605,-30.519,0.341819, 0.630205, -0.607292, -0.342342
485,-27.6743,-10.9271,-30.6528,0.341842, 0.630245, -0.607262, -0.342298
486,-27.7735,-10.9939,-30.7869,0.341847, 0.630286, -0.607231, -0.342273
487,-27.8729,-11.0608,-30.9212,0.341863, 0.630325, -0.607207, -0.342228
488,-27.9725,-11.1279,-31.0559,0.341891, 0.630371, -0.607176, -0.34217
489,-28.0723,-11.1951,-31.1908,0.341922, 0.630416, -0.607142, -0.342116
490,-28.1723,-11.2624,-31.3259,0.341936, 0.630472, -0.607097, -0.342079
491,-28.2725,-11.3299,-31.4614,0.341963, 0.630501, -0.607078, -0.342031
492,-28.3729,-11.3975,-31.5971,0.341988, 0.630542, -0.607053, -0.341977
493,-28.4735,-11.4652,-31.7331,0.342015, 0.630575, -0.607037, -0.341916
494,-28.5743,-11.5331,-31.8694,0.342043, 0.630621, -0.60701, -0.341852
495,-28.6753,-11.6011,-32.006,0.342068, 0.630654, -0.60699, -0.3418
496,-28.7765,-11.6693,-32.1428,0.342111, 0.630684, -0.606977, -0.341726
497,-28.8779,-11.7376,-32.2799,0.34214, 0.630721, -0.606961, -0.341657
498,-28.9795,-11.806,-32.4173,0.342176, 0.630746, -0.606956, -0.341583
499,-29.0814,-11.8746,-32.555,0.342208, 0.630769, -0.60695, -0.341519
500,-29.1834,-11.9433,-32.6929,0.342252, 0.630787, -0.606949, -0.341443
501,-29.2856,-12.0122,-32.8311,0.342295, 0.630797, -0.606958, -0.341366
502,-29.3881,-12.0812,-32.9696,0.34235, 0.630805, -0.606967, -0.341282
503,-29.4907,-12.1503,-33.1083,0.342402, 0.630815, -0.606976, -0.341194
504,-29.5936,-12.2196,-33.2474,0.342453, 0.630825, -0.606984, -0.341109
505,-29.6966,-12.289,-33.3867,0.342488, 0.630829, -0.607008, -0.341026
506,-29.7999,-12.3585,-33.5263,0.342517, 0.630829, -0.607026, -0.340964
507,-29.9034,-12.4282,-33.6661,0.342555, 0.63081, -0.607056, -0.340906
508,-30.007,-12.498,-33.8063,0.342588, 0.630797, -0.607085, -0.340847
509,-30.1109,-12.568,-33.9467,0.342626, 0.630776, -0.607117, -0.34079
510,-30.215,-12.6381,-34.0874,0.342645, 0.630748, -0.607155, -0.340755
511,-30.3193,-12.7083,-34.2283,0.342656, 0.630718, -0.607191, -0.340736
512,-30.4238,-12.7787,-34.3696,0.342666, 0.630682, -0.607236, -0.340712
513,-30.5285,-12.8492,-34.5111,0.342661, 0.630657, -0.607275, -0.340694
514,-30.6334,-12.9198,-34.6528,0.342651, 0.630627, -0.607318, -0.340683
515,-30.7385,-12.9906,-34.7949,0.342623, 0.630605, -0.607357, -0.340681
516,-30.8438,-13.0615,-34.9372,0.342604, 0.630595, -0.607388, -0.340664
517,-30.9493,-13.1326,-35.0798,0.342586, 0.630578, -0.607427, -0.340645
518,-31.0551,-13.2038,-35.2227,0.342564, 0.630573, -0.60745, -0.340634
519,-31.161,-13.2751,-35.3659,0.342549, 0.630563, -0.607468, -0.340636
520,-31.2671,-13.3466,-35.5093,0.342515, 0.63057, -0.607478, -0.34064
521,-31.3735,-13.4182,-35.653,0.342486, 0.630569, -0.607477, -0.340674
522,-31.48,-13.4899,-35.797,0.34247, 0.630561, -0.607469, -0.340718
523,-31.5868,-13.5618,-35.9413,0.342456, 0.630556, -0.607456, -0.340764
524,-31.6937,-13.6338,-36.0859,0.342443, 0.630556, -0.607429, -0.340825
525,-31.8009,-13.7059,-36.2307,0.342435, 0.630545, -0.607413, -0.340884
526,-31.9082,-13.7782,-36.3758,0.342427, 0.630535, -0.607392, -0.340947
527,-32.0158,-13.8506,-36.5212,0.342418, 0.630525, -0.607372, -0.341009
528,-32.1236,-13.9231,-36.6668,0.342399, 0.630525, -0.60735, -0.341066
529,-32.2315,-13.9958,-36.8128,0.342386, 0.630523, -0.607331, -0.341117
530,-32.3397,-14.0686,-36.959,0.342372, 0.630526, -0.607318, -0.341149
531,-32.4481,-14.1416,-37.1055,0.342359, 0.630525, -0.607324, -0.341154
532,-32.5567,-14.2147,-37.2523,0.342337, 0.630534, -0.607331, -0.341146
533,-32.6655,-14.2879,-37.3993,0.342317, 0.63054, -0.607334, -0.341151
534,-32.7744,-14.3613,-37.5467,0.342284, 0.630554, -0.607348, -0.341133
535,-32.8836,-14.4348,-37.6943,0.342258, 0.630564, -0.607366, -0.341108
536,-32.993,-14.5085,-37.8422,0.342229, 0.630576, -0.607381, -0.341089
537,-33.1026,-14.5823,-37.9903,0.342203, 0.630587, -0.6074, -0.34106
538,-33.2124,-14.6562,-38.1388,0.342178, 0.630606, -0.607413, -0.341026
539,-33.3224,-14.7303,-38.2875,0.34215, 0.630622, -0.607432, -0.340992
540,-33.4326,-14.8045,-38.4365,0.342116, 0.63065, -0.607437, -0.340964
541,-33.543,-14.8789,-38.5858,0.342087, 0.630667, -0.607451, -0.340939
542,-33.6536,-14.9534,-38.7354,0.342065, 0.630682, -0.607463, -0.340911
543,-33.7644,-15.028,-38.8852,0.342052, 0.630711, -0.607458, -0.340881
544,-33.8754,-15.1028,-39.0354,0.342049, 0.630727, -0.607455, -0.340859
545,-33.9866,-15.1776,-39.1858,0.342071, 0.630732, -0.607445, -0.340845
546,-34.098,-15.2527,-39.3364,0.342097, 0.630734, -0.607429, -0.340843
547,-34.2097,-15.3278,-39.4874,0.342129, 0.630736, -0.607405, -0.34085
548,-34.3215,-15.4031,-39.6387,0.342174, 0.630727, -0.607376, -0.340873
549,-34.4335,-15.4786,-39.7902,0.342226, 0.630719, -0.607341, -0.340899
550,-34.5458,-15.5541,-39.942,0.342272, 0.630708, -0.607307, -0.340932
551,-34.6582,-15.6298,-40.0941,0.342322, 0.630695, -0.607264, -0.340984
552,-34.7709,-15.7057,-40.2464,0.342386, 0.630671, -0.607229, -0.341026
553,-34.8838,-15.7816,-40.3991,0.342425, 0.63066, -0.607189, -0.341079
554,-34.9968,-15.8577,-40.552,0.342475, 0.63064, -0.607152, -0.341131
555,-35.1101,-15.934,-40.7052,0.342496, 0.630627, -0.60712, -0.341192
556,-35.2236,-16.0104,-40.8587,0.342509, 0.630605, -0.607084, -0.341283
557,-35.3373,-16.0869,-41.0124,0.342527, 0.630594, -0.607043, -0.341358
558,-35.4511,-16.1636,-41.1664,0.342532, 0.630587, -0.606998, -0.341446
559,-35.5652,-16.2404,-41.3208,0.342531, 0.630585, -0.606953, -0.341531
560,-35.6795,-16.3173,-41.4753,0.34252, 0.6306, -0.60689, -0.341627
561,-35.794,-16.3944,-41.6302,0.342503, 0.630619, -0.606831, -0.341715
562,-35.9087,-16.4716,-41.7854,0.342481, 0.630641, -0.606765, -0.341812
563,-36.0236,-16.549,-41.9408,0.342448, 0.630674, -0.606698, -0.341902
564,-36.1387,-16.6264,-42.0965,0.342422, 0.630707, -0.606627, -0.341994
565,-36.254,-16.7041,-42.2525,0.342404, 0.630743, -0.606548, -0.342086
566,-36.3695,-16.7818,-42.4087,0.342378, 0.63079, -0.606468, -0.342166
567,-36.4852,-16.8598,-42.5653,0.342337, 0.630844, -0.606391, -0.342244
568,-36.6011,-16.9378,-42.7221,0.342284, 0.630897, -0.606317, -0.342332
569,-36.7172,-17.016,-42.8792,0.342233, 0.630952, -0.606247, -0.342404
570,-36.8336,-17.0943,-43.0366,0.342185, 0.631003, -0.606171, -0.342493
571,-36.9501,-17.1728,-43.1943,0.342143, 0.631052, -0.60611, -0.342553
572,-37.0668,-17.2514,-43.3522,0.342096, 0.631091, -0.606057, -0.342622
573,-37.1837,-17.3302,-43.5104,0.342063, 0.631112, -0.606024, -0.342675
574,-37.3008,-17.4091,-43.6689,0.342018, 0.631137, -0.605997, -0.342722
575,-37.4181,-17.4881,-43.8277,0.341978, 0.631151, -0.605977, -0.34277
576,-37.5357,-17.5673,-43.9868,0.34195, 0.631161, -0.60597, -0.342792
577,-37.6534,-17.6466,-44.1461,0.341901, 0.631169, -0.605969, -0.342827
578,-37.7713,-17.7261,-44.3057,0.341866, 0.631176, -0.605965, -0.342857
579,-37.8894,-17.8057,-44.4656,0.34185, 0.631173, -0.605972, -0.342866
580,-38.0078,-17.8855,-44.6257,0.341818, 0.63117, -0.605984, -0.342883
581,-38.1263,-17.9653,-44.7862,0.341798, 0.631166, -0.605989, -0.342901
582,-38.2451,-18.0454,-44.9469,0.341781, 0.631163, -0.605995, -0.342912
583,-38.364,-18.1255,-45.1079,0.341768, 0.631173, -0.605988, -0.34292
584,-38.4831,-18.2058,-45.2692,0.34175, 0.631185, -0.605982, -0.342925
585,-38.6025,-18.2863,-45.4307,0.341747, 0.631192, -0.605971, -0.342935
586,-38.722,-18.3669,-45.5926,0.341756, 0.631205, -0.605958, -0.342926
587,-38.8418,-18.4476,-45.7547,0.341749, 0.631225, -0.605947, -0.342916
588,-38.9617,-18.5284,-45.9171,0.341735, 0.631244, -0.605932, -0.342922
589,-39.0819,-18.6094,-46.0797,0.341704, 0.631259, -0.605923, -0.34294
590,-39.2022,-18.6906,-46.2427,0.341686, 0.631275, -0.605916, -0.342941
591,-39.3228,-18.7718,-46.4059,0.341659, 0.631292, -0.605911, -0.342945
592,-39.4436,-18.8533,-46.5694,0.341626, 0.631296, -0.60592, -0.342956
593,-39.5645,-18.9348,-46.7332,0.341568, 0.631305, -0.605933, -0.342973
594,-39.6857,-19.0165,-46.8973,0.341519, 0.631319, -0.60594, -0.342984
595,-39.8071,-19.0983,-47.0617,0.34148, 0.631327, -0.605955, -0.34298
596,-39.9286,-19.1803,-47.2263,0.341433, 0.631344, -0.605972, -0.342967
597,-40.0504,-19.2624,-47.3912,0.341403, 0.631358, -0.60599, -0.342939
598,-40.1724,-19.3447,-47.5564,0.341359, 0.631381, -0.606003, -0.342918
599,-40.2945,-19.4271,-47.7218,0.341329, 0.631396, -0.606015, -0.342899
600,-40.4169,-19.5096,-47.8876,0.341277, 0.63144, -0.606008, -0.342884
601,-40.5395,-19.5922,-48.0536,0.341237, 0.631472, -0.606001, -0.342874
602,-40.6623,-19.675,-48.22,0.341205, 0.631504, -0.605996, -0.342857
603,-40.7853,-19.758,-48.3866,0.341181, 0.631534, -0.605983, -0.342849
604,-40.9085,-19.8411,-48.5534,0.341149, 0.631578, -0.60596, -0.342841
605,-41.0318,-19.9243,-48.7206,0.341139, 0.63162, -0.605924, -0.342837
606,-41.1554,-20.0076,-48.888,0.341102, 0.631668, -0.605889, -0.342846
607,-41.2792,-20.0911,-49.0558,0.341082, 0.631701, -0.605857, -0.342862
608,-41.4033,-20.1747,-49.2238,0.341063, 0.631739, -0.605815, -0.342885
609,-41.5275,-20.2585,-49.3921,0.341044, 0.63178, -0.605773, -0.342902
610,-41.6519,-20.3424,-49.5606,0.341002, 0.631826, -0.605734, -0.342929
611,-41.7765,-20.4264,-49.7295,0.340967, 0.631868, -0.605704, -0.34294
612,-41.9013,-20.5106,-49.8986,0.340937, 0.631908, -0.605679, -0.342939
613,-42.0263,-20.5949,-50.068,0.340889, 0.631949, -0.605656, -0.342951
614,-42.1515,-20.6793,-50.2377,0.340857, 0.631985, -0.605644, -0.342938
615,-42.2769,-20.7639,-50.4076,0.340816, 0.632026, -0.605632, -0.342923
616,-42.4026,-20.8486,-50.5779,0.34077, 0.632054, -0.605635, -0.342914
617,-42.5284,-20.9335,-50.7484,0.340709, 0.632078, -0.605643, -0.342915
618,-42.6544,-21.0185,-50.9192,0.340655, 0.632084, -0.605665, -0.34292
619,-42.7806,-21.1036,-51.0903,0.340612, 0.632092, -0.605679, -0.342921
620,-42.9071,-21.1889,-51.2616,0.340579, 0.632091, -0.605697, -0.342926
621,-43.0337,-21.2743,-51.4332,0.34054, 0.632075, -0.605714, -0.342964
622,-43.1606,-21.3599,-51.6051,0.340516, 0.632054, -0.605729, -0.343001
623,-43.2876,-21.4455,-51.7773,0.340497, 0.632028, -0.605737, -0.343051
624,-43.4148,-21.5314,-51.9498,0.340494, 0.631998, -0.605738, -0.34311
625,-43.5423,-21.6173,-52.1225,0.340498, 0.63195, -0.605749, -0.343174
626,-43.67,-21.7034,-52.2955,0.340496, 0.631902, -0.605758, -0.343248
627,-43.7978,-21.7896,-52.4688,0.340517, 0.631847, -0.605765, -0.343316
628,-43.9259,-21.876,-52.6424,0.340554, 0.631794, -0.605768, -0.343371
629,-44.0542,-21.9624,-52.8162,0.340586, 0.631746, -0.605778, -0.343411
630,-44.1826,-22.0491,-52.9904,0.340615, 0.631693, -0.605795, -0.34345
631,-44.3113,-22.1358,-53.1648,0.340658, 0.631648, -0.605804, -0.343475
632,-44.4402,-22.2227,-53.3395,0.340709, 0.631612, -0.605807, -0.343485
633,-44.5693,-22.3098,-53.5145,0.340757, 0.631582, -0.605804, -0.343498
634,-44.6985,-22.3969,-53.6897,0.340814, 0.631567, -0.605785, -0.343503
635,-44.828,-22.4842,-53.8653,0.340879, 0.631552, -0.605768, -0.343495
636,-44.9577,-22.5717,-54.0411,0.340969, 0.631553, -0.605727, -0.343477
637,-45.0876,-22.6593,-54.2173,0.341064, 0.631561, -0.60567, -0.343467
638,-45.2177,-22.747,-54.3937,0.341156, 0.631581, -0.605594, -0.343474
639,-45.348,-22.8348,-54.5704,0.341252, 0.631616, -0.605493, -0.343492
640,-45.4785,-22.9228,-54.7474,0.341346, 0.631651, -0.605383, -0.343529
641,-45.6091,-23.0109,-54.9246,0.341449, 0.631696, -0.605256, -0.343565
642,-45.74,-23.0992,-55.1022,0.341547, 0.63174, -0.605124, -0.34362
643,-45.8711,-23.1876,-55.28,0.341617, 0.631787, -0.604993, -0.343697
644,-46.0024,-23.2761,-55.4582,0.341674, 0.63184, -0.604851, -0.343792
645,-46.1339,-23.3648,-55.6366,0.341727, 0.631896, -0.60471, -0.343883
646,-46.2656,-23.4536,-55.8152,0.341777, 0.631948, -0.604564, -0.343995
647,-46.3976,-23.5425,-55.9942,0.341808, 0.632003, -0.604419, -0.344118
648,-46.5297,-23.6316,-56.1735,0.341835, 0.632061, -0.604287, -0.344217
649,-46.662,-23.7209,-56.353,0.341849, 0.632131, -0.604149, -0.344317
650,-46.7945,-23.8102,-56.5328,0.341837, 0.632219, -0.604003, -0.344424
651,-46.9272,-23.8997,-56.7129,0.341811, 0.632311, -0.603859, -0.344532
652,-47.0602,-23.9894,-56.8933,0.341773, 0.632402, -0.603712, -0.344661
653,-47.1933,-24.0792,-57.0739,0.341725, 0.632498, -0.603561, -0.344797
654,-47.3266,-24.1691,-57.2549,0.341662, 0.632601, -0.603403, -0.344947
655,-47.4602,-24.2592,-57.4361,0.341599, 0.632703, -0.60324, -0.345107
656,-47.5939,-24.3494,-57.6176,0.341518, 0.632807, -0.603077, -0.345281
657,-47.7279,-24.4398,-57.7994,0.341452, 0.632911, -0.602902, -0.34546
658,-47.862,-24.5303,-57.9815,0.341369, 0.633019, -0.602717, -0.345667
659,-47.9964,-24.621,-58.1638,0.341276, 0.633135, -0.602514, -0.345901
660,-48.1309,-24.7117,-58.3465,0.341167, 0.633259, -0.602304, -0.346146
661,-48.2657,-24.8027,-58.5294,0.341056, 0.63337, -0.6021, -0.346409
662,-48.4006,-24.8937,-58.7126,0.340935, 0.633476, -0.601891, -0.346696
663,-48.5358,-24.9849,-58.896,0.340798, 0.633587, -0.601683, -0.34699
664,-48.6712,-25.0763,-59.0798,0.340655, 0.633697, -0.601475, -0.347289
665,-48.8068,-25.1678,-59.2638,0.340492, 0.633815, -0.601272, -0.347585
666,-48.9426,-25.2594,-59.4481,0.340317, 0.63394, -0.601069, -0.347879
667,-49.0786,-25.3512,-59.6327,0.340137, 0.634051, -0.600883, -0.348175
668,-49.2147,-25.4431,-59.8176,0.339934, 0.634173, -0.600698, -0.34847
669,-49.3511,-25.5352,-60.0027,0.339726, 0.634294, -0.600522, -0.348756
670,-49.4877,-25.6274,-60.1882,0.3395, 0.634412, -0.600351, -0.349055
671,-49.6245,-25.7197,-60.3739,0.33927, 0.634516, -0.600202, -0.349345
672,-49.7615,-25.8122,-60.5598,0.33904, 0.634609, -0.600072, -0.349626
673,-49.8987,-25.9049,-60.7461,0.3388, 0.634698, -0.599951, -0.349904
674,-50.0361,-25.9977,-60.9326,0.338537, 0.634794, -0.599834, -0.350183
675,-50.1737,-26.0906,-61.1194,0.338266, 0.634881, -0.599738, -0.350451
676,-50.3115,-26.1837,-61.3065,0.337979, 0.634967, -0.599648, -0.350726
677,-50.4495,-26.277,-61.4939,0.337683, 0.635059, -0.599571, -0.350977
678,-50.5877,-26.3703,-61.6815,0.337376, 0.635139, -0.599509, -0.351233
679,-50.7261,-26.4639,-61.8695,0.337038, 0.635237, -0.599438, -0.351501
680,-50.8646,-26.5575,-62.0577,0.336727, 0.635329, -0.599369, -0.35175
681,-51.0034,-26.6513,-62.2462,0.336412, 0.63542, -0.599302, -0.352002
682,-51.1424,-26.7452,-62.4349,0.336107, 0.635514, -0.599223, -0.352258
683,-51.2816,-26.8393,-62.624,0.335812, 0.635601, -0.599135, -0.352533
684,-51.421,-26.9335,-62.8133,0.335524, 0.63569, -0.59904, -0.352806
685,-51.5606,-27.0279,-63.003,0.335247, 0.635784, -0.598929, -0.353088
686,-51.7004,-27.1223,-63.1929,0.334985, 0.635883, -0.598798, -0.353382
687,-51.8403,-27.217,-63.3831,0.334717, 0.636, -0.598642, -0.35369
688,-51.9805,-27.3117,-63.5735,0.334466, 0.636117, -0.59848, -0.353992
689,-52.1209,-27.4066,-63.7643,0.334227, 0.636247, -0.598296, -0.354294
690,-52.2615,-27.5016,-63.9554,0.333979, 0.636377, -0.598107, -0.354613
691,-52.4023,-27.5967,-64.1467,0.333732, 0.636529, -0.597902, -0.354918
692,-52.5433,-27.692,-64.3384,0.333475, 0.636706, -0.597676, -0.355224
693,-52.6844,-27.7874,-64.5303,0.333222, 0.636888, -0.59744, -0.355531
694,-52.8258,-27.883,-64.7225,0.332975, 0.637073, -0.597202, -0.35583
695,-52.9674,-27.9786,-64.915,0.332732, 0.637274, -0.596942, -0.356133
696,-53.1092,-28.0745,-65.1078,0.332494, 0.637481, -0.596683, -0.356421
697,-53.2512,-28.1704,-65.3009,0.332262, 0.637683, -0.596426, -0.356705
698,-53.3933,-28.2665,-65.4943,0.332049, 0.63788, -0.596159, -0.356996
699,-53.5357,-28.3627,-65.688,0.331841, 0.638083, -0.595885, -0.357287
700,-53.6783,-28.4591,-65.8819,0.331639, 0.638271, -0.595608, -0.357599
701,-53.8211,-28.5556,-66.0761,0.331443, 0.638448, -0.595334, -0.357921
702,-53.9641,-28.6522,-66.2707,0.331253, 0.638625, -0.595053, -0.358249
703,-54.1073,-28.7489,-66.4655,0.331081, 0.638795, -0.594773, -0.358569
704,-54.2507,-28.8458,-66.6605,0.330922, 0.638964, -0.594478, -0.358902
705,-54.3943,-28.9428,-66.8559,0.330774, 0.639129, -0.594187, -0.359226
706,-54.5381,-29.04,-67.0516,0.330625, 0.639296, -0.593885, -0.359567
707,-54.6821,-29.1372,-67.2475,0.330484, 0.639446, -0.593595, -0.359909
708,-54.8263,-29.2347,-67.4437,0.330348, 0.639587, -0.593314, -0.360247
709,-54.9707,-29.3322,-67.6402,0.33022, 0.639726, -0.593034, -0.360578
710,-55.1153,-29.4299,-67.837,0.330091, 0.639877, -0.592749, -0.360896
711,-55.2601,-29.5277,-68.0341,0.329975, 0.640045, -0.592453, -0.361191
712,-55.4052,-29.6256,-68.2314,0.329855, 0.640208, -0.592169, -0.361477
713,-55.5504,-29.7237,-68.429,0.329749, 0.640377, -0.591889, -0.361732
714,-55.6958,-29.8219,-68.627,0.329648, 0.640556, -0.591614, -0.361958
715,-55.8414,-29.9203,-68.8252,0.329545, 0.640764, -0.591321, -0.362161
716,-55.9872,-30.0187,-69.0237,0.329457, 0.640982, -0.591028, -0.362333
717,-56.1332,-30.1174,-69.2225,0.329395, 0.641207, -0.590739, -0.362464
718,-56.2794,-30.2161,-69.4215,0.329359, 0.64145, -0.590442, -0.362551
719,-56.4257,-30.315,-69.6209,0.329322, 0.64169, -0.590155, -0.362627
720,-56.5723,-30.4141,-69.8205,0.329284, 0.641935, -0.589871, -0.362689
721,-56.7191,-30.5132,-70.0204,0.329251, 0.642191, -0.589576, -0.362746
722,-56.8661,-30.6125,-70.2206,0.329227, 0.642442, -0.589285, -0.362797
723,-57.0133,-30.712,-70.4211,0.32922, 0.642673, -0.589011, -0.362839
724,-57.1606,-30.8115,-70.6219,0.3292, 0.642889, -0.588753, -0.362893
725,-57.3082,-30.9112,-70.8229,0.329202, 0.64309, -0.588496, -0.362952
726,-57.456,-31.0111,-71.0242,0.329197, 0.643291, -0.58825, -0.362998
727,-57.604,-31.1111,-71.2258,0.329199, 0.643473, -0.58802, -0.363047
728,-57.7522,-31.2112,-71.4277,0.329211, 0.643634, -0.587803, -0.363101
729,-57.9006,-31.3114,-71.6298,0.329223, 0.643791, -0.587602, -0.363138
730,-58.0492,-31.4118,-71.8323,0.329238, 0.643935, -0.587411, -0.363178
731,-58.1981,-31.5123,-72.035,0.329249, 0.644076, -0.587227, -0.363215
732,-58.3471,-31.613,-72.2379,0.329256, 0.644209, -0.587065, -0.363235
733,-58.4964,-31.7138,-72.4412,0.329265, 0.644357, -0.586891, -0.363246
734,-58.6458,-31.8147,-72.6447,0.32929, 0.644505, -0.586722, -0.363234
735,-58.7955,-31.9158,-72.8486,0.329318, 0.64467, -0.586541, -0.363208
736,-58.9454,-32.017,-73.0527,0.329357, 0.644847, -0.58636, -0.363151
737,-59.0954,-32.1184,-73.2571,0.329414, 0.645033, -0.58616, -0.363091
738,-59.2457,-32.2198,-73.4618,0.329471, 0.645235, -0.585955, -0.363011
739,-59.3962,-32.3215,-73.6667,0.329538, 0.645444, -0.585736, -0.362932
740,-59.5469,-32.4232,-73.872,0.329618, 0.645666, -0.585505, -0.362837
741,-59.6978,-32.5251,-74.0775,0.329703, 0.645888, -0.585266, -0.362751
742,-59.8489,-32.6272,-74.2833,0.329774, 0.646113, -0.585034, -0.362661
743,-60.0003,-32.7293,-74.4894,0.329849, 0.646342, -0.584804, -0.362555
744,-60.1518,-32.8316,-74.6958,0.329933, 0.646563, -0.584582, -0.362442
745,-60.3035,-32.9341,-74.9025,0.329991, 0.646782, -0.584358, -0.362361
746,-60.4555,-33.0367,-75.1094,0.330044, 0.646985, -0.584144, -0.362295
747,-60.6077,-33.1394,-75.3167,0.330103, 0.647189, -0.583925, -0.36223
748,-60.7601,-33.2423,-75.5242,0.330152, 0.647384, -0.583707, -0.362188
749,-60.9127,-33.3453,-75.732,0.330176, 0.647568, -0.5835, -0.36217
750,-61.0655,-33.4484,-75.94,0.330177, 0.647736, -0.583312, -0.362171
751,-61.2185,-33.5517,-76.1484,0.330187, 0.647896, -0.583121, -0.362186
752,-61.3717,-33.6551,-76.357,0.330187, 0.648043, -0.582952, -0.362192
753,-61.5252,-33.7587,-76.5658,0.330178, 0.648178, -0.582791, -0.362218
754,-61.6789,-33.8624,-76.775,0.330169, 0.648312, -0.582642, -0.362228
755,-61.8327,-33.9662,-76.9844,0.330137, 0.648434, -0.582517, -0.36224
756,-61.9868,-34.0702,-77.1941,0.330095, 0.648543, -0.582403, -0.362264
757,-62.1411,-34.1743,-77.4041,0.330053, 0.648645, -0.58231, -0.362269
758,-62.2956,-34.2785,-77.6144,0.330003, 0.64874, -0.582228, -0.362278
759,-62.4503,-34.3829,-77.8249,0.32996, 0.648836, -0.582137, -0.362291
760,-62.6052,-34.4875,-78.0357,0.32993, 0.64893, -0.582054, -0.362283
761,-62.7603,-34.5921,-78.2468,0.329886, 0.649014, -0.581986, -0.362283
762,-62.9156,-34.6969,-78.4582,0.32985, 0.64908, -0.581933, -0.362281
763,-63.0711,-34.8019,-78.6698,0.329831, 0.649149, -0.581869, -0.362279
764,-63.2269,-34.907,-78.8817,0.329799, 0.649211, -0.581818, -0.362278
765,-63.3828,-35.0122,-79.0939,0.329784, 0.64926, -0.581772, -0.362277
766,-63.5389,-35.1175,-79.3064,0.329768, 0.649311, -0.581734, -0.362262
767,-63.6953,-35.223,-79.5192,0.329771, 0.649347, -0.581712, -0.362231
768,-63.8518,-35.3287,-79.7322,0.329776, 0.649397, -0.581676, -0.362195
769,-64.0086,-35.4344,-79.9456,0.32979, 0.649432, -0.58166, -0.362143
770,-64.1655,-35.5403,-80.1592,0.329816, 0.649458, -0.581656, -0.362079
771,-64.3227,-35.6464,-80.3731,0.329835, 0.649486, -0.581656, -0.362013
772,-64.4801,-35.7526,-80.5872,0.329859, 0.649502, -0.581668, -0.361943
773,-64.6376,-35.8589,-80.8017,0.329894, 0.649503, -0.581697, -0.361863
774,-64.7954,-35.9653,-81.0164,0.329924, 0.649498, -0.581738, -0.361779
775,-64.9534,-36.0719,-81.2315,0.329946, 0.649481, -0.581797, -0.361694
776,-65.1116,-36.1786,-81.4468,0.329963, 0.649469, -0.581858, -0.361601
777,-65.27,-36.2855,-81.6624,0.329986, 0.649445, -0.581935, -0.3615
778,-65.4286,-36.3925,-81.8782,0.330009, 0.649414, -0.582025, -0.361389
779,-65.5874,-36.4996,-82.0944,0.329999, 0.649376, -0.58213, -0.361296
780,-65.7464,-36.6069,-82.3108,0.329993, 0.649353, -0.582227, -0.361189
781,-65.9056,-36.7143,-82.5276,0.329979, 0.649312, -0.582343, -0.361088
782,-66.0651,-36.8218,-82.7446,0.329954, 0.649258, -0.582467, -0.361006
783,-66.2247,-36.9295,-82.9619,0.329921, 0.649198, -0.582597, -0.360935
784,-66.3846,-37.0373,-83.1795,0.329892, 0.649138, -0.582727, -0.36086
785,-66.5446,-37.1452,-83.3974,0.329869, 0.649076, -0.582852, -0.360791
786,-66.7049,-37.2533,-83.6155,0.329838, 0.64903, -0.58297, -0.360711
787,-66.8653,-37.3615,-83.834,0.329814, 0.648981, -0.583085, -0.360635
788,-67.026,-37.4698,-84.0527,0.329781, 0.648938, -0.583193, -0.360569
789,-67.1869,-37.5783,-84.2717,0.329772, 0.648905, -0.583278, -0.360499
790,-67.348,-37.6869,-84.4911,0.329774, 0.648878, -0.583341, -0.360445
791,-67.5093,-37.7956,-84.7107,0.329757, 0.648876, -0.583375, -0.360408
792,-67.6708,-37.9044,-84.9306,0.329747, 0.648895, -0.583377, -0.36038
793,-67.8325,-38.0134,-85.1508,0.329759, 0.648906, -0.583377, -0.360349
794,-67.9945,-38.1225,-85.3713,0.329762, 0.648937, -0.583351, -0.360332
795,-68.1566,-38.2317,-85.5921,0.329764, 0.648978, -0.583314, -0.360317
796,-68.3189,-38.341,-85.8132,0.329754, 0.649028, -0.583268, -0.360309
797,-68.4815,-38.4505,-86.0346,0.329747, 0.649074, -0.583231, -0.360294
798,-68.6442,-38.5601,-86.2563,0.329733, 0.649126, -0.583187, -0.360285
799,-68.8071,-38.6698,-86.4783,0.329705, 0.649181, -0.583139, -0.360288
800,-68.9703,-38.7796,-86.7006,0.329682, 0.649234, -0.583099, -0.360278
801,-69.1336,-38.8896,-86.9231,0.329642, 0.649297, -0.583059, -0.360267
802,-69.2972,-38.9997,-87.146,0.329601, 0.64936, -0.583032, -0.360234
803,-69.4609,-39.11,-87.3691,0.329555, 0.649439, -0.583002, -0.360181
804,-69.6248,-39.2203,-87.5926,0.329515, 0.649512, -0.582981, -0.360119
805,-69.789,-39.3308,-87.8163,0.329489, 0.64959, -0.582954, -0.360048
806,-69.9533,-39.4414,-88.0403,0.32946, 0.64967, -0.582922, -0.359983
807,-70.1179,-39.5522,-88.2646,0.329437, 0.649777, -0.582861, -0.359908
808,-70.2826,-39.6631,-88.4892,0.329423, 0.649873, -0.582803, -0.359842
809,-70.4476,-39.774,-88.7141,0.329421, 0.649984, -0.582722, -0.359775
810,-70.6127,-39.8852,-88.9393,0.329433, 0.650093, -0.582629, -0.359717
811,-70.7781,-39.9964,-89.1648,0.329452, 0.650212, -0.582525, -0.359653
812,-70.9436,-40.1078,-89.3905,0.329478, 0.650346, -0.582401, -0.359589
813,-71.1094,-40.2193,-89.6166,0.329506, 0.650479, -0.582283, -0.359512
814,-71.2754,-40.3309,-89.8429,0.329542, 0.650622, -0.582161, -0.359417
815,-71.4415,-40.4426,-90.0696,0.329587, 0.650766, -0.582035, -0.35932
816,-71.6079,-40.5545,-90.2965,0.329642, 0.65092, -0.581895, -0.359217
817,-71.7745,-40.6665,-90.5237,0.329704, 0.65107, -0.581755, -0.359115
818,-71.9413,-40.7786,-90.7512,0.329777, 0.651202, -0.581626, -0.359018
819,-72.1082,-40.8909,-90.979,0.329847, 0.651331, -0.581503, -0.358919
820,-72.2754,-41.0033,-91.207,0.32993, 0.651451, -0.58138, -0.358826
821,-72.4428,-41.1158,-91.4354,0.330014, 0.651555, -0.581263, -0.358749
822,-72.6104,-41.2284,-91.664,0.330092, 0.651641, -0.581164, -0.358681
823,-72.7782,-41.3412,-91.893,0.330178, 0.651717, -0.58106, -0.358631
824,-72.9463,-41.4541,-92.1222,0.330257, 0.651788, -0.58096, -0.358592
825,-73.1145,-41.5671,-92.3517,0.330352, 0.651846, -0.580855, -0.358569
826,-73.283,-41.6803,-92.5814,0.330458, 0.651891, -0.580754, -0.358552
827,-73.4516,-41.7936,-92.8115,0.330574, 0.651922, -0.580664, -0.358536
828,-73.6205,-41.907,-93.0418,0.330685, 0.65195, -0.580575, -0.358527
829,-73.7896,-42.0205,-93.2724,0.330798, 0.651967, -0.58051, -0.358496
830,-73.9589,-42.1342,-93.5033,0.330905, 0.651988, -0.580456, -0.358447
831,-74.1284,-42.248,-93.7345,0.331009, 0.651998, -0.580421, -0.35839
832,-74.2981,-42.3619,-93.966,0.331123, 0.651993, -0.580402, -0.358324
833,-74.468,-42.476,-94.1978,0.33122, 0.651986, -0.5804, -0.35825
834,-74.6381,-42.5902,-94.4298,0.331332, 0.651962, -0.580417, -0.358162
835,-74.8084,-42.7045,-94.6622,0.331441, 0.651932, -0.580444, -0.358073
836,-74.979,-42.819,-94.8948,0.331549, 0.651884, -0.580483, -0.357996
837,-75.1497,-42.9336,-95.1277,0.331668, 0.651828, -0.580524, -0.357923
838,-75.3206,-43.0483,-95.3608,0.331818, 0.651747, -0.580566, -0.357863
839,-75.4918,-43.1632,-95.5943,0.331981, 0.651664, -0.580603, -0.357801
840,-75.6632,-43.2782,-95.8281,0.332141, 0.651587, -0.58063, -0.35775
841,-75.8347,-43.3933,-96.0621,0.332329, 0.651514, -0.580635, -0.357701
842,-76.0065,-43.5085,-96.2964,0.332529, 0.651445, -0.580621, -0.357663
843,-76.1785,-43.6238,-96.5311,0.332731, 0.651395, -0.58059, -0.357616
844,-76.3507,-43.7393,-96.766,0.33295, 0.651345, -0.580548, -0.357573
845,-76.523,-43.8549,-97.0012,0.333189, 0.651293, -0.580498, -0.357524
846,-76.6956,-43.9706,-97.2367,0.333426, 0.651243, -0.580438, -0.357493
847,-76.8684,-44.0865,-97.4725,0.333685, 0.651192, -0.580375, -0.357446
848,-77.0414,-44.2025,-97.7086,0.333931, 0.651148, -0.580308, -0.357406
849,-77.2146,-44.3186,-97.9449,0.334183, 0.651102, -0.580243, -0.357359
850,-77.388,-44.4348,-98.1816,0.334446, 0.651052, -0.580186, -0.357297
851,-77.5617,-44.5512,-98.4186,0.334688, 0.650986, -0.580165, -0.357224
852,-77.7355,-44.6677,-98.6558,0.334913, 0.650933, -0.58015, -0.357136
853,-77.9095,-44.7843,-98.8933,0.335157, 0.650882, -0.580139, -0.357016
854,-78.0837,-44.9011,-99.1311,0.335406, 0.650835, -0.580125, -0.356892
855,-78.2582,-45.018,-99.3692,0.335638, 0.650787, -0.580126, -0.356758
856,-78.4328,-45.1351,-99.6076,0.335884, 0.65072, -0.580138, -0.35663
857,-78.6076,-45.2522,-99.8463,0.336142, 0.650649, -0.580159, -0.356483
858,-78.7827,-45.3695,-100.085,0.336393, 0.650578, -0.580184, -0.356334
859,-78.9579,-45.487,-100.325,0.336656, 0.6505, -0.580215, -0.356177
860,-79.1334,-45.6046,-100.564,0.336917, 0.650423, -0.580247, -0.356021
861,-79.3091,-45.7223,-100.804,0.337187, 0.650338, -0.580284, -0.355859
862,-79.4849,-45.8401,-101.044,0.337459, 0.650247, -0.58032, -0.355709
863,-79.661,-45.9581,-101.284,0.337729, 0.650145, -0.580363, -0.35557
864,-79.8373,-46.0762,-101.525,0.337988, 0.650034, -0.580414, -0.355443
865,-80.0138,-46.1944,-101.766,0.338235, 0.649907, -0.580471, -0.355348
866,-80.1905,-46.3128,-102.007,0.338474, 0.649772, -0.580535, -0.355261
867,-80.3674,-46.4313,-102.249,0.338698, 0.649631, -0.580598, -0.355202
868,-80.5446,-46.5499,-102.491,0.338913, 0.649475, -0.580675, -0.355157
869,-80.7219,-46.6686,-102.733,0.339122, 0.649319, -0.580761, -0.355101
870,-80.8995,-46.7875,-102.975,0.339328, 0.649168, -0.580853, -0.355032
871,-81.0772,-46.9066,-103.218,0.339554, 0.649008, -0.580936, -0.354973
872,-81.2552,-47.0257,-103.461,0.339775, 0.64886, -0.581017, -0.3549
873,-81.4334,-47.145,-103.704,0.340011, 0.648722, -0.581079, -0.354824
874,-81.6118,-47.2644,-103.948,0.340272, 0.648579, -0.581152, -0.354715
875,-81.7903,-47.384,-104.192,0.340552, 0.648443, -0.581206, -0.354607
876,-81.9691,-47.5037,-104.436,0.340842, 0.64832, -0.581247, -0.354484
877,-82.1481,-47.6235,-104.68,0.341145, 0.648211, -0.581282, -0.354335
878,-82.3274,-47.7435,-104.925,0.341452, 0.648113, -0.581311, -0.354172
879,-82.5068,-47.8636,-105.17,0.341772, 0.648034, -0.581321, -0.353991
880,-82.6864,-47.9838,-105.415,0.342097, 0.647958, -0.581336, -0.353792
881,-82.8662,-48.1042,-105.661,0.342414, 0.647885, -0.581358, -0.353582
882,-83.0463,-48.2247,-105.907,0.342714, 0.647815, -0.58139, -0.353367
883,-83.2265,-48.3453,-106.153,0.343011, 0.647727, -0.581444, -0.353151
884,-83.407,-48.4661,-106.399,0.343288, 0.647641, -0.581501, -0.352946
885,-83.5876,-48.587,-106.646,0.343533, 0.647519, -0.581597, -0.352774
886,-83.7685,-48.7081,-106.893,0.343775, 0.64739, -0.581709, -0.352591
887,-83.9496,-48.8293,-107.14,0.344001, 0.647216, -0.581869, -0.352426
888,-84.1309,-48.9506,-107.388,0.344213, 0.647031, -0.582047, -0.352264
889,-84.3124,-49.0721,-107.636,0.344412, 0.646832, -0.582242, -0.352111
890,-84.4941,-49.1937,-107.884,0.344622, 0.646628, -0.582436, -0.351961
891,-84.676,-49.3154,-108.132,0.34483, 0.646442, -0.582613, -0.351805
892,-84.8582,-49.4373,-108.381,0.345042, 0.646253, -0.582777, -0.351674
893,-85.0405,-49.5593,-108.63,0.345244, 0.646067, -0.582944, -0.351539
894,-85.2231,-49.6814,-108.879,0.345468, 0.645912, -0.583064, -0.351404
895,-85.4058,-49.8037,-109.129,0.345694, 0.645765, -0.583165, -0.351286
896,-85.5888,-49.926,-109.379,0.345941, 0.645642, -0.58324, -0.351144
897,-85.7719,-50.0486,-109.629,0.346178, 0.645536, -0.583294, -0.351016
898,-85.9553,-50.1712,-109.879,0.346436, 0.645444, -0.583335, -0.350863
899,-86.1389,-50.294,-110.13,0.346678, 0.645369, -0.583343, -0.350749
900,-86.3226,-50.4169,-110.381,0.346913, 0.645293, -0.583346, -0.35065
901,-86.5066,-50.5399,-110.632,0.347162, 0.645202, -0.583355, -0.350558
902,-86.6908,-50.6631,-110.884,0.347381, 0.645112, -0.583371, -0.35048
903,-86.8752,-50.7864,-111.136,0.347586, 0.645003, -0.583401, -0.350425
904,-87.0599,-50.9098,-111.388,0.347784, 0.644881, -0.583447, -0.350378
905,-87.2447,-51.0334,-111.64,0.347974, 0.644738, -0.583514, -0.350341
906,-87.4297,-51.1571,-111.893,0.348158, 0.644577, -0.583591, -0.350324
907,-87.615,-51.281,-112.146,0.34835, 0.644385, -0.58369, -0.350323
908,-87.8004,-51.405,-112.399,0.348525, 0.644163, -0.583824, -0.350334
909,-87.9861,-51.5291,-112.652,0.348663, 0.64393, -0.583979, -0.350366
910,-88.172,-51.6534,-112.906,0.348815, 0.643669, -0.58416, -0.350392
911,-88.3581,-51.7778,-113.16,0.348958, 0.64339, -0.584354, -0.35044
912,-88.5444,-51.9024,-113.414,0.34907, 0.643109, -0.584567, -0.350488
913,-88.7309,-52.0271,-113.669,0.349194, 0.642817, -0.58479, -0.350528
914,-88.9177,-52.1519,-113.924,0.349321, 0.642523, -0.585022, -0.350554
915,-89.1046,-52.2769,-114.179,0.349439, 0.64223, -0.585257, -0.350583
916,-89.2918,-52.4021,-114.434,0.349582, 0.641939, -0.585495, -0.350575
917,-89.4791,-52.5273,-114.69,0.349716, 0.641666, -0.585735, -0.35054
918,-89.6667,-52.6528,-114.946,0.349858, 0.641401, -0.585966, -0.350497
919,-89.8545,-52.7783,-115.202,0.349967, 0.641162, -0.586197, -0.350438
920,-90.0424,-52.904,-115.459,0.35009, 0.640939, -0.586421, -0.350349
921,-90.2306,-53.0299,-115.715,0.350218, 0.640738, -0.586632, -0.350236
922,-90.419,-53.1559,-115.973,0.350338, 0.640561, -0.586825, -0.350116
923,-90.6076,-53.282,-116.23,0.350447, 0.640382, -0.58703, -0.34999
924,-90.7963,-53.4083,-116.488,0.350568, 0.640208, -0.587229, -0.349855
925,-90.9853,-53.5347,-116.746,0.350691, 0.64004, -0.587425, -0.349708
926,-91.1745,-53.6613,-117.004,0.35079, 0.63988, -0.587612, -0.349588
927,-91.3639,-53.788,-117.262,0.350892, 0.639725, -0.587793, -0.349466
928,-91.5535,-53.9148,-117.521,0.350993, 0.639564, -0.58798, -0.349344
929,-91.7433,-54.0418,-117.78,0.351087, 0.639403, -0.588169, -0.349227
930,-91.9333,-54.1689,-118.04,0.351171, 0.639234, -0.588366, -0.349118
931,-92.1235,-54.2962,-118.3,0.351254, 0.639066, -0.588571, -0.348998
932,-92.3139,-54.4236,-118.56,0.351342, 0.638906, -0.588772, -0.348863
933,-92.5045,-54.5511,-118.82,0.351422, 0.638728, -0.588986, -0.348747
934,-92.6954,-54.6788,-119.08,0.351515, 0.638542, -0.589213, -0.34861
935,-92.8864,-54.8066,-119.341,0.351581, 0.638367, -0.589445, -0.348473
936,-93.0776,-54.9346,-119.602,0.351649, 0.638195, -0.589673, -0.348331
937,-93.269,-55.0627,-119.864,0.35173, 0.638025, -0.589901, -0.348176
938,-93.4607,-55.191,-120.125,0.351798, 0.637862, -0.590133, -0.348015
939,-93.6525,-55.3194,-120.387,0.351881, 0.637716, -0.590353, -0.347824
940,-93.8445,-55.4479,-120.649,0.351968, 0.637575, -0.590575, -0.347617
941,-94.0367,-55.5766,-120.912,0.352069, 0.637451, -0.59078, -0.347394
942,-94.2292,-55.7054,-121.175,0.35217, 0.637337, -0.590973, -0.347172
943,-94.4218,-55.8344,-121.438,0.352276, 0.637251, -0.591149, -0.346924
944,-94.6146,-55.9635,-121.701,0.352395, 0.637171, -0.591319, -0.346659
945,-94.8076,-56.0927,-121.965,0.35251, 0.637104, -0.591478, -0.346394
946,-95.0008,-56.2221,-122.229,0.352632, 0.637046, -0.59163, -0.346118
947,-95.1943,-56.3516,-122.493,0.352767, 0.636988, -0.591785, -0.345822
948,-95.3879,-56.4813,-122.757,0.352901, 0.636925, -0.591947, -0.345523
949,-95.5817,-56.6111,-123.022,0.35302, 0.636874, -0.592103, -0.345229
950,-95.7757,-56.7411,-123.287,0.353149, 0.636824, -0.592249, -0.344937
951,-95.9699,-56.8711,-123.553,0.353283, 0.636773, -0.592396, -0.344643
952,-96.1644,-57.0014,-123.818,0.353417, 0.636723, -0.592538, -0.344354
953,-96.359,-57.1317,-124.084,0.353563, 0.63664, -0.592707, -0.344066
954,-96.5538,-57.2622,-124.35,0.353701, 0.636553, -0.592878, -0.34379
955,-96.7489,-57.3929,-124.617,0.353848, 0.636447, -0.593067, -0.34351
956,-96.9441,-57.5237,-124.883,0.353985, 0.636342, -0.593243, -0.34326
957,-97.1396,-57.6546,-125.15,0.354127, 0.636231, -0.593423, -0.343005
958,-97.3352,-57.7857,-125.418,0.35429, 0.636122, -0.593593, -0.342746
959,-97.5311,-57.9169,-125.685,0.354448, 0.636024, -0.593752, -0.342489
960,-97.7271,-58.0483,-125.953,0.354616, 0.635945, -0.593888, -0.342226
961,-97.9234,-58.1798,-126.221,0.354796, 0.635884, -0.593997, -0.341963
962,-98.1199,-58.3114,-126.49,0.354984, 0.635843, -0.594086, -0.341688
963,-98.3165,-58.4432,-126.758,0.355191, 0.635812, -0.594157, -0.341409
964,-98.5134,-58.5751,-127.027,0.355416, 0.635792, -0.594209, -0.34112
965,-98.7105,-58.7071,-127.297,0.355649, 0.635774, -0.594252, -0.340836
966,-98.9077,-58.8393,-127.566,0.355887, 0.635771, -0.594283, -0.340539
967,-99.1052,-58.9716,-127.836,0.356125, 0.635762, -0.594326, -0.340233
968,-99.3028,-59.1041,-128.106,0.356347, 0.635759, -0.594373, -0.339924
969,-99.5007,-59.2367,-128.376,0.356557, 0.635739, -0.594447, -0.339612
970,-99.6987,-59.3695,-128.647,0.356771, 0.635718, -0.594524, -0.33929
971,-99.8969,-59.5024,-128.918,0.35695, 0.635689, -0.594631, -0.338971
972,-100.095,-59.6354,-129.189,0.357122, 0.635651, -0.59475, -0.33865
973,-100.294,-59.7686,-129.46,0.357302, 0.63559, -0.594896, -0.338319
974,-100.493,-59.9019,-129.732,0.357458, 0.63552, -0.595058, -0.337999
975,-100.692,-60.0354,-130.004,0.357626, 0.635443, -0.595226, -0.337672
976,-100.891,-60.1691,-130.276,0.357783, 0.635355, -0.595402, -0.337361
977,-101.09,-60.3028,-130.549,0.357934, 0.635254, -0.595594, -0.337051
978,-101.29,-60.4368,-130.821,0.35807, 0.635161, -0.595785, -0.336745
979,-101.49,-60.5708,-131.094,0.358232, 0.635055, -0.595978, -0.33643
980,-101.69,-60.705,-131.368,0.358382, 0.63496, -0.59616, -0.336126
981,-101.89,-60.8394,-131.641,0.358543, 0.634852, -0.596358, -0.335809
982,-102.09,-60.9739,-131.915,0.358711, 0.634749, -0.596551, -0.33548
983,-102.291,-61.1085,-132.189,0.358885, 0.634647, -0.596741, -0.335149
984,-102.492,-61.2433,-132.463,0.359084, 0.634541, -0.596942, -0.33478
985,-102.693,-61.3783,-132.738,0.359293, 0.634432, -0.597145, -0.334399
986,-102.894,-61.5134,-133.013,0.359504, 0.634331, -0.59734, -0.334013
987,-103.095,-61.6486,-133.288,0.35974, 0.634228, -0.597531, -0.333614
988,-103.297,-61.784,-133.564,0.359987, 0.634131, -0.59772, -0.333194
989,-103.499,-61.9195,-133.839,0.360246, 0.634039, -0.597904, -0.33276
990,-103.7,-62.0551,-134.115,0.360507, 0.633958, -0.598077, -0.332319
991,-103.903,-62.1909,-134.392,0.36078, 0.63388, -0.59825, -0.331859
992,-104.105,-62.3269,-134.668,0.361063, 0.633801, -0.59842, -0.331396
993,-104.307,-62.463,-134.945,0.361359, 0.633719, -0.598593, -0.330918
994,-104.51,-62.5992,-135.222,0.361663, 0.633646, -0.598765, -0.330413
995,-104.713,-62.7356,-135.5,0.361964, 0.633568, -0.598942, -0.329912
996,-104.916,-62.8722,-135.777,0.362283, 0.633504, -0.59911, -0.32938
997,-105.119,-63.0088,-136.055,0.362595, 0.63345, -0.599265, -0.328859
998,-105.323,-63.1456,-136.333,0.362909, 0.633395, -0.599413, -0.328346
999,-105.527,-63.2826,-136.612,0.363229, 0.633346, -0.599551, -0.327835
1000,-105.731,-63.4197,-136.891,0.363551, 0.633291, -0.599698, -0.327315
1001,-105.935,-63.557,-137.17,0.363889, 0.633245, -0.599834, -0.32678
1002,-106.139,-63.6944,-137.449,0.364223, 0.633223, -0.599945, -0.326246
1003,-106.344,-63.8319,-137.729,0.36455, 0.633202, -0.600056, -0.325717
1004,-106.548,-63.9696,-138.009,0.364878, 0.633197, -0.600152, -0.325182
1005,-106.753,-64.1074,-138.289,0.365193, 0.633191, -0.600251, -0.324656
1006,-106.958,-64.2454,-138.57,0.365505, 0.633187, -0.600349, -0.324131
1007,-107.164,-64.3835,-138.85,0.365795, 0.633191, -0.600434, -0.323639
1008,-107.369,-64.5218,-139.131,0.366061, 0.63319, -0.600523, -0.323175
1009,-107.575,-64.6602,-139.413,0.366325, 0.633176, -0.600612, -0.322737
1010,-107.781,-64.7987,-139.694,0.366578, 0.633161, -0.600688, -0.322338
1011,-107.987,-64.9374,-139.976,0.366821, 0.633155, -0.600749, -0.321959
1012,-108.193,-65.0762,-140.258,0.367053, 0.63315, -0.600794, -0.321621
1013,-108.4,-65.2151,-140.541,0.367284, 0.633142, -0.600832, -0.321303
1014,-108.606,-65.3542,-140.824,0.367502, 0.633138, -0.600858, -0.321011
1015,-108.813,-65.4934,-141.107,0.367717, 0.633137, -0.60088, -0.320726
1016,-109.021,-65.6328,-141.39,0.367929, 0.633158, -0.600884, -0.320434
1017,-109.228,-65.7723,-141.673,0.368137, 0.633194, -0.600875, -0.320139
1018,-109.435,-65.9119,-141.957,0.36835, 0.633246, -0.600847, -0.319844
1019,-109.643,-66.0517,-142.241,0.368582, 0.633316, -0.60079, -0.319546
1020,-109.851,-66.1916,-142.526,0.368809, 0.633394, -0.600724, -0.319254
1021,-110.059,-66.3316,-142.81,0.369046, 0.633463, -0.600652, -0.318978
1022,-110.268,-66.4718,-143.095,0.369297, 0.633532, -0.600574, -0.318698
1023,-110.476,-66.6122,-143.381,0.369548, 0.633612, -0.600484, -0.318416
1024,-110.685,-66.7526,-143.666,0.369784, 0.633706, -0.600375, -0.31816
1025,-110.894,-66.8932,-143.952,0.370026, 0.633788, -0.600276, -0.317903
1026,-111.103,-67.034,-144.238,0.370254, 0.633873, -0.600171, -0.317667
1027,-111.312,-67.1749,-144.524,0.37047, 0.633947, -0.600073, -0.317452
1028,-111.522,-67.3159,-144.811,0.370673, 0.634011, -0.599982, -0.31726
1029,-111.731,-67.4571,-145.098,0.370877, 0.634063, -0.599886, -0.317098
1030,-111.941,-67.5984,-145.385,0.37108, 0.634123, -0.599781, -0.31694
1031,-112.151,-67.7398,-145.672,0.371252, 0.634184, -0.599676, -0.316814
1032,-112.362,-67.8815,-145.96,0.371422, 0.634248, -0.59956, -0.316706
1033,-112.572,-68.0232,-146.248,0.371579, 0.634305, -0.599443, -0.316629
1034,-112.783,-68.1651,-146.536,0.371722, 0.634363, -0.599331, -0.316557
1035,-112.994,-68.3071,-146.825,0.371856, 0.634403, -0.59923, -0.31651
1036,-113.205,-68.4493,-147.114,0.371974, 0.634456, -0.599132, -0.316452
1037,-113.416,-68.5916,-147.403,0.372089, 0.6345, -0.599039, -0.316405
1038,-113.628,-68.7341,-147.692,0.37218, 0.634555, -0.598956, -0.316343
1039,-113.839,-68.8768,-147.982,0.37226, 0.63459, -0.598893, -0.3163
1040,-114.051,-69.0196,-148.272,0.372351, 0.63462, -0.598828, -0.316254
1041,-114.263,-69.1625,-148.562,0.372436, 0.634641, -0.59878, -0.316203
1042,-114.476,-69.3056,-148.852,0.372511, 0.634666, -0.598735, -0.316151
1043,-114.688,-69.4488,-149.143,0.372572, 0.634676, -0.5987, -0.316124
1044,-114.901,-69.5922,-149.434,0.372625, 0.634693, -0.598665, -0.316093
1045,-115.114,-69.7357,-149.725,0.372688, 0.634706, -0.598632, -0.316057
1046,-115.327,-69.8794,-150.017,0.372755, 0.634718, -0.598602, -0.316009
1047,-115.54,-70.0233,-150.309,0.37283, 0.634712, -0.598591, -0.315953
1048,-115.753,-70.1673,-150.601,0.372892, 0.634732, -0.598555, -0.31591
1049,-115.967,-70.3114,-150.893,0.372963, 0.634746, -0.598524, -0.315856
1050,-116.181,-70.4557,-151.186,0.373028, 0.634766, -0.598497, -0.31579
1051,-116.395,-70.6001,-151.479,0.3731, 0.634783, -0.59847, -0.315721
1052,-116.609,-70.7447,-151.772,0.37317, 0.63479, -0.598444, -0.315675
1053,-116.824,-70.8894,-152.066,0.373241, 0.6348, -0.598416, -0.315623
1054,-117.038,-71.0343,-152.36,0.373308, 0.634802, -0.598386, -0.315598
1055,-117.253,-71.1793,-152.654,0.37337, 0.634799, -0.598359, -0.315582
1056,-117.468,-71.3245,-152.948,0.373437, 0.634775, -0.598343, -0.31558
1057,-117.683,-71.4698,-153.243,0.373499, 0.634739, -0.598328, -0.315607
1058,-117.899,-71.6153,-153.538,0.37355, 0.634676, -0.598337, -0.315659
1059,-118.114,-71.7609,-153.833,0.373591, 0.634608, -0.598357, -0.315708
1060,-118.33,-71.9066,-154.129,0.373619, 0.634538, -0.598376, -0.31578
1061,-118.546,-72.0525,-154.424,0.373646, 0.634474, -0.598387, -0.315857
1062,-118.762,-72.1985,-154.72,0.373664, 0.6344, -0.598414, -0.31593
1063,-118.979,-72.3447,-155.017,0.373698, 0.634318, -0.598446, -0.315995
1064,-119.195,-72.4911,-155.313,0.37372, 0.634241, -0.598477, -0.316064
1065,-119.412,-72.6375,-155.61,0.373732, 0.634177, -0.598499, -0.316138
1066,-119.629,-72.7841,-155.908,0.373741, 0.63413, -0.598506, -0.316207
1067,-119.846,-72.9309,-156.205,0.373757, 0.634107, -0.598497, -0.316252
1068,-120.063,-73.0778,-156.503,0.373783, 0.634102, -0.598469, -0.316284
1069,-120.281,-73.2249,-156.801,0.373809, 0.634122, -0.598425, -0.316297
1070,-120.499,-73.3721,-157.1,0.373835, 0.634171, -0.598366, -0.316281
1071,-120.717,-73.5194,-157.398,0.37388, 0.634253, -0.598277, -0.31623
1072,-120.935,-73.6669,-157.697,0.373923, 0.634372, -0.598164, -0.316155
1073,-121.153,-73.8146,-157.997,0.373986, 0.634509, -0.598035, -0.316048
1074,-121.371,-73.9624,-158.296,0.374034, 0.634663, -0.5979, -0.315939
1075,-121.59,-74.1103,-158.596,0.374068, 0.634839, -0.597763, -0.315804
1076,-121.809,-74.2584,-158.896,0.374111, 0.635012, -0.597623, -0.31567
1077,-122.028,-74.4067,-159.197,0.374139, 0.635181, -0.597498, -0.315534
1078,-122.247,-74.5551,-159.498,0.374163, 0.635353, -0.597378, -0.315385
1079,-122.467,-74.7036,-159.799,0.374171, 0.635516, -0.597274, -0.315244
1080,-122.686,-74.8523,-160.1,0.374172, 0.635669, -0.597189, -0.315096
1081,-122.906,-75.0012,-160.402,0.37416, 0.63581, -0.597126, -0.314946
1082,-123.126,-75.1502,-160.704,0.374144, 0.63595, -0.597072, -0.314782
1083,-123.346,-75.2993,-161.006,0.37411, 0.636077, -0.597039, -0.314631
1084,-123.567,-75.4486,-161.309,0.374063, 0.636186, -0.597032, -0.31448
1085,-123.787,-75.5981,-161.612,0.374009, 0.636294, -0.597037, -0.314314
1086,-124.008,-75.7477,-161.915,0.373956, 0.636398, -0.597046, -0.314152
1087,-124.229,-75.8974,-162.218,0.373903, 0.636496, -0.597057, -0.313994
1088,-124.45,-76.0473,-162.522,0.373838, 0.636575, -0.597085, -0.313858
1089,-124.672,-76.1974,-162.826,0.373782, 0.636655, -0.597119, -0.313696
1090,-124.893,-76.3476,-163.13,0.373724, 0.636737, -0.597147, -0.313548
1091,-125.115,-76.4979,-163.434,0.373668, 0.636821, -0.597177, -0.313386
1092,-125.337,-76.6484,-163.739,0.373616, 0.636904, -0.597206, -0.313224
1093,-125.559,-76.799,-164.044,0.373573, 0.636991, -0.597214, -0.313082
1094,-125.782,-76.9498,-164.35,0.373543, 0.637079, -0.59722, -0.31293
1095,-126.004,-77.1007,-164.655,0.373537, 0.637161, -0.597209, -0.31279
1096,-126.227,-77.2517,-164.961,0.373519, 0.63724, -0.597194, -0.312679
1097,-126.45,-77.4029,-165.268,0.373515, 0.637317, -0.597178, -0.312559
1098,-126.673,-77.5542,-165.574,0.373513, 0.6374, -0.597142, -0.312458
1099,-126.897,-77.7057,-165.881,0.373502, 0.6375, -0.597094, -0.31236
1100,-127.12,-77.8573,-166.188,0.373488, 0.637605, -0.597034, -0.312277
1101,-127.344,-78.009,-166.496,0.373496, 0.637699, -0.596972, -0.312195
1102,-127.568,-78.1609,-166.803,0.373483, 0.637813, -0.59689, -0.312134
1103,-127.792,-78.3129,-167.111,0.373456, 0.637931, -0.596804, -0.312091
1104,-128.017,-78.4651,-167.42,0.373434, 0.638037, -0.596723, -0.312053
1105,-128.241,-78.6174,-167.728,0.373402, 0.638134, -0.59665, -0.312032
1106,-128.466,-78.7699,-168.037,0.373337, 0.638232, -0.59659, -0.312024
1107,-128.691,-78.9225,-168.346,0.373259, 0.638327, -0.59653, -0.312038
1108,-128.916,-79.0752,-168.656,0.373151, 0.63842, -0.596489, -0.312056
1109,-129.141,-79.2281,-168.966,0.373028, 0.638501, -0.596465, -0.312084
1110,-129.367,-79.3811,-169.276,0.372891, 0.638573, -0.596446, -0.312137
1111,-129.593,-79.5343,-169.586,0.372723, 0.638651, -0.596436, -0.312196
1112,-129.819,-79.6877,-169.896,0.372538, 0.638728, -0.59643, -0.312271
1113,-130.045,-79.8411,-170.207,0.372337, 0.63881, -0.596423, -0.312357
1114,-130.271,-79.9948,-170.518,0.372133, 0.638895, -0.596406, -0.312459
1115,-130.498,-80.1485,-170.83,0.371925, 0.638982, -0.596379, -0.31258
1116,-130.725,-80.3025,-171.142,0.371714, 0.639066, -0.596364, -0.312686
1117,-130.952,-80.4565,-171.454,0.371488, 0.639165, -0.596345, -0.312789
1118,-131.179,-80.6107,-171.766,0.371241, 0.639273, -0.596322, -0.312905
1119,-131.406,-80.7651,-172.078,0.370998, 0.639374, -0.596303, -0.313024
1120,-131.634,-80.9196,-172.391,0.370754, 0.639469, -0.596283, -0.313158
1121,-131.862,-81.0742,-172.704,0.370513, 0.639562, -0.596261, -0.313296
1122,-132.09,-81.229,-173.018,0.370252, 0.639662, -0.596236, -0.313447
1123,-132.318,-81.3839,-173.331,0.36996, 0.63976, -0.596214, -0.313634
1124,-132.546,-81.5389,-173.645,0.369685, 0.639843, -0.596197, -0.313821
1125,-132.775,-81.6941,-173.96,0.369389, 0.639934, -0.59617, -0.314034
1126,-133.004,-81.8495,-174.274,0.369098, 0.640012, -0.596149, -0.314257
1127,-133.233,-82.005,-174.589,0.368808, 0.640099, -0.596117, -0.314483
1128,-133.462,-82.1606,-174.904,0.368519, 0.640184, -0.596088, -0.314702
1129,-133.691,-82.3164,-175.22,0.368234, 0.640274, -0.596054, -0.314917
1130,-133.921,-82.4723,-175.535,0.367938, 0.640373, -0.596012, -0.315141
1131,-134.151,-82.6283,-175.851,0.367637, 0.640498, -0.595946, -0.315363
1132,-134.381,-82.7845,-176.168,0.367339, 0.640624, -0.595876, -0.315586
1133,-134.611,-82.9409,-176.484,0.367029, 0.640767, -0.595807, -0.315788
1134,-134.841,-83.0974,-176.801,0.36672, 0.640922, -0.595729, -0.315979
1135,-135.072,-83.254,-177.118,0.3664, 0.641089, -0.595652, -0.316156
1136,-135.303,-83.4107,-177.435,0.36607, 0.641285, -0.595558, -0.316319
1137,-135.534,-83.5677,-177.753,0.365755, 0.641475, -0.595459, -0.316483
1138,-135.765,-83.7247,-178.071,0.365437, 0.641676, -0.595353, -0.316641
1139,-135.996,-83.8819,-178.389,0.365124, 0.64187, -0.595243, -0.316817
1140,-136.228,-84.0392,-178.708,0.364799, 0.642074, -0.595119, -0.31701
1141,-136.459,-84.1967,-179.027,0.364457, 0.642259, -0.595009, -0.317235
1142,-136.691,-84.3543,-179.346,0.364117, 0.642437, -0.5949, -0.317471
1143,-136.924,-84.512,-179.665,0.363768, 0.642608, -0.594792, -0.317727
1144,-137.156,-84.6699,-179.985,0.363416, 0.642766, -0.594686, -0.318008
1145,-137.389,-84.8279,-180.305,0.363051, 0.642927, -0.594585, -0.318288
1146,-137.621,-84.9861,-180.625,0.362687, 0.643081, -0.594488, -0.318573
1147,-137.854,-85.1444,-180.946,0.362319, 0.64323, -0.594396, -0.318864
1148,-138.088,-85.3028,-181.266,0.361959, 0.643368, -0.594306, -0.319161
1149,-138.321,-85.4614,-181.587,0.361585, 0.643506, -0.594214, -0.319476
1150,-138.555,-85.6201,-181.909,0.361207, 0.643646, -0.594113, -0.31981
1151,-138.788,-85.779,-182.23,0.360823, 0.643784, -0.594008, -0.320162
1152,-139.022,-85.938,-182.552,0.36044, 0.64392, -0.593897, -0.320526
1153,-139.257,-86.0971,-182.874,0.360071, 0.644052, -0.593784, -0.320884
1154,-139.491,-86.2564,-183.197,0.359711, 0.644178, -0.593665, -0.321255
1155,-139.726,-86.4158,-183.52,0.359338, 0.644313, -0.593531, -0.321649
1156,-139.961,-86.5753,-183.843,0.358977, 0.644455, -0.593382, -0.322041
1157,-140.196,-86.735,-184.166,0.358646, 0.644584, -0.593237, -0.32242
1158,-140.431,-86.8948,-184.489,0.358303, 0.644726, -0.593068, -0.322828
1159,-140.666,-87.0547,-184.813,0.357963, 0.644869, -0.592894, -0.323239
1160,-140.902,-87.2148,-185.137,0.357626, 0.645011, -0.592709, -0.323668
1161,-141.138,-87.375,-185.462,0.357309, 0.645141, -0.592525, -0.324096
1162,-141.374,-87.5353,-185.786,0.356989, 0.645273, -0.592354, -0.324497
1163,-141.61,-87.6958,-186.111,0.356664, 0.645407, -0.592174, -0.324915
1164,-141.847,-87.8564,-186.437,0.356328, 0.645538, -0.591996, -0.32535
1165,-142.083,-88.0171,-186.762,0.356006, 0.645678, -0.591803, -0.325774
1166,-142.32,-88.178,-187.088,0.355682, 0.645812, -0.591611, -0.326212
1167,-142.557,-88.339,-187.414,0.355343, 0.645953, -0.591411, -0.326663
1168,-142.795,-88.5002,-187.74,0.355013, 0.646103, -0.591199, -0.32711
1169,-143.032,-88.6614,-188.067,0.354682, 0.646272, -0.590975, -0.327538
1170,-143.27,-88.8229,-188.394,0.354367, 0.646442, -0.590751, -0.327949
1171,-143.508,-88.9844,-188.721,0.35404, 0.6466, -0.590546, -0.328361
1172,-143.746,-89.1461,-189.049,0.353717, 0.646775, -0.59032, -0.328769
1173,-143.984,-89.308,-189.377,0.353386, 0.646957, -0.5901, -0.329161
1174,-144.223,-89.4699,-189.705,0.353062, 0.647152, -0.589873, -0.329533
1175,-144.461,-89.632,-190.033,0.352741, 0.64735, -0.589637, -0.32991
1176,-144.7,-89.7943,-190.361,0.352421, 0.647539, -0.589409, -0.330288
1177,-144.939,-89.9567,-190.69,0.352123, 0.647724, -0.589178, -0.330653
1178,-145.179,-90.1192,-191.02,0.35182, 0.647917, -0.588943, -0.331018
1179,-145.418,-90.2819,-191.349,0.35154, 0.648106, -0.588699, -0.331379
1180,-145.658,-90.4447,-191.679,0.351255, 0.64829, -0.588458, -0.331749
1181,-145.898,-90.6076,-192.009,0.350963, 0.64848, -0.588216, -0.332116
1182,-146.138,-90.7707,-192.339,0.350689, 0.648654, -0.587982, -0.332479
1183,-146.378,-90.9339,-192.67,0.350427, 0.648823, -0.587752, -0.332833
1184,-146.619,-91.0972,-193.001,0.350158, 0.648992, -0.587529, -0.333179
1185,-146.86,-91.2607,-193.332,0.349882, 0.649156, -0.58731, -0.333534
1186,-147.101,-91.4243,-193.663,0.349601, 0.649303, -0.587126, -0.333867
1187,-147.342,-91.5881,-193.995,0.349341, 0.649452, -0.586937, -0.334182
1188,-147.583,-91.752,-194.327,0.349073, 0.649598, -0.586763, -0.334484
1189,-147.825,-91.916,-194.659,0.348828, 0.649715, -0.586604, -0.334791
1190,-148.067,-92.0801,-194.992,0.348572, 0.64982, -0.586465, -0.335097
1191,-148.309,-92.2444,-195.324,0.348335, 0.649918, -0.586329, -0.335393
1192,-148.551,-92.4089,-195.657,0.348093, 0.65, -0.58621, -0.335692
1193,-148.793,-92.5734,-195.991,0.347842, 0.650082, -0.586088, -0.336007
1194,-149.036,-92.7381,-196.324,0.347599, 0.650164, -0.585967, -0.33631
1195,-149.279,-92.9029,-196.658,0.347367, 0.650242, -0.585843, -0.336615
1196,-149.522,-93.0679,-196.992,0.347134, 0.650328, -0.585714, -0.336914
1197,-149.765,-93.2329,-197.327,0.346908, 0.650414, -0.585585, -0.337204
1198,-150.008,-93.3981,-197.662,0.34667, 0.65053, -0.585432, -0.33749
1199,-150.252,-93.5635,-197.997,0.346451, 0.650648, -0.585272, -0.337766
1200,-150.496,-93.7289,-198.332,0.346244, 0.650791, -0.585086, -0.338024
1201,-150.74,-93.8945,-198.668,0.346048, 0.65094, -0.584889, -0.33828
1202,-150.984,-94.0602,-199.003,0.345851, 0.651101, -0.584679, -0.338535
1203,-151.228,-94.226,-199.34,0.345675, 0.65128, -0.58446, -0.338748
1204,-151.473,-94.392,-199.676,0.345485, 0.651481, -0.584215, -0.338976
1205,-151.718,-94.5581,-200.013,0.345306, 0.651683, -0.583973, -0.339188
1206,-151.963,-94.7243,-200.35,0.345148, 0.651884, -0.583726, -0.339387
1207,-152.208,-94.8906,-200.687,0.344992, 0.652105, -0.583458, -0.339581
1208,-152.454,-95.0571,-201.025,0.34482, 0.652331, -0.583189, -0.339784
1209,-152.699,-95.2237,-201.363,0.344676, 0.652551, -0.582924, -0.339963
1210,-152.945,-95.3904,-201.701,0.34452, 0.652789, -0.582651, -0.340133
1211,-153.191,-95.5573,-202.039,0.344359, 0.653021, -0.582388, -0.340301
1212,-153.437,-95.7243,-202.378,0.344219, 0.653241, -0.582131, -0.340461
1213,-153.684,-95.8914,-202.717,0.344076, 0.653468, -0.581865, -0.340624
1214,-153.931,-96.0587,-203.056,0.343941, 0.6537, -0.5816, -0.340768
1215,-154.178,-96.2261,-203.396,0.34382, 0.653933, -0.58133, -0.340902
1216,-154.425,-96.3936,-203.736,0.3437, 0.654167, -0.581068, -0.341022
1217,-154.672,-96.5613,-204.076,0.343591, 0.654402, -0.580806, -0.341128
1218,-154.92,-96.7291,-204.416,0.343484, 0.65463, -0.580562, -0.341212
1219,-155.167,-96.897,-204.757,0.343385, 0.654845, -0.580332, -0.341291
1220,-155.415,-97.065,-205.098,0.34328, 0.655068, -0.580112, -0.341344
1221,-155.664,-97.2332,-205.439,0.343183, 0.655278, -0.579914, -0.341373
1222,-155.912,-97.4016,-205.781,0.34308, 0.655493, -0.579718, -0.341398
1223,-156.161,-97.57,-206.122,0.342977, 0.655695, -0.579544, -0.341408
1224,-156.41,-97.7386,-206.464,0.342874, 0.655913, -0.579364, -0.3414
1225,-156.659,-97.9073,-206.807,0.342778, 0.656127, -0.579183, -0.341391
1226,-156.908,-98.0762,-207.149,0.342707, 0.656337, -0.578998, -0.341372
1227,-157.157,-98.2452,-207.492,0.342651, 0.656527, -0.578829, -0.341351
1228,-157.407,-98.4143,-207.836,0.342597, 0.656716, -0.578649, -0.341345
1229,-157.657,-98.5836,-208.179,0.342565, 0.656921, -0.578448, -0.341324
1230,-157.907,-98.7529,-208.523,0.34255, 0.657123, -0.578244, -0.341297
1231,-158.157,-98.9224,-208.867,0.342528, 0.657344, -0.578013, -0.341284
1232,-158.408,-99.0921,-209.211,0.342505, 0.65757, -0.577779, -0.341268
1233,-158.658,-99.2618,-209.556,0.342512, 0.657788, -0.577553, -0.341225
1234,-158.909,-99.4317,-209.901,0.342507, 0.658014, -0.577322, -0.341182
1235,-159.161,-99.6017,-210.246,0.342517, 0.658244, -0.577084, -0.341132
1236,-159.412,-99.7719,-210.591,0.342526, 0.658471, -0.576856, -0.341071
1237,-159.663,-99.9421,-210.937,0.342539, 0.658682, -0.576638, -0.341019
1238,-159.915,-100.113,-211.283,0.342529, 0.658884, -0.576438, -0.340976
1239,-160.167,-100.283,-211.629,0.342524, 0.659068, -0.576262, -0.340925
1240,-160.419,-100.454,-211.975,0.3425, 0.659242, -0.576099, -0.340887
1241,-160.672,-100.624,-212.322,0.342484, 0.659384, -0.57597, -0.340847
1242,-160.924,-100.795,-212.669,0.342447, 0.659533, -0.575846, -0.340803
1243,-161.177,-100.966,-213.017,0.342416, 0.65966, -0.575746, -0.340758
1244,-161.43,-101.138,-213.364,0.342382, 0.65977, -0.575658, -0.340729
1245,-161.683,-101.309,-213.712,0.342356, 0.659873, -0.57557, -0.340704
1246,-161.937,-101.48,-214.06,0.34232, 0.659962, -0.5755, -0.340686
1247,-162.191,-101.652,-214.408,0.3423, 0.660033, -0.575439, -0.340671
1248,-162.444,-101.824,-214.757,0.342295, 0.660087, -0.575388, -0.340659
1249,-162.699,-101.995,-215.106,0.342289, 0.660147, -0.575321, -0.340661
1250,-162.953,-102.167,-215.455,0.342285, 0.66021, -0.57525, -0.340664
1251,-163.207,-102.339,-215.805,0.342304, 0.660274, -0.575165, -0.340663
1252,-163.462,-102.512,-216.155,0.342348, 0.66032, -0.575087, -0.340662
1253,-163.717,-102.684,-216.505,0.34241, 0.660375, -0.574985, -0.340665
1254,-163.972,-102.856,-216.855,0.342448, 0.66043, -0.574884, -0.34069
1255,-164.227,-103.029,-217.205,0.342501, 0.660478, -0.574777, -0.340724
1256,-164.483,-103.202,-217.556,0.342583, 0.660528, -0.574649, -0.340762
1257,-164.739,-103.374,-217.907,0.342672, 0.660569, -0.574521, -0.340809
1258,-164.995,-103.547,-218.259,0.342758, 0.660614, -0.574398, -0.340842
1259,-165.251,-103.72,-218.611,0.342849, 0.660655, -0.574279, -0.340871
1260,-165.507,-103.894,-218.963,0.342946, 0.66069, -0.574169, -0.340891
1261,-165.764,-104.067,-219.315,0.34304, 0.660735, -0.574065, -0.340885
1262,-166.021,-104.24,-219.667,0.343125, 0.660777, -0.573954, -0.340905
1263,-166.278,-104.414,-220.02,0.34321, 0.660808, -0.573874, -0.340894
1264,-166.535,-104.588,-220.373,0.3433, 0.660837, -0.573805, -0.340862
1265,-166.792,-104.762,-220.727,0.343373, 0.660856, -0.573745, -0.340854
1266,-167.05,-104.936,-221.08,0.343443, 0.660875, -0.573684, -0.34085
1267,-167.308,-105.11,-221.434,0.343506, 0.660879, -0.573634, -0.340861
1268,-167.566,-105.284,-221.788,0.343586, 0.66087, -0.573595, -0.340864
1269,-167.824,-105.458,-222.143,0.34365, 0.660854, -0.573574, -0.340867
1270,-168.083,-105.633,-222.498,0.343713, 0.660835, -0.573551, -0.340878
1271,-168.342,-105.807,-222.853,0.343786, 0.660821, -0.573518, -0.340888
1272,-168.6,-105.982,-223.208,0.343844, 0.660829, -0.573478, -0.340881
1273,-168.86,-106.157,-223.563,0.343919, 0.660827, -0.573438, -0.340875
1274,-169.119,-106.332,-223.919,0.343995, 0.660831, -0.573395, -0.340863
1275,-169.378,-106.507,-224.275,0.344061, 0.66085, -0.573338, -0.340855
1276,-169.638,-106.683,-224.632,0.344135, 0.660879, -0.573277, -0.340828
1277,-169.898,-106.858,-224.989,0.344217, 0.66091, -0.573219, -0.340783
1278,-170.158,-107.034,-225.346,0.344313, 0.660955, -0.573146, -0.340721
1279,-170.419,-107.209,-225.703,0.344413, 0.661005, -0.57307, -0.340651
1280,-170.679,-107.385,-226.06,0.34452, 0.661054, -0.572997, -0.34057
1281,-170.94,-107.561,-226.418,0.344631, 0.661118, -0.572905, -0.340489
1282,-171.201,-107.737,-226.776,0.344744, 0.661179, -0.572821, -0.340397
1283,-171.462,-107.913,-227.135,0.344857, 0.661227, -0.572742, -0.340323
1284,-171.724,-108.09,-227.493,0.344974, 0.661267, -0.572673, -0.340241
1285,-171.985,-108.266,-227.852,0.345109, 0.661293, -0.572616, -0.340151
1286,-172.247,-108.443,-228.211,0.345239, 0.661306, -0.572572, -0.340067
1287,-172.509,-108.619,-228.571,0.345371, 0.661291, -0.572557, -0.339989
1288,-172.771,-108.796,-228.931,0.345509, 0.661258, -0.572563, -0.339901
1289,-173.034,-108.973,-229.291,0.345659, 0.661209, -0.572588, -0.339801
1290,-173.297,-109.15,-229.651,0.345789, 0.661136, -0.572632, -0.339738
1291,-173.56,-109.328,-230.012,0.345932, 0.661034, -0.572697, -0.339681
1292,-173.823,-109.505,-230.373,0.346064, 0.660909, -0.572774, -0.339659
1293,-174.086,-109.682,-230.734,0.346206, 0.660777, -0.572858, -0.339631
1294,-174.35,-109.86,-231.095,0.34637, 0.660631, -0.572939, -0.339612
1295,-174.613,-110.038,-231.457,0.346537, 0.660496, -0.573002, -0.339598
1296,-174.877,-110.216,-231.819,0.346724, 0.660348, -0.57306, -0.339596
1297,-175.141,-110.394,-232.181,0.346919, 0.660217, -0.573105, -0.339574
1298,-175.406,-110.572,-232.544,0.347119, 0.660095, -0.573144, -0.339542
1299,-175.67,-110.75,-232.906,0.347327, 0.659977, -0.573175, -0.339506
1300,-175.935,-110.928,-233.269,0.347543, 0.659886, -0.573192, -0.339435
1301,-176.2,-111.107,-233.633,0.347757, 0.659807, -0.573202, -0.339352
1302,-176.465,-111.286,-233.997,0.347969, 0.659737, -0.573211, -0.339255
1303,-176.731,-111.464,-234.36,0.348197, 0.659668, -0.573222, -0.339136
1304,-176.996,-111.643,-234.725,0.348412, 0.659603, -0.573237, -0.339016
1305,-177.262,-111.822,-235.089,0.348615, 0.659556, -0.573249, -0.338879
1306,-177.528,-112.001,-235.454,0.348818, 0.659487, -0.573288, -0.338738
1307,-177.794,-112.181,-235.819,0.349016, 0.659417, -0.573331, -0.338597
1308,-178.061,-112.36,-236.184,0.349219, 0.659331, -0.573392, -0.338454
1309,-178.327,-112.54,-236.55,0.349405, 0.659238, -0.573476, -0.3383
1310,-178.594,-112.719,-236.916,0.349589, 0.659149, -0.573559, -0.338142
1311,-178.861,-112.899,-237.282,0.349777, 0.659081, -0.573628, -0.337962
1312,-179.128,-113.079,-237.649,0.349964, 0.659004, -0.57369, -0.337815
1313,-179.396,-113.259,-238.015,0.350148, 0.658902, -0.573761, -0.337702
1314,-179.663,-113.439,-238.382,0.350326, 0.658779, -0.573855, -0.337596
1315,-179.931,-113.62,-238.749,0.350496, 0.658637, -0.573976, -0.337492
1316,-180.199,-113.8,-239.117,0.350674, 0.65849, -0.574097, -0.337389
1317,-180.467,-113.981,-239.485,0.350827, 0.658368, -0.574203, -0.337288
1318,-180.736,-114.161,-239.853,0.351001, 0.658251, -0.574306, -0.337158
1319,-181.004,-114.342,-240.221,0.351168, 0.658156, -0.574412, -0.336991
1320,-181.273,-114.523,-240.59,0.351332, 0.658073, -0.574523, -0.336792
1321,-181.542,-114.704,-240.959,0.351511, 0.657983, -0.574662, -0.336545
1322,-181.811,-114.886,-241.328,0.3517, 0.657897, -0.57481, -0.336263
1323,-182.081,-115.067,-241.697,0.351911, 0.65782, -0.574947, -0.335957
1324,-182.35,-115.248,-242.067,0.352135, 0.657745, -0.575088, -0.335628
1325,-182.62,-115.43,-242.437,0.352357, 0.657667, -0.575229, -0.335306
1326,-182.89,-115.612,-242.808,0.352581, 0.657571, -0.575392, -0.334978
1327,-183.161,-115.794,-243.178,0.352811, 0.657489, -0.575539, -0.334646
1328,-183.431,-115.976,-243.549,0.353051, 0.657389, -0.575707, -0.334299
1329,-183.702,-116.158,-243.92,0.353309, 0.657273, -0.57587, -0.333974
1330,-183.973,-116.34,-244.292,0.35358, 0.657164, -0.576014, -0.333653
1331,-184.244,-116.523,-244.663,0.353855, 0.657039, -0.576162, -0.333352
1332,-184.515,-116.705,-245.036,0.354116, 0.656917, -0.57631, -0.333058
1333,-184.787,-116.888,-245.408,0.354387, 0.65679, -0.576449, -0.332781
1334,-185.058,-117.071,-245.78,0.354645, 0.65666, -0.576592, -0.332514
1335,-185.33,-117.254,-246.153,0.354916, 0.656518, -0.576744, -0.332244
1336,-185.603,-117.437,-246.526,0.355157, 0.65637, -0.576906, -0.331996
1337,-185.875,-117.62,-246.9,0.355403, 0.656223, -0.57708, -0.331721
1338,-186.148,-117.804,-247.274,0.355645, 0.656071, -0.577282, -0.33141
1339,-186.421,-117.987,-247.648,0.355863, 0.655931, -0.577491, -0.331089
1340,-186.694,-118.171,-248.022,0.356048, 0.655792, -0.577721, -0.330766
1341,-186.967,-118.355,-248.397,0.356235, 0.655663, -0.57795, -0.330417
1342,-187.24,-118.539,-248.772,0.356414, 0.655541, -0.578174, -0.330075
1343,-187.514,-118.723,-249.147,0.356574, 0.655445, -0.578391, -0.329714
1344,-187.788,-118.907,-249.522,0.356735, 0.655353, -0.578616, -0.329327
1345,-188.062,-119.092,-249.898,0.356891, 0.655283, -0.578821, -0.328936
1346,-188.336,-119.276,-250.274,0.35706, 0.65523, -0.578987, -0.328567
1347,-188.611,-119.461,-250.65,0.357229, 0.655209, -0.579117, -0.328195
1348,-188.886,-119.646,-251.027,0.357397, 0.655204, -0.579226, -0.327829
1349,-189.161,-119.831,-251.404,0.357563, 0.655232, -0.579295, -0.32747
1350,-189.436,-120.016,-251.781,0.357722, 0.655281, -0.57934, -0.32712
1351,-189.711,-120.201,-252.159,0.357899, 0.655331, -0.579373, -0.326767
1352,-189.987,-120.387,-252.536,0.358064, 0.6554, -0.579396, -0.326407
1353,-190.262,-120.572,-252.915,0.358233, 0.655468, -0.579418, -0.326047
1354,-190.538,-120.758,-253.293,0.358358, 0.655547, -0.579451, -0.32569
1355,-190.814,-120.944,-253.671,0.35847, 0.655619, -0.579492, -0.325347
1356,-191.091,-121.13,-254.05,0.358555, 0.655678, -0.579565, -0.325004
1357,-191.367,-121.316,-254.43,0.358618, 0.65572, -0.579668, -0.324667
1358,-191.644,-121.502,-254.809,0.358657, 0.655744, -0.579806, -0.32433
1359,-191.921,-121.688,-255.189,0.358677, 0.655751, -0.579967, -0.324005
1360,-192.198,-121.875,-255.569,0.358683, 0.655742, -0.580154, -0.323681
1361,-192.475,-122.061,-255.949,0.358681, 0.655712, -0.580362, -0.323372
1362,-192.753,-122.248,-256.329,0.358663, 0.655676, -0.580594, -0.323048
1363,-193.031,-122.435,-256.71,0.358635, 0.655624, -0.580842, -0.32274
1364,-193.309,-122.622,-257.091,0.35861, 0.65557, -0.58109, -0.322429
1365,-193.587,-122.809,-257.473,0.3586, 0.655516, -0.581335, -0.322111
1366,-193.865,-122.997,-257.854,0.358596, 0.655474, -0.581562, -0.321789
1367,-194.144,-123.184,-258.236,0.358595, 0.655441, -0.581783, -0.321457
1368,-194.422,-123.372,-258.618,0.358604, 0.655411, -0.582002, -0.321112
1369,-194.701,-123.559,-259.001,0.358635, 0.655381, -0.582216, -0.320753
1370,-194.98,-123.747,-259.383,0.358681, 0.655364, -0.582406, -0.32039
1371,-195.26,-123.935,-259.766,0.358731, 0.655354, -0.582591, -0.320018
1372,-195.539,-124.123,-260.15,0.358807, 0.655338, -0.582781, -0.319616
1373,-195.819,-124.312,-260.533,0.358897, 0.655323, -0.582965, -0.319213
1374,-196.099,-124.5,-260.917,0.358983, 0.655302, -0.583155, -0.318812
1375,-196.379,-124.689,-261.301,0.359083, 0.655267, -0.583362, -0.318393
1376,-196.659,-124.877,-261.686,0.359185, 0.655238, -0.583565, -0.317963
1377,-196.94,-125.066,-262.07,0.359283, 0.655202, -0.583771, -0.317549
1378,-197.221,-125.255,-262.455,0.359384, 0.655171, -0.583973, -0.317128
1379,-197.502,-125.444,-262.841,0.359489, 0.655133, -0.584182, -0.316703
1380,-197.783,-125.634,-263.226,0.359602, 0.655088, -0.584391, -0.316282
1381,-198.064,-125.823,-263.612,0.359713, 0.655029, -0.58461, -0.315872
1382,-198.346,-126.013,-263.998,0.359838, 0.654951, -0.584837, -0.31547
1383,-198.627,-126.202,-264.384,0.359978, 0.654875, -0.585052, -0.315068
1384,-198.909,-126.392,-264.771,0.36013, 0.654795, -0.585264, -0.314667
1385,-199.192,-126.582,-265.158,0.360266, 0.654724, -0.585466, -0.314285
1386,-199.474,-126.772,-265.545,0.360431, 0.654641, -0.585658, -0.313909
1387,-199.757,-126.962,-265.933,0.360607, 0.654569, -0.585831, -0.313536
1388,-200.039,-127.153,-266.32,0.360815, 0.654498, -0.585983, -0.313159
1389,-200.322,-127.343,-266.708,0.361042, 0.654426, -0.586129, -0.312775
1390,-200.605,-127.534,-267.097,0.36129, 0.654364, -0.586246, -0.312398
1391,-200.889,-127.724,-267.485,0.361557, 0.654324, -0.58633, -0.312017
1392,-201.172,-127.915,-267.874,0.361849, 0.654287, -0.586385, -0.311652
1393,-201.456,-128.106,-268.264,0.362154, 0.65425, -0.586433, -0.311284
1394,-201.74,-128.298,-268.653,0.362479, 0.654214, -0.586457, -0.310936
1395,-202.024,-128.489,-269.043,0.36281, 0.654187, -0.586468, -0.310585
1396,-202.309,-128.68,-269.433,0.363136, 0.654161, -0.586468, -0.31026
1397,-202.593,-128.872,-269.823,0.363459, 0.654126, -0.586467, -0.309958
1398,-202.878,-129.063,-270.214,0.363774, 0.654093, -0.586464, -0.309663
1399,-203.163,-129.255,-270.605,0.364084, 0.654051, -0.58646, -0.309393
1400,-203.448,-129.447,-270.996,0.364384, 0.653997, -0.586466, -0.309143
1401,-203.734,-129.639,-271.387,0.364679, 0.653939, -0.586471, -0.308909
1402,-204.019,-129.832,-271.779,0.364956, 0.653885, -0.58647, -0.308699
1403,-204.305,-130.024,-272.171,0.365225, 0.653813, -0.586479, -0.308515
1404,-204.591,-130.216,-272.563,0.365457, 0.653747, -0.586498, -0.308344
1405,-204.878,-130.409,-272.956,0.365703, 0.653662, -0.58652, -0.30819
1406,-205.164,-130.602,-273.349,0.365944, 0.653589, -0.586531, -0.308038
1407,-205.451,-130.795,-273.742,0.366158, 0.653527, -0.586535, -0.307908
1408,-205.737,-130.988,-274.135,0.366382, 0.653468, -0.586538, -0.30776
1409,-206.024,-131.181,-274.529,0.366622, 0.653398, -0.586547, -0.307607
1410,-206.312,-131.375,-274.923,0.366857, 0.653355, -0.586532, -0.307446
1411,-206.599,-131.568,-275.317,0.367085, 0.653317, -0.586521, -0.307276
1412,-206.887,-131.762,-275.712,0.36731, 0.653296, -0.586501, -0.307089
1413,-207.174,-131.955,-276.106,0.367556, 0.653269, -0.586486, -0.306882
1414,-207.462,-132.149,-276.501,0.367803, 0.653259, -0.586455, -0.306666
1415,-207.75,-132.344,-276.897,0.368062, 0.653249, -0.586421, -0.306442
1416,-208.039,-132.538,-277.292,0.36833, 0.653259, -0.586361, -0.306213
1417,-208.327,-132.732,-277.688,0.368605, 0.65327, -0.586303, -0.30597
1418,-208.616,-132.927,-278.085,0.368883, 0.653285, -0.586239, -0.305725
1419,-208.905,-133.121,-278.481,0.369177, 0.653295, -0.586168, -0.305486
1420,-209.194,-133.316,-278.878,0.369478, 0.653308, -0.586093, -0.305235
1421,-209.483,-133.511,-279.275,0.369776, 0.653304, -0.586037, -0.304991
1422,-209.773,-133.706,-279.672,0.37007, 0.653286, -0.585999, -0.304747
1423,-210.063,-133.901,-280.07,0.370369, 0.65326, -0.585964, -0.304506
1424,-210.352,-134.097,-280.467,0.370647, 0.65324, -0.58594, -0.304258
1425,-210.643,-134.292,-280.866,0.370929, 0.653228, -0.58591, -0.303997
1426,-210.933,-134.488,-281.264,0.371202, 0.653215, -0.585883, -0.303743
1427,-211.223,-134.684,-281.663,0.371488, 0.653197, -0.585864, -0.303469
1428,-211.514,-134.88,-282.062,0.371766, 0.653186, -0.585846, -0.303188
1429,-211.805,-135.076,-282.461,0.372041, 0.653182, -0.585826, -0.302898
1430,-212.096,-135.272,-282.86,0.3723, 0.653175, -0.585815, -0.302615
1431,-212.387,-135.469,-283.26,0.372586, 0.653176, -0.585785, -0.302319
1432,-212.679,-135.665,-283.66,0.372862, 0.65319, -0.585753, -0.302011
1433,-212.97,-135.862,-284.061,0.373162, 0.653207, -0.585719, -0.301669
1434,-213.262,-136.059,-284.461,0.373464, 0.653214, -0.585692, -0.301332
1435,-213.554,-136.256,-284.862,0.373761, 0.653216, -0.585674, -0.300995
1436,-213.847,-136.453,-285.263,0.374055, 0.65322, -0.585658, -0.300651
1437,-214.139,-136.65,-285.665,0.374346, 0.653225, -0.585648, -0.300297
1438,-214.432,-136.848,-286.066,0.374638, 0.653207, -0.585658, -0.299953
1439,-214.725,-137.045,-286.468,0.374952, 0.653182, -0.585668, -0.299594
1440,-215.018,-137.243,-286.871,0.375265, 0.653156, -0.585683, -0.299229
1441,-215.311,-137.441,-287.273,0.375581, 0.65313, -0.585691, -0.298873
1442,-215.604,-137.639,-287.676,0.375912, 0.653099, -0.585702, -0.298506
1443,-215.898,-137.837,-288.079,0.376254, 0.653067, -0.585702, -0.298144
1444,-216.192,-138.036,-288.483,0.376608, 0.653047, -0.585677, -0.29779
1445,-216.486,-138.234,-288.886,0.376965, 0.653037, -0.585633, -0.297447
1446,-216.78,-138.433,-289.29,0.377335, 0.653034, -0.585586, -0.297078
1447,-217.075,-138.632,-289.695,0.377715, 0.653035, -0.585524, -0.296713
1448,-217.369,-138.831,-290.099,0.378095, 0.65306, -0.585448, -0.296325
1449,-217.664,-139.03,-290.504,0.378467, 0.653086, -0.585378, -0.29593
1450,-217.959,-139.229,-290.909,0.378839, 0.653117, -0.585307, -0.295526
1451,-218.254,-139.428,-291.314,0.379218, 0.653144, -0.585242, -0.295109
1452,-218.55,-139.628,-291.72,0.37957, 0.653164, -0.585197, -0.2947
1453,-218.845,-139.828,-292.126,0.379942, 0.653167, -0.585156, -0.294296
1454,-219.141,-140.027,-292.532,0.380296, 0.653156, -0.58513, -0.293912
1455,-219.437,-140.227,-292.938,0.380647, 0.653136, -0.585124, -0.293516
1456,-219.734,-140.427,-293.345,0.380999, 0.653093, -0.58513, -0.293141
1457,-220.03,-140.628,-293.752,0.381353, 0.653023, -0.585149, -0.292798
1458,-220.327,-140.828,-294.159,0.381703, 0.652951, -0.585172, -0.29246
1459,-220.624,-141.029,-294.567,0.382042, 0.652866, -0.585199, -0.29215
1460,-220.921,-141.229,-294.975,0.3824, 0.652746, -0.585241, -0.291865
1461,-221.218,-141.43,-295.383,0.382731, 0.652632, -0.585279, -0.29161
1462,-221.516,-141.631,-295.791,0.383067, 0.652501, -0.585334, -0.291353
1463,-221.813,-141.832,-296.2,0.383411, 0.652367, -0.585375, -0.291117
1464,-222.111,-142.034,-296.608,0.383747, 0.652232, -0.585417, -0.290892
1465,-222.409,-142.235,-297.017,0.384077, 0.652085, -0.585465, -0.290689
1466,-222.708,-142.437,-297.427,0.384407, 0.651925, -0.58553, -0.290481
1467,-223.006,-142.638,-297.837,0.384725, 0.651763, -0.585603, -0.290276
1468,-223.305,-142.84,-298.246,0.385031, 0.651609, -0.585672, -0.290077
1469,-223.604,-143.042,-298.657,0.385355, 0.651471, -0.585721, -0.289858
1470,-223.903,-143.244,-299.067,0.385666, 0.651327, -0.585775, -0.289661
1471,-224.202,-143.447,-299.478,0.385979, 0.651184, -0.585819, -0.289477
1472,-224.502,-143.649,-299.889,0.386301, 0.651034, -0.585858, -0.289303
1473,-224.802,-143.852,-300.3,0.386622, 0.650908, -0.585859, -0.289156
1474,-225.101,-144.054,-300.712,0.386957, 0.650751, -0.585861, -0.28906
1475,-225.402,-144.257,-301.124,0.387275, 0.650553, -0.585896, -0.289007
1476,-225.702,-144.46,-301.536,0.387616, 0.650348, -0.585924, -0.288953
1477,-226.003,-144.663,-301.948,0.387952, 0.650163, -0.585943, -0.288879
1478,-226.303,-144.866,-302.361,0.388266, 0.650008, -0.58594, -0.288813
1479,-226.604,-145.07,-302.774,0.388586, 0.649859, -0.585926, -0.288746
1480,-226.906,-145.273,-303.187,0.388886, 0.649695, -0.58594, -0.288682
1481,-227.207,-145.477,-303.6,0.389198, 0.649517, -0.585953, -0.288638
1482,-227.509,-145.681,-304.014,0.389504, 0.649341, -0.585959, -0.28861
1483,-227.81,-145.885,-304.428,0.389809, 0.649142, -0.585983, -0.288597
1484,-228.112,-146.089,-304.843,0.390113, 0.648956, -0.585996, -0.288576
1485,-228.415,-146.293,-305.257,0.390414, 0.648783, -0.585993, -0.288564
1486,-228.717,-146.498,-305.672,0.390707, 0.648612, -0.585992, -0.288554
1487,-229.02,-146.702,-306.087,0.391013, 0.648465, -0.585971, -0.288515
1488,-229.323,-146.907,-306.503,0.391324, 0.648316, -0.585947, -0.288477
1489,-229.626,-147.112,-306.918,0.391612, 0.648188, -0.585927, -0.288413
1490,-229.929,-147.317,-307.335,0.391894, 0.64809, -0.585892, -0.288321
1491,-230.232,-147.522,-307.751,0.39216, 0.648007, -0.585856, -0.288217
1492,-230.536,-147.727,-308.167,0.392431, 0.64795, -0.585809, -0.288073
1493,-230.839,-147.933,-308.584,0.392678, 0.647909, -0.585765, -0.28792
1494,-231.143,-148.139,-309.001,0.392918, 0.64788, -0.585721, -0.287746
1495,-231.448,-148.344,-309.419,0.393166, 0.647849, -0.585669, -0.287581
1496,-231.752,-148.55,-309.837,0.393396, 0.647823, -0.585623, -0.287422
1497,-232.056,-148.756,-310.255,0.393616, 0.647794, -0.585584, -0.287265
1498,-232.361,-148.962,-310.673,0.393817, 0.647761, -0.585561, -0.28711
1499,-232.666,-149.169,-311.092,0.393994, 0.647712, -0.585558, -0.286982
1500,-232.971,-149.375,-311.51,0.394145, 0.647646, -0.585575, -0.286889
1501,-233.277,-149.582,-311.929,0.394299, 0.647559, -0.585621, -0.286782
1502,-233.582,-149.789,-312.349,0.394443, 0.647462, -0.585684, -0.286674
1503,-233.888,-149.996,-312.768,0.394561, 0.647375, -0.585752, -0.28657
1504,-234.194,-150.203,-313.188,0.394675, 0.647285, -0.585831, -0.286453
1505,-234.5,-150.41,-313.609,0.394795, 0.647196, -0.585926, -0.286295
1506,-234.806,-150.617,-314.029,0.394904, 0.647117, -0.586028, -0.286114
1507,-235.113,-150.825,-314.45,0.39501, 0.647055, -0.586126, -0.285907
1508,-235.419,-151.032,-314.871,0.39514, 0.646991, -0.586218, -0.285685
1509,-235.726,-151.24,-315.292,0.395275, 0.646949, -0.586284, -0.285457
1510,-236.033,-151.448,-315.714,0.395423, 0.646916, -0.586334, -0.285224
1511,-236.34,-151.656,-316.136,0.395582, 0.646898, -0.586354, -0.285002
1512,-236.648,-151.864,-316.558,0.395749, 0.646898, -0.586344, -0.284791
1513,-236.956,-152.073,-316.98,0.395915, 0.646908, -0.586313, -0.284603
1514,-237.263,-152.281,-317.403,0.396085, 0.646924, -0.586272, -0.284413
1515,-237.571,-152.49,-317.826,0.396236, 0.646947, -0.586233, -0.284233
1516,-237.88,-152.698,-318.25,0.396373, 0.646982, -0.586181, -0.284068
1517,-238.188,-152.907,-318.673,0.396496, 0.647024, -0.586126, -0.283913
1518,-238.497,-153.116,-319.097,0.396619, 0.647066, -0.58607, -0.283761
1519,-238.806,-153.325,-319.521,0.396716, 0.647126, -0.586011, -0.283612
1520,-239.115,-153.535,-319.946,0.396813, 0.647178, -0.585956, -0.283471
1521,-239.424,-153.744,-320.371,0.39689, 0.647251, -0.585885, -0.283343
1522,-239.733,-153.954,-320.796,0.396957, 0.647333, -0.585795, -0.283247
1523,-240.043,-154.164,-321.221,0.397031, 0.647425, -0.58568, -0.283171
1524,-240.353,-154.373,-321.647,0.397093, 0.647532, -0.585548, -0.283115
1525,-240.663,-154.583,-322.072,0.397147, 0.647649, -0.585403, -0.283069
1526,-240.973,-154.794,-322.499,0.397208, 0.647771, -0.585241, -0.283041
1527,-241.283,-155.004,-322.925,0.39727, 0.647913, -0.585051, -0.28302
1528,-241.594,-155.214,-323.352,0.397325, 0.648068, -0.584845, -0.283015
1529,-241.905,-155.425,-323.779,0.397393, 0.648221, -0.584626, -0.28302
1530,-242.216,-155.635,-324.206,0.397446, 0.648413, -0.584378, -0.28302
1531,-242.527,-155.846,-324.634,0.397501, 0.64861, -0.58412, -0.283023
1532,-242.839,-156.057,-325.062,0.397561, 0.64882, -0.583851, -0.283012
1533,-243.15,-156.268,-325.49,0.397614, 0.649055, -0.583552, -0.283015
1534,-243.462,-156.48,-325.919,0.397669, 0.649292, -0.583249, -0.283019
1535,-243.774,-156.691,-326.348,0.39772, 0.649551, -0.582923, -0.283024
1536,-244.086,-156.902,-326.777,0.397773, 0.649823, -0.582575, -0.283044
1537,-244.399,-157.114,-327.206,0.397832, 0.650095, -0.582216, -0.283074
1538,-244.711,-157.326,-327.636,0.397875, 0.650373, -0.581851, -0.283124
1539,-245.024,-157.538,-328.066,0.397907, 0.650649, -0.581477, -0.283214
1540,-245.337,-157.75,-328.496,0.397947, 0.650902, -0.581106, -0.283338
1541,-245.651,-157.962,-328.926,0.397973, 0.651145, -0.58075, -0.283473
1542,-245.964,-158.174,-329.357,0.397995, 0.651366, -0.580423, -0.283603
1543,-246.278,-158.387,-329.788,0.397985, 0.651578, -0.580124, -0.283743
1544,-246.591,-158.599,-330.22,0.397969, 0.651773, -0.579833, -0.283913
1545,-246.905,-158.812,-330.651,0.39792, 0.651963, -0.579556, -0.284111
1546,-247.22,-159.025,-331.083,0.397862, 0.652152, -0.57928, -0.284319
1547,-247.534,-159.238,-331.516,0.397823, 0.652329, -0.579011, -0.284518
1548,-247.849,-159.451,-331.948,0.397756, 0.652519, -0.578738, -0.28473
1549,-248.164,-159.665,-332.381,0.397688, 0.652715, -0.578457, -0.284945
1550,-248.479,-159.878,-332.814,0.397597, 0.652924, -0.578175, -0.285168
1551,-248.794,-160.092,-333.247,0.397497, 0.653141, -0.577895, -0.285376
1552,-249.109,-160.305,-333.681,0.397393, 0.653367, -0.577613, -0.285576
1553,-249.425,-160.519,-334.115,0.397294, 0.653608, -0.577328, -0.285739
1554,-249.741,-160.733,-334.549,0.397186, 0.65386, -0.577039, -0.285898
1555,-250.057,-160.948,-334.983,0.39708, 0.654121, -0.576738, -0.286053
1556,-250.373,-161.162,-335.418,0.396968, 0.654407, -0.576421, -0.286192
1557,-250.69,-161.377,-335.853,0.396872, 0.654702, -0.576089, -0.286321
1558,-251.006,-161.591,-336.288,0.396766, 0.654998, -0.57576, -0.286451
1559,-251.323,-161.806,-336.724,0.396675, 0.655296, -0.575428, -0.286562
1560,-251.64,-162.021,-337.16,0.396576, 0.655584, -0.57512, -0.28666
1561,-251.957,-162.236,-337.596,0.396469, 0.655889, -0.574812, -0.286728
1562,-252.275,-162.451,-338.033,0.396366, 0.656197, -0.574499, -0.286794
1563,-252.592,-162.667,-338.47,0.396269, 0.656508, -0.57417, -0.286875
1564,-252.91,-162.882,-338.907,0.396169, 0.656834, -0.573832, -0.286944
1565,-253.228,-163.098,-339.344,0.396059, 0.657162, -0.573498, -0.287012
1566,-253.546,-163.314,-339.782,0.395961, 0.657478, -0.573174, -0.28707
1567,-253.865,-163.53,-340.22,0.395852, 0.657797, -0.572857, -0.287122
1568,-254.183,-163.746,-340.658,0.395763, 0.658097, -0.572546, -0.287178
1569,-254.502,-163.962,-341.096,0.395647, 0.658409, -0.572241, -0.287231
1570,-254.821,-164.178,-341.535,0.395542, 0.658714, -0.571934, -0.287286
1571,-255.14,-164.395,-341.974,0.395462, 0.659003, -0.571637, -0.287325
1572,-255.46,-164.612,-342.413,0.395357, 0.659284, -0.571359, -0.287378
1573,-255.779,-164.828,-342.853,0.395247, 0.659568, -0.571079, -0.287435
1574,-256.099,-165.045,-343.293,0.395127, 0.659843, -0.570812, -0.287497
1575,-256.419,-165.263,-343.733,0.395019, 0.660105, -0.570555, -0.287557
1576,-256.739,-165.48,-344.174,0.394909, 0.660355, -0.570322, -0.287597
1577,-257.059,-165.697,-344.614,0.394786, 0.660589, -0.570116, -0.287634
1578,-257.38,-165.915,-345.055,0.394668, 0.660823, -0.56992, -0.28765
1579,-257.701,-166.133,-345.497,0.39454, 0.661042, -0.569743, -0.28767
1580,-258.022,-166.35,-345.938,0.394393, 0.661272, -0.569571, -0.287685
1581,-258.343,-166.568,-346.38,0.394263, 0.661485, -0.569413, -0.287687
1582,-258.664,-166.787,-346.822,0.394124, 0.661697, -0.56926, -0.287693
1583,-258.986,-167.005,-347.265,0.393984, 0.661907, -0.569106, -0.287704
1584,-259.308,-167.223,-347.707,0.393831, 0.662107, -0.56897, -0.287723
1585,-259.63,-167.442,-348.15,0.393687, 0.662294, -0.568844, -0.287739
1586,-259.952,-167.661,-348.593,0.393548, 0.662473, -0.568724, -0.287754
1587,-260.274,-167.88,-349.037,0.393403, 0.662657, -0.568605, -0.287763
1588,-260.597,-168.099,-349.481,0.393265, 0.662839, -0.568486, -0.287769
1589,-260.919,-168.318,-349.925,0.393127, 0.663012, -0.568378, -0.287772
1590,-261.242,-168.537,-350.369,0.392979, 0.663187, -0.568274, -0.287777
1591,-261.566,-168.757,-350.814,0.392847, 0.663366, -0.568148, -0.287794
1592,-261.889,-168.976,-351.259,0.39272, 0.663541, -0.568017, -0.28782
1593,-262.212,-169.196,-351.704,0.392588, 0.663728, -0.567875, -0.287851
1594,-262.536,-169.416,-352.149,0.392461, 0.663898, -0.567747, -0.287884
1595,-262.86,-169.636,-352.595,0.392342, 0.664079, -0.567603, -0.287913
1596,-263.184,-169.856,-353.041,0.392205, 0.664264, -0.567464, -0.287946
1597,-263.509,-170.076,-353.488,0.392081, 0.664443, -0.567327, -0.287973
1598,-263.833,-170.297,-353.934,0.391952, 0.664633, -0.567188, -0.287984
1599,-264.158,-170.518,-354.381,0.391834, 0.664812, -0.567058, -0.287986
1600,-264.483,-170.738,-354.828,0.391706, 0.664988, -0.566943, -0.28798
1601,-264.808,-170.959,-355.276,0.391583, 0.665168, -0.566821, -0.287973
1602,-265.133,-171.18,-355.724,0.391458, 0.665338, -0.566716, -0.287959
1603,-265.459,-171.401,-356.172,0.391343, 0.665493, -0.566617, -0.28795
1604,-265.785,-171.623,-356.62,0.391216, 0.66565, -0.566523, -0.287943
1605,-266.111,-171.844,-357.068,0.391112, 0.665804, -0.566431, -0.287912
1606,-266.437,-172.066,-357.517,0.391019, 0.665954, -0.56634, -0.28787
1607,-266.763,-172.287,-357.966,0.390936, 0.666097, -0.566254, -0.28782
1608,-267.09,-172.509,-358.416,0.390842, 0.666241, -0.566175, -0.287771
1609,-267.417,-172.731,-358.866,0.390768, 0.666365, -0.566106, -0.287718
1610,-267.744,-172.954,-359.316,0.390714, 0.666472, -0.566047, -0.28766
1611,-268.071,-173.176,-359.766,0.390675, 0.666567, -0.565985, -0.287616
1612,-268.398,-173.398,-360.216,0.390636, 0.66665, -0.565939, -0.287567
1613,-268.726,-173.621,-360.667,0.390615, 0.666718, -0.565884, -0.287545
1614,-269.054,-173.844,-361.118,0.390607, 0.666785, -0.565824, -0.287519
1615,-269.382,-174.066,-361.57,0.390619, 0.66684, -0.565756, -0.287509
1616,-269.71,-174.289,-362.021,0.39063, 0.666884, -0.56569, -0.287521
1617,-270.038,-174.513,-362.473,0.39066, 0.666925, -0.565617, -0.28753
1618,-270.367,-174.736,-362.926,0.3907, 0.666965, -0.565527, -0.287559
1619,-270.696,-174.959,-363.378,0.390762, 0.667005, -0.565428, -0.287577
1620,-271.025,-175.183,-363.831,0.390842, 0.667037, -0.565323, -0.287599
1621,-271.354,-175.406,-364.284,0.390921, 0.667066, -0.565218, -0.287632
1622,-271.683,-175.63,-364.737,0.391017, 0.667083, -0.565117, -0.287659
1623,-272.013,-175.854,-365.191,0.391115, 0.667105, -0.565012, -0.287684
1624,-272.343,-176.078,-365.645,0.391221, 0.667124, -0.564917, -0.287683
1625,-272.673,-176.302,-366.099,0.391335, 0.667119, -0.564842, -0.287684
1626,-273.003,-176.527,-366.554,0.39147, 0.66711, -0.564782, -0.28764
1627,-273.333,-176.751,-367.008,0.391619, 0.667084, -0.564738, -0.287584
1628,-273.664,-176.976,-367.463,0.391764, 0.667052, -0.564711, -0.287514
1629,-273.995,-177.2,-367.919,0.391932, 0.667011, -0.564697, -0.287406
1630,-274.326,-177.425,-368.374,0.392116, 0.666964, -0.564692, -0.287275
1631,-274.657,-177.65,-368.83,0.392315, 0.666926, -0.564677, -0.28712
1632,-274.989,-177.875,-369.286,0.392524, 0.666889, -0.564661, -0.286951
1633,-275.32,-178.1,-369.743,0.392762, 0.66685, -0.564645, -0.28675
1634,-275.652,-178.326,-370.199,0.393039, 0.666789, -0.564636, -0.286529
1635,-275.984,-178.551,-370.656,0.393328, 0.666725, -0.564629, -0.286297
1636,-276.316,-178.777,-371.114,0.393641, 0.666658, -0.564615, -0.286049
1637,-276.649,-179.003,-371.571,0.393966, 0.666591, -0.564595, -0.285795
1638,-276.981,-179.229,-372.029,0.39435, 0.666491, -0.564583, -0.285525
1639,-277.314,-179.455,-372.487,0.394729, 0.666387, -0.564576, -0.285258
1640,-277.647,-179.681,-372.946,0.395154, 0.666261, -0.564575, -0.284965
1641,-277.981,-179.907,-373.404,0.395602, 0.666137, -0.564559, -0.284665
1642,-278.314,-180.133,-373.863,0.396059, 0.666003, -0.564542, -0.284375
1643,-278.648,-180.36,-374.323,0.396531, 0.665846, -0.564542, -0.284085
1644,-278.982,-180.587,-374.782,0.39702, 0.665667, -0.564559, -0.283789
1645,-279.316,-180.813,-375.242,0.39754, 0.66546, -0.564588, -0.283489
1646,-279.65,-181.04,-375.702,0.398077, 0.66523, -0.56463, -0.28319
1647,-279.985,-181.267,-376.162,0.398624, 0.66497, -0.564701, -0.282888
1648,-280.32,-181.495,-376.623,0.399196, 0.664685, -0.564787, -0.282583
1649,-280.655,-181.722,-377.084,0.399793, 0.664369, -0.564893, -0.282268
1650,-280.99,-181.949,-377.545,0.400414, 0.664026, -0.565024, -0.281932
1651,-281.325,-182.177,-378.007,0.40104, 0.663646, -0.565199, -0.281587
1652,-281.661,-182.405,-378.469,0.401687, 0.663262, -0.565378, -0.281211
1653,-281.997,-182.632,-378.931,0.402361, 0.66284, -0.565592, -0.280812
1654,-282.333,-182.86,-379.393,0.403041, 0.662401, -0.565834, -0.280383
1655,-282.669,-183.088,-379.856,0.403731, 0.661957, -0.566085, -0.279931
1656,-283.006,-183.317,-380.318,0.404444, 0.661502, -0.566353, -0.279435
1657,-283.342,-183.545,-380.782,0.405175, 0.661045, -0.566623, -0.278909
1658,-283.679,-183.773,-381.245,0.405938, 0.66059, -0.5669, -0.278317
1659,-284.016,-184.002,-381.709,0.406716, 0.660139, -0.567168, -0.277703
1660,-284.354,-184.231,-382.173,0.40751, 0.659698, -0.567437, -0.277037
1661,-284.691,-184.46,-382.637,0.408327, 0.659264, -0.567704, -0.276319
1662,-285.029,-184.689,-383.102,0.409172, 0.658844, -0.567959, -0.275547
1663,-285.367,-184.918,-383.567,0.410026, 0.658428, -0.56821, -0.274751
1664,-285.705,-185.147,-384.032,0.410897, 0.658033, -0.568435, -0.27393
1665,-286.043,-185.376,-384.498,0.41178, 0.657644, -0.56865, -0.273091
1666,-286.381,-185.606,-384.964,0.412689, 0.657267, -0.568839, -0.272231
1667,-286.72,-185.835,-385.43,0.41361, 0.65689, -0.569032, -0.271341
1668,-287.059,-186.065,-385.896,0.414549, 0.656523, -0.569198, -0.270445
1669,-287.398,-186.295,-386.363,0.415494, 0.656157, -0.569366, -0.269526
1670,-287.737,-186.525,-386.83,0.416434, 0.655809, -0.569523, -0.26859
1671,-288.077,-186.755,-387.297,0.417382, 0.655456, -0.569684, -0.267637
1672,-288.416,-186.985,-387.765,0.418342, 0.655115, -0.569835, -0.266652
1673,-288.756,-187.216,-388.233,0.419304, 0.654761, -0.570013, -0.265625
1674,-289.096,-187.446,-388.701,0.420272, 0.654392, -0.570213, -0.264573
1675,-289.437,-187.677,-389.169,0.421236, 0.654026, -0.570423, -0.263492
1676,-289.777,-187.908,-389.638,0.422202, 0.653646, -0.570667, -0.262356
1677,-290.118,-188.138,-390.107,0.423175, 0.653248, -0.570933, -0.2612
1678,-290.459,-188.369,-390.577,0.424155, 0.652827, -0.571223, -0.260028
1679,-290.8,-188.601,-391.046,0.425134, 0.652378, -0.571545, -0.258843
1680,-291.141,-188.832,-391.516,0.426113, 0.651925, -0.571877, -0.257639
1681,-291.482,-189.063,-391.986,0.42711, 0.651434, -0.572239, -0.256422
1682,-291.824,-189.295,-392.457,0.42813, 0.650904, -0.572634, -0.255184
1683,-292.166,-189.526,-392.927,0.429154, 0.650364, -0.573033, -0.253943
1684,-292.508,-189.758,-393.398,0.430175, 0.649803, -0.573456, -0.252692
1685,-292.851,-189.99,-393.87,0.431228, 0.649206, -0.573896, -0.251431
1686,-293.193,-190.222,-394.341,0.4323, 0.648581, -0.574353, -0.250156
1687,-293.536,-190.454,-394.813,0.433381, 0.647916, -0.574849, -0.248868
1688,-293.879,-190.687,-395.285,0.434477, 0.647206, -0.575375, -0.247582
1689,-294.222,-190.919,-395.757,0.435588, 0.646459, -0.575932, -0.246285
1690,-294.566,-191.152,-396.23,0.436711, 0.645676, -0.576513, -0.244987
1691,-294.909,-191.385,-396.703,0.43785, 0.644861, -0.577111, -0.24369
1692,-295.253,-191.617,-397.176,0.439002, 0.644017, -0.577729, -0.242382
1693,-295.597,-191.85,-397.65,0.440155, 0.643127, -0.578391, -0.241072
1694,-295.942,-192.084,-398.123,0.441328, 0.642202, -0.579078, -0.23974
1695,-296.286,-192.317,-398.598,0.442511, 0.641251, -0.579783, -0.238397
1696,-296.631,-192.55,-399.072,0.44372, 0.64027, -0.580502, -0.237033
1697,-296.976,-192.784,-399.546,0.44494, 0.639268, -0.581228, -0.235666
1698,-297.321,-193.017,-400.021,0.446185, 0.63825, -0.581948, -0.234292
1699,-297.667,-193.251,-400.496,0.447452, 0.637222, -0.582664, -0.232888
1700,-298.012,-193.485,-400.972,0.448744, 0.636187, -0.583373, -0.231456
1701,-298.358,-193.719,-401.448,0.450033, 0.635159, -0.584072, -0.230006
1702,-298.704,-193.953,-401.924,0.451326, 0.634123, -0.584777, -0.228535
1703,-299.051,-194.188,-402.4,0.452649, 0.633067, -0.585482, -0.227037
1704,-299.397,-194.422,-402.877,0.453961, 0.632008, -0.5862, -0.22551
1705,-299.744,-194.657,-403.354,0.455273, 0.630918, -0.586936, -0.223999
1706,-300.091,-194.891,-403.831,0.456604, 0.629808, -0.587687, -0.222439
1707,-300.438,-195.126,-404.308,0.457951, 0.628676, -0.588452, -0.220843
1708,-300.785,-195.361,-404.786,0.459292, 0.627524, -0.589231, -0.219251
1709,-301.133,-195.596,-405.264,0.460648, 0.62636, -0.590011, -0.217632
1710,-301.481,-195.832,-405.742,0.462015, 0.625164, -0.590811, -0.215997
1711,-301.829,-196.067,-406.221,0.463389, 0.623951, -0.591613, -0.214359
1712,-302.177,-196.303,-406.7,0.464776, 0.622716, -0.592418, -0.212718
1713,-302.525,-196.538,-407.179,0.466176, 0.621445, -0.593241, -0.211072
1714,-302.874,-196.774,-407.658,0.467584, 0.620152, -0.594071, -0.209421
1715,-303.223,-197.01,-408.138,0.469002, 0.618839, -0.594902, -0.207767
1716,-303.572,-197.246,-408.618,0.470409, 0.617522, -0.595735, -0.206111
1717,-303.921,-197.483,-409.098,0.471851, 0.616193, -0.596543, -0.204448
1718,-304.271,-197.719,-409.579,0.473295, 0.61486, -0.597344, -0.20278
1719,-304.62,-197.955,-410.06,0.474744, 0.613525, -0.598129, -0.201113
1720,-304.97,-198.192,-410.541,0.4762, 0.612193, -0.598897, -0.199436
1721,-305.32,-198.429,-411.023,0.477661, 0.610876, -0.599641, -0.197741
1722,-305.671,-198.666,-411.504,0.479123, 0.609569, -0.60036, -0.196044
1723,-306.021,-198.903,-411.986,0.480592, 0.608285, -0.601042, -0.194343
1724,-306.372,-199.14,-412.469,0.482062, 0.607026, -0.601688, -0.192633
1725,-306.723,-199.377,-412.951,0.483549, 0.605775, -0.602298, -0.190929
1726,-307.074,-199.615,-413.434,0.485038, 0.604541, -0.602879, -0.189222
1727,-307.425,-199.852,-413.918,-0.486513, -0.603331, 0.603434, 0.187521
1728,-307.776,-200.09,-414.401,-0.487989, -0.602128, 0.603966, 0.185833
1729,-308.128,-200.328,-414.885,-0.489456, -0.600925, 0.604495, 0.184142
1730,-308.48,-200.566,-415.369,-0.490903, -0.599732, 0.605016, 0.182461
1731,-308.832,-200.804,-415.854,-0.492354, -0.598507, 0.60555, 0.180789
1732,-309.184,-201.042,-416.338,-0.493786, -0.597291, 0.606081, 0.179125
1733,-309.537,-201.281,-416.823,-0.495194, -0.596058, 0.606625, 0.177491
1734,-309.889,-201.519,-417.308,-0.496596, -0.594829, 0.607157, 0.17587
1735,-310.242,-201.758,-417.794,-0.497989, -0.593596, 0.60769, 0.174252
1736,-310.595,-201.997,-418.28,-0.499369, -0.59236, 0.608219, 0.172657
1737,-310.948,-202.236,-418.766,-0.500739, -0.591126, 0.608745, 0.171054
1738,-311.302,-202.475,-419.252,-0.502093, -0.589885, 0.609276, 0.169472
1739,-311.655,-202.714,-419.739,-0.503437, -0.588647, 0.609802, 0.167895
1740,-312.009,-202.954,-420.226,-0.504771, -0.587424, 0.61031, 0.166314
1741,-312.363,-203.193,-420.713,-0.506073, -0.586223, 0.610812, 0.164747
1742,-312.717,-203.433,-421.201,-0.507373, -0.585024, 0.611309, 0.163157
1743,-313.072,-203.673,-421.688,-0.508672, -0.583839, 0.611784, 0.16157
1744,-313.426,-203.913,-422.177,-0.509964, -0.582677, 0.612237, 0.159969
1745,-313.781,-204.153,-422.665,-0.511236, -0.581534, 0.612681, 0.158361
1746,-314.136,-204.393,-423.154,-0.512494, -0.58041, 0.613112, 0.15674
1747,-314.491,-204.633,-423.642,-0.513729, -0.579301, 0.613545, 0.155096
1748,-314.846,-204.874,-424.132,-0.514968, -0.57819, 0.613976, 0.153421
1749,-315.202,-205.114,-424.621,-0.516194, -0.57709, 0.614404, 0.151717
1750,-315.557,-205.355,-425.111,-0.517423, -0.575997, 0.614815, 0.15001
1751,-315.913,-205.596,-425.601,-0.518648, -0.574917, 0.615218, 0.148261
1752,-316.269,-205.837,-426.092,-0.519876, -0.573813, 0.615633, 0.146504
1753,-316.626,-206.079,-426.582,-0.521084, -0.572724, 0.616042, 0.144745
1754,-316.982,-206.32,-427.073,-0.522309, -0.571619, 0.616448, 0.142956
1755,-317.339,-206.562,-427.564,-0.523528, -0.570511, 0.616857, 0.141147
1756,-317.696,-206.803,-428.056,-0.524761, -0.569383, 0.617268, 0.139312
1757,-318.053,-207.045,-428.548,-0.525981, -0.568254, 0.617684, 0.13747
1758,-318.41,-207.287,-429.04,-0.52723, -0.56711, 0.618084, 0.135601
1759,-318.767,-207.53,-429.532,-0.528486, -0.565955, 0.61848, 0.133716
1760,-319.125,-207.772,-430.025,-0.52975, -0.564795, 0.618869, 0.131806
1761,-319.482,-208.014,-430.518,-0.531012, -0.563647, 0.619242, 0.129876
1762,-319.84,-208.257,-431.011,-0.532282, -0.562473, 0.61962, 0.12795
1763,-320.199,-208.5,-431.504,-0.533561, -0.561288, 0.619991, 0.126013
1764,-320.557,-208.743,-431.998,-0.534844, -0.560114, 0.620345, 0.124043
1765,-320.915,-208.986,-432.492,-0.53612, -0.558922, 0.620713, 0.122051
1766,-321.274,-209.229,-432.987,-0.537406, -0.557706, 0.621087, 0.120041
1767,-321.633,-209.472,-433.481,-0.538699, -0.556477, 0.621458, 0.118014
1768,-321.992,-209.716,-433.976,-0.54, -0.555241, 0.621816, 0.115981
1769,-322.351,-209.96,-434.471,-0.54131, -0.553997, 0.622165, 0.113934
1770,-322.711,-210.203,-434.967,-0.542633, -0.552747, 0.622498, 0.111875
1771,-323.071,-210.447,-435.463,-0.543983, -0.551473, 0.622818, 0.109808
1772,-323.43,-210.691,-435.959,-0.545344, -0.550186, 0.623124, 0.107758
1773,-323.791,-210.936,-436.455,-0.546716, -0.548894, 0.623413, 0.105702
1774,-324.151,-211.18,-436.951,-0.548108, -0.547597, 0.623676, 0.103653
1775,-324.511,-211.425,-437.448,-0.549506, -0.546299, 0.623918, 0.101616
1776,-324.872,-211.669,-437.945,-0.550926, -0.54499, 0.624139, 0.0995856
1777,-325.233,-211.914,-438.443,-0.55236, -0.543677, 0.624336, 0.0975585
1778,-325.594,-212.159,-438.941,-0.553788, -0.542368, 0.624522, 0.0955471
1779,-325.955,-212.404,-439.439,-0.555201, -0.541057, 0.624704, 0.0935662
1780,-326.317,-212.65,-439.937,-0.55662, -0.539744, 0.624869, 0.0915942
1781,-326.678,-212.895,-440.435,-0.558042, -0.538413, 0.625036, 0.0896129
1782,-327.04,-213.141,-440.934,-0.55946, -0.537084, 0.625191, 0.0876464
1783,-327.402,-213.386,-441.433,-0.560853, -0.53575, 0.625356, 0.0857042
1784,-327.764,-213.632,-441.933,-0.562222, -0.534404, 0.625542, 0.0837661
1785,-328.127,-213.878,-442.432,-0.56359, -0.533036, 0.625733, 0.0818396
1786,-328.489,-214.124,-442.932,-0.564935, -0.531664, 0.625935, 0.0799237
1787,-328.852,-214.371,-443.433,-0.566261, -0.530289, 0.626143, 0.0780198
1788,-329.215,-214.617,-443.933,-0.567583, -0.528881, 0.626369, 0.0761322
1789,-329.579,-214.864,-444.434,-0.568885, -0.52747, 0.626605, 0.0742436
1790,-329.942,-215.11,-444.935,-0.570177, -0.526056, 0.626837, 0.072375
1791,-330.306,-215.357,-445.436,-0.571451, -0.524635, 0.627081, 0.0705038
1792,-330.669,-215.604,-445.938,-0.572718, -0.523216, 0.627318, 0.0686369
1793,-331.034,-215.852,-446.439,-0.573986, -0.521791, 0.627548, 0.066763
1794,-331.398,-216.099,-446.941,-0.575241, -0.520363, 0.627782, 0.0648917
1795,-331.762,-216.346,-447.444,-0.576484, -0.51894, 0.62801, 0.0630223
1796,-332.127,-216.594,-447.946,-0.577713, -0.517523, 0.628234, 0.0611479
1797,-332.492,-216.842,-448.449,-0.578949, -0.516088, 0.628457, 0.0592628
1798,-332.857,-217.09,-448.952,-0.580172, -0.514645, 0.628687, 0.0573866
1799,-333.222,-217.338,-449.456,-0.581391, -0.513197, 0.628914, 0.0555038
1800,-333.587,-217.586,-449.959,-0.582604, -0.511729, 0.629153, 0.0535993
1801,-333.953,-217.835,-450.463,-0.583812, -0.510252, 0.62939, 0.0517143
1802,-334.318,-218.083,-450.968,-0.585012, -0.508753, 0.629641, 0.0498326
1803,-334.684,-218.332,-451.472,-0.586211, -0.507247, 0.629888, 0.047944
1804,-335.051,-218.581,-451.977,-0.5874, -0.505722, 0.630146, 0.0460727
1805,-335.417,-218.83,-452.482,-0.588584, -0.504182, 0.630408, 0.0442157
1806,-335.784,-219.079,-452.987,-0.589762, -0.502625, 0.630677, 0.0423642
1807,-336.15,-219.328,-453.493,-0.590936, -0.501053, 0.630951, 0.0405118
1808,-336.517,-219.578,-453.999,-0.592126, -0.49947, 0.631208, 0.0386404
1809,-336.884,-219.827,-454.505,-0.5933, -0.497876, 0.631475, 0.0367825
1810,-337.252,-220.077,-455.011,-0.594485, -0.496262, 0.631736, 0.0349483
1811,-337.619,-220.327,-455.518,-0.595669, -0.494644, 0.631989, 0.0331093
1812,-337.987,-220.577,-456.025,-0.596849, -0.493026, 0.632233, 0.0312646
1813,-338.355,-220.827,-456.532,-0.598043, -0.491386, 0.63247, 0.0294207
1814,-338.723,-221.077,-457.039,-0.599243, -0.489739, 0.632694, 0.0275843
1815,-339.092,-221.328,-457.547,-0.600429, -0.488093, 0.632918, 0.0257736
1816,-339.46,-221.579,-458.055,-0.601618, -0.486429, 0.633141, 0.0239753
1817,-339.829,-221.829,-458.563,-0.602796, -0.484754, 0.633371, 0.0221802
1818,-340.198,-222.08,-459.072,-0.603967, -0.483075, 0.633598, 0.0203945
1819,-340.567,-222.332,-459.581,-0.605129, -0.481392, 0.633825, 0.0186103
1820,-340.937,-222.583,-460.09,-0.606278, -0.479699, 0.63406, 0.0168351
1821,-341.306,-222.834,-460.599,-0.607435, -0.477996, 0.634284, 0.0150551
1822,-341.676,-223.086,-461.109,-0.608591, -0.476282, 0.634505, 0.0132737
1823,-342.046,-223.337,-461.619,-0.609738, -0.47456, 0.634728, 0.0115017
1824,-342.416,-223.589,-462.129,-0.610875, -0.47284, 0.634948, 0.00972647
1825,-342.787,-223.841,-462.64,-0.612012, -0.471112, 0.635162, 0.0079707
1826,-343.157,-224.094,-463.15,-0.613138, -0.469396, 0.635367, 0.0061983
1827,-343.528,-224.346,-463.661,-0.614264, -0.467682, 0.635558, 0.00443408
1828,-343.899,-224.598,-464.173,-0.615381, -0.465987, 0.635732, 0.00267168
1829,-344.27,-224.851,-464.684,-0.616488, -0.464294, 0.635904, 0.000908729
1830,-344.642,-225.104,-465.196,-0.617589, -0.462612, 0.636061, -0.000849436
1831,-345.013,-225.357,-465.708,-0.618669, -0.460931, 0.636226, -0.00261801
1832,-345.385,-225.61,-466.221,-0.619751, -0.459241, 0.636386, -0.00438794
1833,-345.757,-225.863,-466.733,-0.620805, -0.457557, 0.636556, -0.00615181
1834,-346.129,-226.116,-467.246,-0.621852, -0.455872, 0.636724, -0.00791348
1835,-346.501,-226.37,-467.759,-0.62289, -0.454177, 0.636897, -0.00966443
1836,-346.874,-226.623,-468.273,-0.623916, -0.452469, 0.63708, -0.0114154
1837,-347.247,-226.877,-468.787,-0.624932, -0.450754, 0.637265, -0.0131682
1838,-347.619,-227.131,-469.301,-0.625942, -0.449028, 0.637454, -0.0149161
1839,-347.993,-227.385,-469.815,-0.626953, -0.44729, 0.637639, -0.0166667
1840,-348.366,-227.64,-470.329,-0.627949, -0.445539, 0.637838, -0.0184056
1841,-348.739,-227.894,-470.844,-0.628945, -0.443768, 0.638038, -0.0201388
1842,-349.113,-228.149,-471.359,-0.629926, -0.442008, 0.638236, -0.021841
1843,-349.487,-228.403,-471.875,-0.630911, -0.44023, 0.638431, -0.0235414
1844,-349.861,-228.658,-472.39,-0.631891, -0.438448, 0.638623, -0.0252445
1845,-350.235,-228.913,-472.906,-0.632873, -0.436656, 0.638809, -0.0269382
1846,-350.61,-229.168,-473.422,-0.633847, -0.434867, 0.638991, -0.0286165
1847,-350.985,-229.424,-473.939,-0.634823, -0.433054, 0.639177, -0.0302842
1848,-351.36,-229.679,-474.455,-0.635791, -0.431251, 0.639353, -0.0319496
1849,-351.735,-229.935,-474.972,-0.636758, -0.429438, 0.639526, -0.033587
1850,-352.11,-230.19,-475.49,-0.637727, -0.427617, 0.639692, -0.0352384
1851,-352.486,-230.446,-476.007,-0.638686, -0.425808, 0.63985, -0.0368739
1852,-352.861,-230.702,-476.525,-0.63964, -0.424004, 0.639999, -0.0385026
1853,-353.237,-230.958,-477.043,0.640595, 0.4222, -0.640135, 0.0401492
1854,-353.613,-231.215,-477.561,0.641554, 0.420387, -0.640263, 0.0417876
1855,-353.989,-231.471,-478.08,0.642503, 0.41858, -0.640387, 0.0434251
1856,-354.366,-231.728,-478.599,0.643445, 0.416769, -0.640509, 0.0450655
1857,-354.743,-231.985,-479.118,0.644382, 0.414963, -0.640623, 0.0466882
1858,-355.119,-232.242,-479.637,0.645314, 0.413149, -0.640735, 0.0483257
1859,-355.497,-232.499,-480.157,0.646229, 0.411334, -0.640857, 0.0499444
1860,-355.874,-232.756,-480.677,0.647139, 0.409517, -0.640975, 0.0515517
1861,-356.251,-233.013,-481.197,0.648047, 0.407677, -0.6411, 0.0531499
1862,-356.629,-233.271,-481.718,0.648943, 0.405831, -0.641233, 0.0547248
1863,-357.007,-233.528,-482.238,0.649826, 0.403982, -0.64137, 0.0562999
1864,-357.385,-233.786,-482.759,0.650699, 0.402126, -0.641513, 0.0578559
1865,-357.763,-234.044,-483.281,0.651552, 0.400271, -0.641666, 0.0593971
1866,-358.141,-234.302,-483.802,0.652408, 0.398386, -0.641826, 0.0609314
1867,-358.52,-234.561,-484.324,0.653255, 0.396503, -0.641984, 0.0624572
1868,-358.899,-234.819,-484.846,0.654082, 0.394604, -0.642163, 0.0639677
1869,-359.278,-235.078,-485.369,0.654902, 0.392697, -0.642343, 0.0654857
1870,-359.657,-235.336,-485.891,0.655713, 0.390777, -0.642529, 0.0670025
1871,-360.037,-235.595,-486.414,0.656518, 0.388846, -0.642719, 0.0685139
1872,-360.416,-235.854,-486.937,0.657307, 0.386921, -0.642911, 0.0700373
1873,-360.796,-236.113,-487.461,0.6581, 0.384996, -0.643087, 0.0715611
1874,-361.176,-236.373,-487.985,0.658879, 0.383092, -0.643256, 0.0730823
1875,-361.556,-236.632,-488.508,0.659651, 0.381186, -0.643421, 0.0746075
1876,-361.937,-236.892,-489.033,0.660407, 0.379281, -0.643591, 0.0761525
1877,-362.317,-237.152,-489.557,0.661151, 0.377399, -0.64375, 0.0776889
1878,-362.698,-237.412,-490.082,0.661889, 0.375533, -0.643891, 0.0792519
1879,-363.079,-237.672,-490.607,0.662632, 0.373664, -0.644019, 0.0808377
1880,-363.46,-237.932,-491.133,0.663375, 0.3718, -0.644133, 0.0824169
1881,-363.841,-238.192,-491.658,0.664097, 0.369929, -0.644261, 0.0839944
1882,-364.223,-238.453,-492.184,0.66482, 0.368044, -0.644389, 0.0855609
1883,-364.605,-238.714,-492.71,0.665539, 0.366166, -0.644506, 0.0871339
1884,-364.986,-238.974,-493.237,0.666253, 0.364301, -0.644613, 0.0886887
1885,-365.369,-239.235,-493.763,0.666972, 0.362435, -0.644709, 0.0902182
1886,-365.751,-239.497,-494.29,0.6677, 0.360564, -0.644791, 0.0917336
1887,-366.133,-239.758,-494.818,0.668428, 0.35869, -0.644865, 0.0932444
1888,-366.516,-240.019,-495.345,0.669158, 0.356831, -0.644921, 0.0947375
1889,-366.899,-240.281,-495.873,0.669895, 0.354982, -0.644958, 0.0962169
1890,-367.282,-240.543,-496.401,0.670627, 0.353137, -0.644989, 0.097683
1891,-367.665,-240.805,-496.93,0.67137, 0.351297, -0.644999, 0.099145
1892,-368.049,-241.067,-497.458,0.672094, 0.349473, -0.645008, 0.100611
1893,-368.432,-241.329,-497.987,0.672805, 0.347677, -0.645008, 0.102073
1894,-368.816,-241.591,-498.516,0.673526, 0.345901, -0.644976, 0.103544
1895,-369.2,-241.854,-499.046,0.674251, 0.344131, -0.644926, 0.105018
1896,-369.584,-242.116,-499.576,0.674965, 0.342413, -0.644854, 0.10648
1897,-369.968,-242.379,-500.106,0.675668, 0.340734, -0.644764, 0.107948
1898,-370.353,-242.642,-500.636,0.676372, 0.33907, -0.644656, 0.109411
1899,-370.738,-242.905,-501.167,0.677063, 0.337422, -0.644552, 0.110838
1900,-371.123,-243.169,-501.698,0.677744, 0.335801, -0.644438, 0.112248
1901,-371.508,-243.432,-502.229,0.678411, 0.334197, -0.644325, 0.113648
1902,-371.893,-243.696,-502.76,0.67906, 0.33263, -0.644206, 0.115035
1903,-372.279,-243.959,-503.292,0.679698, 0.331083, -0.644083, 0.116412
1904,-372.664,-244.223,-503.824,0.680332, 0.329525, -0.643968, 0.117757
1905,-373.05,-244.487,-504.356,0.680957, 0.327977, -0.643856, 0.119076
1906,-373.436,-244.752,-504.889,0.68157, 0.326455, -0.643741, 0.120363
1907,-373.823,-245.016,-505.422,0.682185, 0.324925, -0.643625, 0.12163
1908,-374.209,-245.28,-505.955,0.682797, 0.323419, -0.643498, 0.122876
1909,-374.596,-245.545,-506.488,0.683396, 0.321944, -0.643372, 0.124075
1910,-374.983,-245.81,-507.022,0.684001, 0.320466, -0.643238, 0.125256
1911,-375.37,-246.075,-507.556,0.684597, 0.319012, -0.643099, 0.126421
1912,-375.757,-246.34,-508.09,0.685196, 0.317549, -0.642958, 0.127573
1913,-376.144,-246.605,-508.624,0.685782, 0.316107, -0.64281, 0.12874
1914,-376.532,-246.87,-509.159,0.68637, 0.314673, -0.642651, 0.129911
1915,-376.92,-247.136,-509.694,0.686946, 0.313284, -0.642479, 0.131065
1916,-377.308,-247.402,-510.229,0.687501, 0.311937, -0.642305, 0.132218
1917,-377.696,-247.668,-510.765,0.688051, 0.310587, -0.642128, 0.133388
1918,-378.084,-247.934,-511.301,0.688586, 0.309276, -0.641949, 0.134538
1919,-378.473,-248.2,-511.837,0.689106, 0.307998, -0.641763, 0.135682
1920,-378.862,-248.466,-512.373,0.689638, 0.306739, -0.641553, 0.136821
1921,-379.251,-248.733,-512.91,0.690157, 0.305511, -0.641344, 0.13793
1922,-379.64,-248.999,-513.447,0.690671, 0.304299, -0.641135, 0.139001
1923,-380.029,-249.266,-513.984,0.691192, 0.303074, -0.640927, 0.140047
1924,-380.419,-249.533,-514.522,0.691698, 0.301845, -0.640736, 0.141069
1925,-380.809,-249.8,-515.06,0.692189, 0.300614, -0.640567, 0.142052
1926,-381.199,-250.067,-515.598,0.692671, 0.299406, -0.640404, 0.142985
1927,-381.589,-250.335,-516.136,0.693154, 0.298188, -0.640248, 0.143885
1928,-381.979,-250.602,-516.674,0.693627, 0.296976, -0.640111, 0.14472
1929,-382.37,-250.87,-517.213,0.694092, 0.295761, -0.639991, 0.145507
1930,-382.761,-251.138,-517.752,0.694541, 0.294542, -0.639894, 0.146264
1931,-383.152,-251.406,-518.292,0.694987, 0.293319, -0.639803, 0.146999
1932,-383.543,-251.674,-518.832,0.695422, 0.292131, -0.639709, 0.147716
1933,-383.934,-251.942,-519.371,0.695845, 0.290957, -0.639624, 0.148407
1934,-384.326,-252.211,-519.912,0.696268, 0.2898, -0.639534, 0.149075
1935,-384.718,-252.479,-520.452,0.696671, 0.288677, -0.639449, 0.149732
1936,-385.11,-252.748,-520.993,0.697069, 0.287575, -0.639362, 0.150372
1937,-385.502,-253.017,-521.534,0.697465, 0.286487, -0.639268, 0.15101
1938,-385.894,-253.286,-522.075,0.697856, 0.285433, -0.639164, 0.151642
1939,-386.287,-253.555,-522.617,0.698239, 0.284386, -0.639059, 0.152286
1940,-386.68,-253.824,-523.159,0.698623, 0.283346, -0.638949, 0.15292
1941,-387.073,-254.094,-523.701,0.699005, 0.282296, -0.638841, 0.153566
1942,-387.466,-254.364,-524.243,0.69938, 0.281273, -0.638731, 0.154192
1943,-387.859,-254.633,-524.786,0.699743, 0.28027, -0.638624, 0.154814
1944,-388.253,-254.903,-525.329,0.700114, 0.279246, -0.638514, 0.15544
1945,-388.646,-255.173,-525.872,0.700493, 0.278243, -0.638395, 0.156018
1946,-389.04,-255.444,-526.416,0.700873, 0.277265, -0.638269, 0.15657
1947,-389.435,-255.714,-526.96,0.701255, 0.276311, -0.638136, 0.15709
1948,-389.829,-255.985,-527.504,0.701644, 0.275371, -0.637989, 0.157596
1949,-390.223,-256.255,-528.048,0.702033, 0.274448, -0.637838, 0.158084
1950,-390.618,-256.526,-528.593,0.702409, 0.273549, -0.637695, 0.158548
1951,-391.013,-256.797,-529.138,0.702777, 0.272675, -0.637549, 0.159009
1952,-391.408,-257.068,-529.683,0.703132, 0.27182, -0.637409, 0.159463
1953,-391.803,-257.34,-530.228,0.703491, 0.270979, -0.637259, 0.159911
1954,-392.199,-257.611,-530.774,0.70383, 0.270162, -0.637125, 0.160336
1955,-392.594,-257.883,-531.32,0.704158, 0.269387, -0.636983, 0.160763
1956,-392.99,-258.154,-531.866,0.704478, 0.26863, -0.636845, 0.161177
1957,-393.386,-258.426,-532.413,0.704783, 0.267906, -0.636704, 0.161602
1958,-393.782,-258.698,-532.96,0.705071, 0.267243, -0.636551, 0.162045
1959,-394.179,-258.971,-533.507,0.705343, 0.266631, -0.636391, 0.1625
1960,-394.575,-259.243,-534.054,0.705612, 0.266055, -0.636216, 0.162959
1961,-394.972,-259.516,-534.602,0.705857, 0.265542, -0.636035, 0.163442
1962,-395.369,-259.788,-535.15,0.706094, 0.265083, -0.635834, 0.163943
1963,-395.766,-260.061,-535.698,0.706311, 0.264642, -0.635648, 0.164441
1964,-396.163,-260.334,-536.247,0.706527, 0.264249, -0.635445, 0.164929
1965,-396.561,-260.607,-536.796,0.706728, 0.263871, -0.635251, 0.16542
1966,-396.959,-260.881,-537.345,0.706929, 0.26351, -0.635052, 0.165902
1967,-397.356,-261.154,-537.894,0.707106, 0.263176, -0.634871, 0.166366
1968,-397.754,-261.428,-538.444,0.70729, 0.262835, -0.634697, 0.16679
1969,-398.153,-261.702,-538.994,0.707475, 0.262492, -0.634522, 0.167211
1970,-398.551,-261.976,-539.544,0.707665, 0.262152, -0.634342, 0.167622
1971,-398.95,-262.25,-540.095,0.707855, 0.261811, -0.634171, 0.167997
1972,-399.349,-262.524,-540.646,0.708042, 0.261485, -0.634001, 0.168357
1973,-399.748,-262.798,-541.197,0.708244, 0.261154, -0.633819, 0.16871
1974,-400.147,-263.073,-541.748,0.708447, 0.260832, -0.633638, 0.169034
1975,-400.546,-263.347,-542.3,0.708662, 0.260499, -0.633447, 0.169362
1976,-400.946,-263.622,-542.852,0.708879, 0.260178, -0.633249, 0.169687
1977,-401.346,-263.897,-543.404,0.7091, 0.259856, -0.633051, 0.169998
1978,-401.746,-264.172,-543.956,0.709315, 0.259535, -0.632857, 0.170312
1979,-402.146,-264.447,-544.509,0.709526, 0.259214, -0.632666, 0.170632
1980,-402.547,-264.723,-545.062,0.70974, 0.258884, -0.632479, 0.170934
1981,-402.947,-264.998,-545.616,0.709961, 0.258534, -0.632293, 0.171238
1982,-403.348,-265.274,-546.169,0.710172, 0.258185, -0.632114, 0.171545
1983,-403.749,-265.55,-546.723,0.710379, 0.257854, -0.631935, 0.171847
1984,-404.15,-265.826,-547.277,0.710578, 0.257535, -0.63176, 0.172147
1985,-404.552,-266.102,-547.832,0.710778, 0.257227, -0.631577, 0.172449
1986,-404.953,-266.378,-548.387,0.710995, 0.256915, -0.631383, 0.172732
1987,-405.355,-266.654,-548.942,0.711216, 0.256619, -0.631181, 0.173002
1988,-405.757,-266.931,-549.497,0.711444, 0.256322, -0.630974, 0.173255
1989,-406.159,-267.208,-550.053,0.711665, 0.256063, -0.630762, 0.173504
1990,-406.562,-267.484,-550.609,0.711883, 0.255804, -0.630555, 0.173746
1991,-406.964,-267.761,-551.165,0.712101, 0.255547, -0.630348, 0.173979
1992,-407.367,-268.038,-551.722,0.712308, 0.255299, -0.63015, 0.174213
1993,-407.77,-268.316,-552.278,0.712508, 0.25505, -0.629957, 0.17446
1994,-408.173,-268.593,-552.835,0.712707, 0.254806, -0.62977, 0.174676
1995,-408.576,-268.871,-553.393,0.712898, 0.254575, -0.629585, 0.1749
1996,-408.98,-269.148,-553.95,0.713091, 0.254348, -0.6294, 0.175111
1997,-409.384,-269.426,-554.508,0.713285, 0.254146, -0.629206, 0.175312
1998,-409.787,-269.704,-555.067,0.713481, 0.253948, -0.629011, 0.175501
1999,-410.192,-269.982,-555.625,0.713675, 0.253771, -0.628812, 0.175682
2000,-410.596,-270.26,-556.184,0.71386, 0.253596, -0.628615, 0.175887
2001,-411,-270.539,-556.743,0.714038, 0.253433, -0.628418, 0.176102
2002,-411.405,-270.817,-557.302,0.714205, 0.253282, -0.628226, 0.176329
2003,-411.81,-271.096,-557.862,0.714346, 0.253153, -0.628046, 0.176583
2004,-412.215,-271.375,-558.422,0.714468, 0.253032, -0.627882, 0.17685
2005,-412.62,-271.654,-558.982,0.714562, 0.252919, -0.627739, 0.177134
2006,-413.026,-271.933,-559.543,0.714646, 0.252802, -0.627601, 0.177452
2007,-413.431,-272.212,-560.103,0.714712, 0.25269, -0.627474, 0.177795
2008,-413.837,-272.492,-560.665,0.714765, 0.252573, -0.627359, 0.178153
2009,-414.243,-272.772,-561.226,0.714821, 0.252465, -0.627233, 0.178525
2010,-414.649,-273.051,-561.788,0.714867, 0.252359, -0.627122, 0.17888
2011,-415.056,-273.331,-562.349,0.714926, 0.252244, -0.626998, 0.179242
2012,-415.462,-273.611,-562.912,0.71499, 0.252109, -0.626879, 0.179595
2013,-415.869,-273.892,-563.474,0.715051, 0.251974, -0.626768, 0.179926
2014,-416.276,-274.172,-564.037,0.715113, 0.251824, -0.626662, 0.180256
2015,-416.683,-274.453,-564.6,0.715179, 0.251645, -0.626563, 0.180589
2016,-417.091,-274.733,-565.163,0.715251, 0.251422, -0.626482, 0.180896
2017,-417.498,-275.014,-565.727,0.715323, 0.251178, -0.626414, 0.181186
2018,-417.906,-275.295,-566.291,0.715406, 0.250906, -0.62635, 0.181456
2019,-418.314,-275.576,-566.855,0.715488, 0.25061, -0.626301, 0.181711
2020,-418.723,-275.858,-567.42,0.715574, 0.250312, -0.626259, 0.181925
2021,-419.131,-276.139,-567.984,0.715665, 0.25001, -0.626223, 0.182107
2022,-419.54,-276.421,-568.549,0.715767, 0.249702, -0.626192, 0.182237
2023,-419.949,-276.703,-569.115,0.715882, 0.249387, -0.626152, 0.182355
2024,-420.358,-276.985,-569.68,0.716001, 0.249083, -0.626115, 0.182431
2025,-420.767,-277.267,-570.246,0.716119, 0.248785, -0.626079, 0.182497
2026,-421.176,-277.549,-570.813,0.716239, 0.248497, -0.626035, 0.182567
2027,-421.586,-277.831,-571.379,0.716348, 0.248216, -0.626, 0.182641
2028,-421.996,-278.114,-571.946,0.716441, 0.247966, -0.625974, 0.182708
2029,-422.406,-278.396,-572.513,0.716521, 0.247734, -0.62594, 0.182826
2030,-422.816,-278.679,-573.08,0.716577, 0.247515, -0.625919, 0.182974
2031,-423.227,-278.962,-573.648,0.716617, 0.247327, -0.625903, 0.183128
2032,-423.637,-279.245,-574.216,0.716642, 0.247154, -0.625888, 0.18331
2033,-424.048,-279.529,-574.784,0.716664, 0.246996, -0.625868, 0.183506
2034,-424.459,-279.812,-575.353,0.716679, 0.246857, -0.625841, 0.183729
2035,-424.87,-280.096,-575.922,0.716689, 0.246731, -0.625816, 0.183943
2036,-425.282,-280.379,-576.491,0.716708, 0.24658, -0.625788, 0.184167
2037,-425.693,-280.663,-577.06,0.716726, 0.246442, -0.625756, 0.18439
2038,-426.105,-280.947,-577.63,0.716756, 0.2463, -0.625719, 0.184592
2039,-426.517,-281.231,-578.2,0.716795, 0.24613, -0.62568, 0.184796
2040,-426.929,-281.516,-578.77,0.716848, 0.245951, -0.625632, 0.184991
2041,-427.341,-281.8,-579.341,0.716916, 0.245757, -0.625574, 0.185181
2042,-427.754,-282.085,-579.911,0.716979, 0.245538, -0.625535, 0.18536
2043,-428.166,-282.37,-580.483,0.717058, 0.245304, -0.625485, 0.185534
2044,-428.579,-282.655,-581.054,0.717137, 0.245069, -0.625432, 0.185715
2045,-428.992,-282.94,-581.626,0.717215, 0.244835, -0.625379, 0.185903
2046,-429.406,-283.225,-582.198,0.717297, 0.244594, -0.625323, 0.186091
2047,-429.819,-283.511,-582.77,0.717375, 0.244355, -0.625274, 0.18627
2048,-430.233,-283.796,-583.342,0.717452, 0.24409, -0.625229, 0.186473
2049,-430.646,-284.082,-583.915,0.717532, 0.243797, -0.625181, 0.186709
2050,-431.06,-284.368,-584.488,0.717602, 0.243526, -0.625133, 0.186952
2051,-431.475,-284.654,-585.062,0.717662, 0.243238, -0.625097, 0.187216
2052,-431.889,-284.94,-585.635,0.717724, 0.242967, -0.625044, 0.187508
2053,-432.304,-285.226,-586.209,0.717779, 0.242683, -0.625003, 0.187804
2054,-432.718,-285.513,-586.784,0.717836, 0.242401, -0.624955, 0.188109
2055,-433.133,-285.799,-587.358,0.717897, 0.242106, -0.624894, 0.188455
2056,-433.548,-286.086,-587.933,0.717943, 0.241826, -0.624839, 0.188823
2057,-433.964,-286.373,-588.508,0.717985, 0.24152, -0.624796, 0.189197
2058,-434.379,-286.66,-589.084,0.71803, 0.241218, -0.624744, 0.189581
2059,-434.795,-286.948,-589.659,0.718072, 0.240913, -0.624694, 0.189977
2060,-435.21,-287.235,-590.235,0.718125, 0.2406, -0.624631, 0.190377
2061,-435.626,-287.523,-590.811,0.718179, 0.240279, -0.624565, 0.190796
2062,-436.043,-287.81,-591.388,0.718235, 0.239941, -0.624501, 0.191221
2063,-436.459,-288.098,-591.965,0.718295, 0.239624, -0.624423, 0.191647
2064,-436.876,-288.386,-592.542,0.718369, 0.239313, -0.624333, 0.192054
2065,-437.292,-288.675,-593.119,0.718452, 0.238994, -0.624244, 0.192427
2066,-437.709,-288.963,-593.697,0.718538, 0.238676, -0.624153, 0.192796
2067,-438.126,-289.251,-594.275,0.718623, 0.238368, -0.624064, 0.193149
2068,-438.544,-289.54,-594.853,0.718715, 0.238068, -0.623972, 0.193469
2069,-438.961,-289.829,-595.432,0.718812, 0.237765, -0.623881, 0.193778
2070,-439.379,-290.118,-596.011,0.71892, 0.237453, -0.623783, 0.194076
2071,-439.797,-290.407,-596.59,0.719022, 0.237145, -0.623695, 0.194353
2072,-440.215,-290.696,-597.169,0.719129, 0.236849, -0.623603, 0.194614
2073,-440.633,-290.985,-597.749,0.719243, 0.236561, -0.623505, 0.194859
2074,-441.051,-291.275,-598.329,0.719375, 0.236275, -0.623389, 0.19509
2075,-441.47,-291.564,-598.91,0.719506, 0.235993, -0.623269, 0.195331
2076,-441.889,-291.854,-599.49,0.719647, 0.235706, -0.623132, 0.195597
2077,-442.308,-292.144,-600.071,0.719776, 0.235432, -0.623002, 0.195863
2078,-442.727,-292.434,-600.652,0.719925, 0.235154, -0.62285, 0.196135
2079,-443.146,-292.725,-601.234,0.720076, 0.234867, -0.622692, 0.196425
2080,-443.566,-293.015,-601.816,0.720239, 0.234578, -0.622514, 0.196736
2081,-443.985,-293.305,-602.398,0.72041, 0.234319, -0.622319, 0.197036
2082,-444.405,-293.596,-602.98,0.720578, 0.234066, -0.622118, 0.197356
2083,-444.825,-293.887,-603.563,0.72076, 0.233797, -0.621905, 0.197682
2084,-445.245,-294.178,-604.146,0.720963, 0.233514, -0.62167, 0.198015
2085,-445.666,-294.469,-604.729,0.721171, 0.233223, -0.621439, 0.198325
2086,-446.086,-294.76,-605.313,0.721392, 0.232942, -0.621197, 0.198609
2087,-446.507,-295.052,-605.897,0.721617, 0.232651, -0.620957, 0.198884
2088,-446.928,-295.344,-606.481,0.721867, 0.232353, -0.620695, 0.199143
2089,-447.349,-295.635,-607.065,0.722106, 0.232057, -0.620443, 0.199408
2090,-447.771,-295.927,-607.65,0.722343, 0.231758, -0.6202, 0.199651
2091,-448.192,-296.219,-608.235,0.722595, 0.231454, -0.619943, 0.199889
2092,-448.614,-296.512,-608.82,0.72285, 0.231143, -0.619689, 0.200117
2093,-449.036,-296.804,-609.406,0.723118, 0.230834, -0.619424, 0.200325
2094,-449.458,-297.097,-609.992,0.723387, 0.230538, -0.619151, 0.200537
2095,-449.88,-297.389,-610.578,0.72364, 0.230263, -0.618889, 0.20075
2096,-450.303,-297.682,-611.165,0.723896, 0.22999, -0.618622, 0.200963
2097,-450.726,-297.975,-611.751,0.724137, 0.229755, -0.618358, 0.201176
2098,-451.149,-298.268,-612.338,0.724376, 0.229549, -0.61809, 0.201372
2099,-451.572,-298.562,-612.926,0.724615, 0.229347, -0.617817, 0.201581
2100,-451.995,-298.855,-613.513,0.724864, 0.229153, -0.617536, 0.201769
2101,-452.418,-299.149,-614.101,0.725105, 0.228978, -0.61726, 0.201949
2102,-452.842,-299.443,-614.689,0.725328, 0.228814, -0.617003, 0.202117
2103,-453.266,-299.737,-615.278,0.725539, 0.228645, -0.616759, 0.202295
2104,-453.69,-300.031,-615.867,0.725739, 0.228486, -0.616515, 0.202501
2105,-454.114,-300.326,-616.456,0.725921, 0.228335, -0.616288, 0.202709
2106,-454.539,-300.62,-617.045,0.726092, 0.228192, -0.616082, 0.202885
2107,-454.964,-300.915,-617.635,0.726259, 0.228045, -0.61588, 0.203065
2108,-455.388,-301.21,-618.225,0.72642, 0.227893, -0.615696, 0.203217
2109,-455.813,-301.505,-618.815,0.726582, 0.227725, -0.615514, 0.203377
2110,-456.239,-301.8,-619.405,0.726741, 0.227551, -0.61535, 0.203501
2111,-456.664,-302.096,-619.996,0.726883, 0.227338, -0.61522, 0.203623
2112,-457.09,-302.391,-620.587,0.727027, 0.2271, -0.615094, 0.203757
2113,-457.516,-302.687,-621.178,0.727166, 0.226859, -0.614975, 0.203886
2114,-457.942,-302.983,-621.77,0.727312, 0.226623, -0.614855, 0.203992
2115,-458.368,-303.279,-622.362,0.727468, 0.226383, -0.614733, 0.204071
2116,-458.795,-303.575,-622.954,0.727639, 0.226119, -0.614606, 0.204135
2117,-459.221,-303.872,-623.546,0.727807, 0.225845, -0.614494, 0.204178
2118,-459.648,-304.168,-624.139,0.727994, 0.225569, -0.614367, 0.204197
2119,-460.075,-304.465,-624.732,0.728193, 0.225276, -0.614233, 0.204213
2120,-460.503,-304.762,-625.325,0.728411, 0.224978, -0.61409, 0.204197
2121,-460.93,-305.059,-625.919,0.728624, 0.224707, -0.613939, 0.204186
2122,-461.358,-305.356,-626.513,0.728858, 0.224427, -0.613764, 0.204185
2123,-461.786,-305.654,-627.107,0.729091, 0.224159, -0.613577, 0.204212
2124,-462.214,-305.951,-627.701,0.729319, 0.223913, -0.613383, 0.204249
2125,-462.642,-306.249,-628.296,0.729561, 0.223659, -0.613176, 0.204284
2126,-463.07,-306.547,-628.891,0.729803, 0.223423, -0.612966, 0.204309
2127,-463.499,-306.845,-629.486,0.730047, 0.223176, -0.61275, 0.204354
2128,-463.928,-307.143,-630.082,0.730298, 0.222924, -0.612524, 0.20441
2129,-464.357,-307.441,-630.678,0.730541, 0.222665, -0.612309, 0.204469
2130,-464.786,-307.74,-631.274,0.730784, 0.222401, -0.612103, 0.204506
2131,-465.215,-308.038,-631.87,0.731022, 0.222106, -0.61191, 0.204555
2132,-465.645,-308.337,-632.467,0.731258, 0.221779, -0.611729, 0.204606
2133,-466.075,-308.636,-633.064,0.731485, 0.221424, -0.61157, 0.204652
2134,-466.505,-308.935,-633.661,0.73171, 0.221035, -0.611421, 0.204717
2135,-466.935,-309.234,-634.258,0.731932, 0.22061, -0.611289, 0.204775
2136,-467.365,-309.534,-634.856,0.732166, 0.220151, -0.611155, 0.204832
2137,-467.796,-309.833,-635.454,0.732401, 0.219668, -0.611035, 0.204869
2138,-468.227,-310.133,-636.053,0.732636, 0.219138, -0.61093, 0.204909
2139,-468.658,-310.433,-636.651,0.732875, 0.218573, -0.61083, 0.204957
2140,-469.089,-310.733,-637.25,0.73312, 0.217982, -0.610733, 0.204998
2141,-469.521,-311.033,-637.849,0.733353, 0.217359, -0.61066, 0.205043
2142,-469.952,-311.333,-638.448,0.73359, 0.21673, -0.610582, 0.205094
2143,-470.384,-311.634,-639.048,0.733821, 0.216085, -0.610517, 0.205142
2144,-470.816,-311.934,-639.648,0.734038, 0.215461, -0.610458, 0.205196
2145,-471.248,-312.235,-640.248,0.734269, 0.21483, -0.610369, 0.205299
2146,-471.681,-312.536,-640.849,0.734483, 0.214229, -0.61028, 0.205426
2147,-472.113,-312.837,-641.449,0.734699, 0.213655, -0.610164, 0.205594
2148,-472.546,-313.139,-642.05,0.7349, 0.213126, -0.610029, 0.205824
2149,-472.979,-313.44,-642.652,0.735079, 0.212629, -0.609899, 0.206087
2150,-473.412,-313.742,-643.253,0.735248, 0.212156, -0.60975, 0.20641
2151,-473.845,-314.043,-643.855,0.735398, 0.211726, -0.609597, 0.20677
2152,-474.279,-314.345,-644.457,0.735536, 0.21132, -0.609433, 0.207175
2153,84.0574,-80.3848,-157.566,0.162083, 0.157504, 0.791593, 0.567716
2154,83.0112,-80.0371,-157.397,0.162089, 0.157344, 0.791941, 0.567273
2155,81.965,-79.6895,-157.228,0.162088, 0.157144, 0.792298, 0.566831
2156,80.9189,-79.3418,-157.059,0.162084, 0.156899, 0.79267, 0.566379
2157,4.81338,-14.756,14.1791,0.12208, -0.0529706, 0.890858, 0.434353
2158,4.76252,-15.143,14.0157,0.121974, -0.0532312, 0.891107, 0.433841
2159,4.7117,-15.53,13.8523,0.121875, -0.0535087, 0.891359, 0.433316
2160,4.66092,-15.917,13.6889,0.121769, -0.0538156, 0.89161, 0.432792
2161,-4.77059,5.53676,3.02014,0.104385, 0.0159232, 0.876512, 0.469656
2162,-4.76301,5.54712,3.09762,0.104328, 0.015623, 0.876807, 0.469129
2163,-4.75538,5.55744,3.17509,0.104287, 0.0153257, 0.877087, 0.468624
2164,-4.74769,5.56772,3.25253,0.104243, 0.0150123, 0.877364, 0.468124
2165,-4.73995,5.57797,3.32996,0.104206, 0.0146894, 0.87764, 0.467626
2166,-4.73215,5.58818,3.40737,0.104167, 0.0143681, 0.877905, 0.467147
2167,-4.72429,5.59836,3.48476,0.104128, 0.0140416, 0.878166, 0.466673
2168,-4.71638,5.60851,3.56213,0.104108, 0.0137311, 0.878421, 0.466207
2169,-4.7084,5.61863,3.63948,0.104102, 0.0134271, 0.878665, 0.465757
2170,-4.70037,5.62872,3.71681,0.104116, 0.0131425, 0.878901, 0.465318
2171,-4.69226,5.63878,3.79413,0.104136, 0.0128601, 0.879133, 0.464882
2172,-3.55663,5.46565,1.72861,0.0610959, -0.0250482, 0.890947, 0.449281
2173,-3.549,5.47687,1.73167,0.0610962, -0.0252924, 0.891163, 0.448838
2174,-3.54132,5.48804,1.73471,0.0611087, -0.0255211, 0.891383, 0.448386
2175,-3.5336,5.49919,1.73774,0.0611372, -0.0257207, 0.891596, 0.447949
2176,-3.52583,5.5103,1.74075,0.061174, -0.025907, 0.89181, 0.447505
2177,-3.51802,5.52138,1.74377,0.0612225, -0.0260786, 0.892026, 0.447059
2178,-3.51016,5.53242,1.74677,0.0612666, -0.0262471, 0.892237, 0.446622
2179,-3.50226,5.54343,1.74977,0.0613115, -0.0263991, 0.892444, 0.446192
2180,-3.49433,5.5544,1.75277,0.0613499, -0.0265547, 0.892631, 0.445804
2181,-3.48635,5.56534,1.75576,0.061396, -0.0267126, 0.892816, 0.445417
2182,-3.47833,5.57623,1.75875,0.0614431, -0.0268595, 0.892995, 0.445044
2183,-3.57364,5.36497,1.78008,0.0481374, -0.017761, 0.88342, 0.465765
2184,-3.56849,5.37159,1.78298,0.0481916, -0.017915, 0.883602, 0.465407
2185,-3.56331,5.37818,1.78588,0.0482397, -0.0181031, 0.883781, 0.465056
2186,-3.5581,5.38472,1.78878,0.0482732, -0.0182964, 0.883966, 0.464693
2187,-3.55286,5.39123,1.79168,0.0483249, -0.0185005, 0.884136, 0.464356
2188,-3.54758,5.3977,1.79458,0.0483715, -0.0187198, 0.884305, 0.46402
2189,-3.54227,5.40413,1.79748,0.0484255, -0.0189594, 0.884471, 0.463688
2190,-3.53692,5.41052,1.80037,0.048477, -0.0191948, 0.884626, 0.463377
2191,-3.62628,5.32133,1.7654,0.0409416, -0.0214802, 0.884449, 0.46434
2192,-3.62426,5.32459,1.76696,0.0409932, -0.0217338, 0.884597, 0.464042
2193,-3.62222,5.32781,1.76852,0.0410532, -0.0219887, 0.884744, 0.463744
2194,-3.62015,5.33099,1.77008,0.0411177, -0.022252, 0.88489, 0.463447
2195,-3.61804,5.33413,1.77164,0.041178, -0.0225377, 0.885028, 0.463166
2196,-3.61591,5.33724,1.7732,0.0412305, -0.0228181, 0.885167, 0.462881
2197,-3.61374,5.34031,1.77475,0.0412951, -0.023107, 0.885312, 0.462583
2198,-3.61155,5.34334,1.77631,0.0413562, -0.0233998, 0.885455, 0.46229
2199,-3.65916,5.29035,1.76411,0.0378479, -0.0217391, 0.883629, 0.466149
2200,-3.65843,5.29177,1.76533,0.0379214, -0.0220547, 0.883773, 0.465855
2201,-3.65768,5.29316,1.76656,0.0379913, -0.0223599, 0.883925, 0.465547
2202,-3.6569,5.29452,1.76778,0.0380715, -0.0226771, 0.884065, 0.465259
2203,-3.65609,5.29584,1.769,0.038162, -0.0229804, 0.884208, 0.464964
2204,-3.65524,5.29713,1.77022,0.0382651, -0.0232824, 0.884362, 0.464649
2205,-3.65437,5.29838,1.77145,0.0383706, -0.0236027, 0.884518, 0.464325
2206,-3.68433,5.26584,1.75873,0.0355664, -0.0228782, 0.883992, 0.465585
2207,-3.68429,5.26622,1.7596,0.0356563, -0.0232241, 0.88415, 0.465262
2208,-3.68423,5.26656,1.76047,0.0357473, -0.023565, 0.88431, 0.464932
2209,-3.68413,5.26687,1.76135,0.0358464, -0.0238934, 0.88447, 0.464604
2210,-3.68402,5.26715,1.76223,0.035928, -0.024209, 0.884638, 0.464262
2211,-3.68388,5.2674,1.76312,0.0360304, -0.0245193, 0.884809, 0.463911
2212,-3.68372,5.26762,1.76402,0.0361241, -0.0248403, 0.884982, 0.463557
2213,-3.68354,5.26781,1.76493,0.0362194, -0.0251641, 0.885159, 0.463194
2214,-3.70395,5.24475,1.75498,0.0343375, -0.0244381, 0.884512, 0.464609
2215,-3.70426,5.24438,1.75565,0.0344277, -0.0247471, 0.88471, 0.46421
2216,-3.70455,5.24397,1.75632,0.0345117, -0.0250563, 0.88491, 0.463805
2217,-3.70482,5.24354,1.75701,0.0345951, -0.0253552, 0.885117, 0.463388
2218,-3.70507,5.24308,1.7577,0.03468, -0.0256254, 0.885315, 0.462988
2219,-3.7053,5.2426,1.7584,0.0347519, -0.0258915, 0.885524, 0.462567
2220,-3.70551,5.24209,1.7591,0.0348167, -0.0261281, 0.885734, 0.462149
2221,-3.7057,5.24156,1.75981,0.0348328, -0.0263261, 0.885933, 0.461754
2222,-3.70586,5.241,1.76052,0.0348347, -0.0264855, 0.886122, 0.461381
2223,-3.70601,5.24043,1.76123,0.0348152, -0.0266222, 0.886331, 0.460973
2224,-3.70613,5.23983,1.76195,0.034788, -0.0267332, 0.886535, 0.460577
2225,-3.72378,5.22302,1.75538,0.0332551, -0.0254283, 0.885438, 0.462869
2226,-3.72426,5.22209,1.75594,0.0332391, -0.0255036, 0.885642, 0.462474
2227,-3.72472,5.22114,1.75652,0.0332286, -0.025597, 0.885848, 0.462076
2228,-3.72516,5.22016,1.75709,0.0332258, -0.0256846, 0.886045, 0.461694
2229,-3.72558,5.21915,1.75766,0.0332383, -0.0257744, 0.886244, 0.461305
2230,-3.72599,5.21811,1.75823,0.0332515, -0.0258775, 0.886437, 0.460927
2231,-3.72638,5.21703,1.7588,0.0332868, -0.0260217, 0.886624, 0.460558
2232,-3.72675,5.21593,1.75936,0.0333214, -0.0261614, 0.886815, 0.460178
2233,-3.72711,5.21479,1.75992,0.0333636, -0.0263213, 0.887002, 0.459806
2234,-3.72745,5.21362,1.76047,0.0334153, -0.0264825, 0.887197, 0.459416
2235,-3.72777,5.21241,1.76102,0.0334761, -0.0266704, 0.887372, 0.459063
2236,-3.74243,5.20216,1.75493,0.0324126, -0.025542, 0.886437, 0.461005
2237,-3.74301,5.20077,1.75533,0.0324815, -0.0257254, 0.88662, 0.460639
2238,-3.74358,5.19934,1.75572,0.0325268, -0.0259287, 0.886792, 0.460293
2239,-3.74413,5.19788,1.75611,0.0325861, -0.0261341, 0.886957, 0.459959
2240,-3.74466,5.19639,1.75649,0.0326409, -0.0263372, 0.887108, 0.459653
2241,-3.74519,5.19486,1.75686,0.0326936, -0.0265362, 0.887244, 0.459375
2242,-3.74569,5.19331,1.75722,0.032744, -0.0267281, 0.887381, 0.459095
2243,-3.74619,5.19172,1.75758,0.0327936, -0.0269042, 0.887515, 0.458822
2244,-3.75645,5.18671,1.75254,0.0317748, -0.0260386, 0.887037, 0.459867
2245,-3.7571,5.18504,1.75278,0.0318287, -0.0262126, 0.887161, 0.459615
2246,-3.75774,5.18334,1.75302,0.0318874, -0.0263718, 0.887275, 0.45938
2247,-3.75836,5.18161,1.75324,0.0319514, -0.0265094, 0.887389, 0.459149
2248,-3.76468,5.17884,1.7503,0.0310985, -0.0259002, 0.887455, 0.459114
2249,-3.76539,5.17706,1.75047,0.0311599, -0.0260202, 0.887558, 0.458905
2250,-3.76609,5.17525,1.75062,0.0312305, -0.026134, 0.887656, 0.458703
2251,-3.76676,5.17341,1.75077,0.0313213, -0.0262211, 0.887742, 0.458525
2252,-3.7715,5.17167,1.74931,0.0307359, -0.0256312, 0.887796, 0.458495
2253,-3.77223,5.16979,1.74942,0.0308318, -0.0257027, 0.887882, 0.458316
2254,-3.77295,5.16788,1.74953,0.0309396, -0.0257483, 0.887963, 0.458149
2255,-3.77366,5.16594,1.74963,0.0310614, -0.0257875, 0.888042, 0.457986
2256,-3.77434,5.16397,1.74972,0.0311984, -0.0258058, 0.888119, 0.457827
2257,-3.77501,5.16197,1.74981,0.0313502, -0.0258361, 0.888194, 0.457669
2258,-3.77567,5.15993,1.7499,0.0315105, -0.0258646, 0.888266, 0.457517
2259,-3.77631,5.15787,1.74998,0.0316823, -0.025894, 0.888333, 0.457373
2260,-3.78122,5.15798,1.74795,0.0311599, -0.0250089, 0.887785, 0.458522
2261,-3.78192,5.15591,1.74797,0.03134, -0.0250342, 0.887857, 0.458369
2262,-3.7826,5.15381,1.74798,0.0315069, -0.0250564, 0.887921, 0.458231
2263,-3.78328,5.15167,1.74798,0.0316787, -0.0251008, 0.887988, 0.458088
2264,-3.78395,5.1495,1.74798,0.0318435, -0.0251503, 0.88805, 0.457952
2265,-3.7846,5.14729,1.74797,0.0320067, -0.0251766, 0.888115, 0.457813
2266,-3.78525,5.14505,1.74795,0.0321644, -0.0252136, 0.88818, 0.457674
2267,-3.78589,5.14278,1.74792,0.0323124, -0.0252465, 0.888239, 0.457549
2268,-3.78653,5.14047,1.74789,0.0324515, -0.0252817, 0.888307, 0.457404
2269,-3.78715,5.13813,1.74785,0.0325644, -0.0253213, 0.888375, 0.457262
2270,-3.78777,5.13576,1.7478,0.0326711, -0.0253494, 0.88845, 0.457106
2271,-3.79476,5.13744,1.74499,0.0321545, -0.0242735, 0.887502, 0.459039
2272,-3.79546,5.13509,1.74485,0.0322749, -0.0243079, 0.887569, 0.4589
2273,-3.79616,5.13271,1.7447,0.0323818, -0.0243536, 0.887636, 0.458759
2274,-3.79685,5.1303,1.74455,0.0324775, -0.0244009, 0.887705, 0.458617
2275,-3.79754,5.12785,1.74438,0.0325747, -0.0244653, 0.887771, 0.458478
2276,-3.79823,5.12537,1.7442,0.0326522, -0.0245478, 0.887835, 0.458346
2277,-3.79891,5.12285,1.74402,0.0327339, -0.0246398, 0.887896, 0.458215
2278,-3.7996,5.12029,1.74382,0.0328059, -0.0247421, 0.887946, 0.458108
2279,-3.80028,5.1177,1.74361,0.0328655, -0.02488, 0.887995, 0.458002
2280,-3.80095,5.11507,1.74338,0.0329145, -0.0250274, 0.888029, 0.457924
2281,-3.80163,5.11241,1.74315,0.0329509, -0.025188, 0.888051, 0.457871
2282,-3.8097,5.11539,1.74041,0.0323433, -0.0241851, 0.887133, 0.459743
2283,-3.81047,5.11277,1.74008,0.0323715, -0.0243583, 0.887156, 0.459689
2284,-3.81124,5.11012,1.73975,0.0323671, -0.0245339, 0.887162, 0.459667
2285,-3.812,5.10743,1.73941,0.0323622, -0.0247256, 0.887151, 0.459678
2286,-3.81276,5.10471,1.73906,0.0323318, -0.0249236, 0.887125, 0.459721
2287,-3.81352,5.10196,1.7387,0.03229, -0.0251355, 0.887087, 0.459785
2288,-3.81428,5.09918,1.73833,0.0322385, -0.0253489, 0.887039, 0.45987
2289,-3.81503,5.09636,1.73796,0.0321708, -0.0255883, 0.886975, 0.459985
2290,-3.82185,5.09955,1.73629,0.0314524, -0.0248464, 0.886455, 0.461076
2291,-3.82268,5.09676,1.73587,0.0313917, -0.0250955, 0.886373, 0.461224
2292,-3.8235,5.09394,1.73544,0.0313395, -0.0253343, 0.886278, 0.461397
2293,-3.82431,5.09109,1.73501,0.0312946, -0.0255999, 0.886172, 0.461589
2294,-3.82511,5.0882,1.73457,0.0312691, -0.0258659, 0.886058, 0.461795
2295,-3.82591,5.08527,1.73413,0.0312604, -0.026129, 0.885932, 0.462022
2296,-3.82669,5.08231,1.7337,0.0312563, -0.0263892, 0.885798, 0.462264
2297,-3.83199,5.08612,1.73251,0.0310311, -0.0257316, 0.885439, 0.463004
2298,-3.8328,5.08319,1.73203,0.0310569, -0.026003, 0.885301, 0.46325
2299,-3.8336,5.08023,1.73156,0.031102, -0.026246, 0.88517, 0.463485
2300,-3.83439,5.07723,1.73108,0.0311706, -0.0264813, 0.885033, 0.463727
2301,-3.83516,5.0742,1.73061,0.0312633, -0.0266969, 0.884889, 0.463983
2302,-3.83591,5.07114,1.73015,0.0313768, -0.026893, 0.884741, 0.464246
2303,-3.83664,5.06805,1.72969,0.0314926, -0.0270736, 0.884592, 0.464513
2304,-3.83737,5.06493,1.72923,0.031606, -0.0272416, 0.884435, 0.464794
2305,-3.84217,5.06951,1.72808,0.0312221, -0.026466, 0.883971, 0.465748
2306,-3.84293,5.06644,1.72758,0.0313361, -0.0266123, 0.883815, 0.466027
2307,-3.84366,5.06334,1.72709,0.0314388, -0.0267432, 0.883655, 0.466316
2308,-3.84439,5.06022,1.72661,0.0315108, -0.0268526, 0.88349, 0.466618
2309,-3.8451,5.05707,1.72613,0.0315666, -0.0269445, 0.883325, 0.466921
2310,-3.8458,5.05389,1.72566,0.0316247, -0.0269955, 0.883147, 0.46725
2311,-3.84649,5.05068,1.7252,0.031698, -0.0270175, 0.882975, 0.467569
2312,-3.84716,5.04744,1.72476,0.0317579, -0.0270307, 0.882802, 0.46789
2313,-3.85363,5.05257,1.72424,0.0313508, -0.0262931, 0.882396, 0.468725
2314,-3.85436,5.04938,1.72378,0.0314038, -0.0263389, 0.882219, 0.469052
2315,-3.85508,5.04617,1.72334,0.0314542, -0.0264064, 0.882046, 0.46937
2316,-3.85579,5.04291,1.72292,0.0315409, -0.0264563, 0.881881, 0.469672
2317,-3.85648,5.03962,1.72251,0.031658, -0.0264967, 0.881731, 0.469943
2318,-3.85716,5.03629,1.72212,0.0318109, -0.0265318, 0.881593, 0.47019
2319,-3.85783,5.03292,1.72176,0.032004, -0.0265786, 0.881462, 0.470419
2320,-3.85849,5.02952,1.72141,0.0322208, -0.026646, 0.881334, 0.47064
2321,-3.85913,5.02607,1.72108,0.0324532, -0.0267261, 0.881218, 0.470836
2322,-3.85976,5.02259,1.72076,0.0327062, -0.0267896, 0.881115, 0.471009
2323,-3.86038,5.01907,1.72045,0.0329581, -0.0268381, 0.881017, 0.471171
2324,-3.8689,5.02634,1.71979,0.0324701, -0.0257902, 0.880205, 0.472778
2325,-3.86958,5.0229,1.71945,0.0327036, -0.0258136, 0.880117, 0.472926
2326,-3.87024,5.01944,1.71913,0.0329476, -0.0258314, 0.880036, 0.473058
2327,-3.87089,5.01594,1.71881,0.033194, -0.0258221, 0.87996, 0.473182
2328,-3.87153,5.01242,1.71851,0.0334312, -0.0257845, 0.879893, 0.473292
2329,-3.87215,5.00887,1.71822,0.0336574, -0.0257115, 0.87982, 0.473416
2330,-3.87276,5.00529,1.71795,0.0338846, -0.0256169, 0.879753, 0.473529
2331,-3.87335,5.00169,1.71769,0.0341117, -0.0255085, 0.879685, 0.473645
2332,-3.87394,4.99806,1.71744,0.0343479, -0.025369, 0.87962, 0.473756
2333,-3.87452,4.9944,1.71721,0.0345736, -0.0252099, 0.879553, 0.473872
2334,-3.87509,4.99072,1.71699,0.0347997, -0.0250497, 0.879488, 0.473985
2335,-3.88256,5.00061,1.71702,0.0341338, -0.0238539, 0.878768, 0.475429
2336,-3.88319,4.99704,1.71677,0.0343553, -0.0236694, 0.878709, 0.475532
2337,-3.88382,4.99345,1.71653,0.0345779, -0.0234827, 0.878651, 0.475631
2338,-3.88444,4.98983,1.71631,0.0348029, -0.0232835, 0.878592, 0.475734
2339,-3.88935,4.99794,1.71676,0.0341893, -0.0227528, 0.878946, 0.475149
2340,-3.89002,4.99439,1.71654,0.0344136, -0.0225598, 0.878892, 0.475243
2341,-3.89068,4.99081,1.71634,0.0346283, -0.0223594, 0.878832, 0.475348
2342,-3.89134,4.9872,1.71615,0.0348409, -0.0221825, 0.878774, 0.475448
2343,-3.89575,4.9938,1.71673,0.0344482, -0.0217268, 0.879054, 0.474979
2344,-3.89645,4.99024,1.71654,0.0346572, -0.0215505, 0.878991, 0.475088
2345,-3.89715,4.98665,1.71636,0.0348753, -0.0213744, 0.878927, 0.4752
2346,-3.89784,4.98303,1.71619,0.0350901, -0.0212182, 0.878867, 0.475302
2347,-3.89854,4.97938,1.71603,0.0353093, -0.0210509, 0.878808, 0.475402
2348,-3.89923,4.9757,1.71587,0.0355091, -0.0208861, 0.878744, 0.475512
2349,-3.89992,4.972,1.71572,0.0357108, -0.0207151, 0.878667, 0.475646
2350,-3.90061,4.96827,1.71557,0.0359156, -0.0205244, 0.878589, 0.475784
2351,-3.9055,4.97573,1.7162,0.0355447, -0.0197417, 0.878253, 0.476464
2352,-3.90622,4.97207,1.71603,0.0357339, -0.0195242, 0.878173, 0.476606
2353,-3.90694,4.96839,1.71585,0.0359125, -0.0193066, 0.878088, 0.476759
2354,-3.90766,4.96468,1.71568,0.0360689, -0.0190965, 0.878002, 0.476915
2355,-3.90837,4.96095,1.71551,0.0362169, -0.0188823, 0.877906, 0.477089
2356,-3.90908,4.9572,1.71533,0.0363413, -0.0186696, 0.877816, 0.477252
2357,-3.90979,4.95342,1.71515,0.0364503, -0.0184715, 0.877729, 0.477411
2358,-3.9105,4.94962,1.71498,0.0365651, -0.0182682, 0.877635, 0.477584
2359,-3.91572,4.95821,1.71549,0.036015, -0.0174128, 0.877333, 0.478212
2360,-3.91647,4.95449,1.71529,0.0361322, -0.0172079, 0.877238, 0.478385
2361,-3.91723,4.95074,1.71509,0.0362483, -0.0170526, 0.877158, 0.478528
2362,-3.91799,4.94697,1.71488,0.0363464, -0.0169218, 0.877073, 0.478681
2363,-3.91875,4.94317,1.71468,0.0364468, -0.0168284, 0.876982, 0.478843
2364,-3.91952,4.93934,1.71447,0.0365517, -0.0167519, 0.876901, 0.478987
2365,-3.92029,4.93549,1.71426,0.0366258, -0.0167207, 0.876833, 0.479105
2366,-3.92568,4.94383,1.7148,0.0360471, -0.0160224, 0.876687, 0.479441
2367,-3.9265,4.94006,1.71456,0.0361034, -0.0159905, 0.876618, 0.479564
2368,-3.92732,4.93627,1.71432,0.0361343, -0.0159854, 0.876546, 0.479694
2369,-3.92814,4.93245,1.71408,0.0361181, -0.0159889, 0.876469, 0.479835
2370,-3.92896,4.92861,1.71383,0.0360548, -0.0160065, 0.876398, 0.47997
2371,-3.92979,4.92476,1.71359,0.0359475, -0.0160267, 0.876322, 0.480116
2372,-3.93061,4.92089,1.71335,0.0357996, -0.0160436, 0.876253, 0.480251
2373,-3.93144,4.917,1.7131,0.0356394, -0.0160607, 0.87618, 0.480397
2374,-3.93668,4.92611,1.71417,0.0350297, -0.0152834, 0.875898, 0.48098
2375,-3.93756,4.92233,1.71391,0.0348597, -0.015296, 0.875834, 0.481109
2376,-3.93844,4.91853,1.71365,0.0346834, -0.0152951, 0.875758, 0.481259
2377,-3.9393,4.91472,1.7134,0.0344962, -0.0152921, 0.875693, 0.481392
2378,-3.94017,4.91089,1.71315,0.0343209, -0.0152841, 0.875634, 0.481512
2379,-3.94102,4.90706,1.71291,0.0341608, -0.015254, 0.875574, 0.481633
2380,-3.94186,4.90321,1.71267,0.0340185, -0.0152108, 0.875514, 0.481754
2381,-3.94268,4.89934,1.71243,0.0338904, -0.0151694, 0.875454, 0.481873
2382,-3.94765,4.90885,1.71335,0.0333367, -0.0143606, 0.875197, 0.482403
2383,-3.9485,4.90509,1.71309,0.0332106, -0.0143072, 0.875143, 0.482511
2384,-3.94934,4.90132,1.71283,0.0330851, -0.014239, 0.875091, 0.482616
2385,-3.95016,4.89755,1.71258,0.0329649, -0.014153, 0.875044, 0.482711
2386,-3.95096,4.89376,1.71232,0.0328464, -0.0140639, 0.875004, 0.482796
2387,-3.95174,4.88997,1.71207,0.0327243, -0.0139648, 0.874959, 0.482888
2388,-3.95251,4.88617,1.71181,0.0326124, -0.0138501, 0.874915, 0.482978
2389,-3.95724,4.89556,1.71257,0.0320467, -0.0131069, 0.874809, 0.48323
2390,-3.95803,4.89187,1.7123,0.0319457, -0.0129696, 0.874767, 0.483315
2391,-3.95881,4.88817,1.71203,0.0318638, -0.0128418, 0.874732, 0.483388
2392,-3.95957,4.88446,1.71176,0.0317983, -0.0126954, 0.874693, 0.483467
2393,-3.96032,4.88074,1.71149,0.0317331, -0.0125322, 0.874669, 0.483519
2394,-3.96105,4.87702,1.71122,0.0316593, -0.0123682, 0.874657, 0.483549
2395,-3.96176,4.87329,1.71095,0.0315906, -0.0121949, 0.874646, 0.483578
2396,-3.96247,4.86956,1.71068,0.031531, -0.0120053, 0.874635, 0.483606
2397,-3.96696,4.87888,1.71202,0.0310448, -0.0112593, 0.874367, 0.48414
2398,-3.96768,4.87525,1.71172,0.0309912, -0.0110535, 0.87436, 0.484162
2399,-3.96839,4.87162,1.71143,0.0309445, -0.010827, 0.874351, 0.484186
2400,-3.96909,4.86798,1.71113,0.0308934, -0.0105753, 0.874343, 0.484208
2401,-3.96977,4.86434,1.71083,0.0308355, -0.0103167, 0.874335, 0.484233
2402,-3.97043,4.8607,1.71053,0.0307764, -0.0100441, 0.874332, 0.484247
2403,-3.97109,4.85705,1.71023,0.0306979, -0.00975129, 0.874325, 0.484272
2404,-3.97174,4.8534,1.70993,0.0306211, -0.00945826, 0.874322, 0.484287
2405,-3.97542,4.86236,1.71238,0.0301972, -0.00878815, 0.87406, 0.4848
2406,-3.97608,4.85881,1.71206,0.0301335, -0.00846054, 0.874049, 0.484829
2407,-3.97674,4.85526,1.71175,0.0300698, -0.00814644, 0.874034, 0.484864
2408,-3.97739,4.85171,1.71143,0.029987, -0.00783676, 0.874018, 0.484904
2409,-3.97803,4.84815,1.71111,0.0299053, -0.00754122, 0.873998, 0.484949
2410,-3.97867,4.84458,1.71079,0.029825, -0.00724339, 0.873979, 0.484993
2411,-3.97931,4.84101,1.71046,0.0297371, -0.00696963, 0.873949, 0.485057
2412,-3.98349,4.84993,1.71273,0.0293694, -0.00639217, 0.873862, 0.485244
2413,-3.98415,4.84645,1.71239,0.0292885, -0.00613862, 0.873825, 0.485318
2414,-3.98482,4.84296,1.71204,0.0291897, -0.00594176, 0.873783, 0.485403
2415,-3.98549,4.83946,1.71169,0.0290814, -0.00578405, 0.873744, 0.485482
2416,-3.98615,4.83594,1.71133,0.0289729, -0.00566197, 0.873692, 0.485583
2417,-3.9908,4.84473,1.71288,0.0285231, -0.00530168, 0.873899, 0.485241
2418,-3.99151,4.84129,1.71252,0.0283921, -0.0052141, 0.873841, 0.485354
2419,-3.99222,4.83783,1.71214,0.0282633, -0.00516353, 0.873771, 0.485487
2420,-3.99293,4.83436,1.71176,0.0281315, -0.00516757, 0.8737, 0.485624
2421,-3.99365,4.83087,1.71138,0.0279828, -0.00523191, 0.873622, 0.485773
2422,-3.99437,4.82736,1.71099,0.0278241, -0.00534694, 0.873541, 0.485926
2423,-3.99509,4.82384,1.71059,0.0276615, -0.00550105, 0.873437, 0.48612
2424,-3.99992,4.83268,1.71206,0.0271747, -0.00511843, 0.873318, 0.486366
2425,-4.00069,4.82924,1.71165,0.0269874, -0.0053277, 0.873217, 0.486555
2426,-4.00147,4.82578,1.71122,0.0267908, -0.00558674, 0.873117, 0.486741
2427,-4.00225,4.82231,1.71079,0.0265948, -0.00584689, 0.873005, 0.486951
2428,-4.00302,4.81882,1.71037,0.0264031, -0.00612935, 0.872893, 0.487158
2429,-4.0038,4.81532,1.70995,0.0262449, -0.00642566, 0.872777, 0.48737
2430,-4.00458,4.81179,1.70954,0.0260848, -0.00677412, 0.872656, 0.487591
2431,-4.00536,4.80825,1.70914,0.0259392, -0.00715952, 0.872533, 0.487814
2432,-4.00613,4.80469,1.70875,0.0258044, -0.00756894, 0.872403, 0.488048
2433,-4.00691,4.80111,1.70837,0.0257078, -0.00801416, 0.872283, 0.488259
2434,-4.00768,4.79751,1.70799,0.0256385, -0.00849782, 0.872166, 0.488464
2435,-4.01313,4.8082,1.70943,0.0251671, -0.00771179, 0.871466, 0.48975
2436,-4.01394,4.80473,1.70902,0.0251059, -0.00823096, 0.871346, 0.489958
2437,-4.01475,4.80124,1.70862,0.0250586, -0.00875791, 0.871224, 0.490167
2438,-4.01555,4.79774,1.70822,0.0250253, -0.00928759, 0.871119, 0.490346
2439,-4.01634,4.79422,1.70782,0.0250029, -0.00982999, 0.870995, 0.490557
2440,-4.01712,4.7907,1.70743,0.0249877, -0.0103571, 0.870879, 0.490752
2441,-4.01789,4.78717,1.70703,0.0249788, -0.0108919, 0.870757, 0.490958
2442,-4.01865,4.78362,1.70665,0.0249639, -0.0114158, 0.870636, 0.491161
2443,-4.02395,4.79452,1.70848,0.0244961, -0.0108804, 0.87045, 0.491527
2444,-4.02475,4.79111,1.70808,0.0244912, -0.0113832, 0.870336, 0.491718
2445,-4.02554,4.78769,1.70768,0.0244812, -0.0118466, 0.870226, 0.491902
2446,-4.02632,4.78427,1.70729,0.0244848, -0.0122776, 0.870111, 0.492094
2447,-4.02709,4.78085,1.7069,0.0244915, -0.0126895, 0.870006, 0.492269
2448,-4.02784,4.77744,1.70651,0.0245189, -0.0130678, 0.869908, 0.492431
2449,-4.02858,4.77402,1.70612,0.0245498, -0.01341, 0.869815, 0.492585
2450,-4.02931,4.77061,1.70573,0.0246073, -0.0137378, 0.869738, 0.492708
2451,-4.03482,4.78204,1.70778,0.0241517, -0.0131377, 0.869599, 0.492992
2452,-4.03558,4.77877,1.70738,0.0241995, -0.0134473, 0.869536, 0.493093
2453,-4.03633,4.77549,1.70697,0.02424, -0.0137453, 0.869477, 0.493187
2454,-4.03707,4.77222,1.70656,0.0242956, -0.0140142, 0.869427, 0.493264
2455,-4.0378,4.76896,1.70615,0.0243526, -0.014259, 0.869396, 0.493309
2456,-4.03851,4.76569,1.70574,0.0244014, -0.0145018, 0.869382, 0.493325
2457,-4.03922,4.76242,1.70532,0.0244572, -0.0147324, 0.869378, 0.493323
2458,-4.04447,4.77253,1.70764,0.0240608, -0.0143256, 0.86938, 0.493349
2459,-4.04522,4.76938,1.7072,0.0241102, -0.0145511, 0.869402, 0.493303
2460,-4.04596,4.76623,1.70676,0.0241534, -0.0147419, 0.869438, 0.49323
2461,-4.04669,4.76308,1.70632,0.0241911, -0.0149394, 0.869483, 0.493144
2462,-4.04742,4.75993,1.70587,0.0242212, -0.0151182, 0.869542, 0.493032
2463,-4.04815,4.75679,1.70541,0.0242357, -0.0152918, 0.869612, 0.492903
2464,-4.04887,4.75364,1.70495,0.0242166, -0.0154382, 0.869696, 0.492751
2465,-4.04959,4.7505,1.70449,0.0241888, -0.0155623, 0.869775, 0.49261
2466,-4.05427,4.76044,1.70678,0.0238474, -0.0150339, 0.869621, 0.492915
2467,-4.05504,4.75743,1.70629,0.0237908, -0.0151413, 0.869718, 0.492743
2468,-4.0558,4.75441,1.7058,0.0236989, -0.015246, 0.869824, 0.492557
2469,-4.05657,4.7514,1.70531,0.0236032, -0.0153386, 0.869942, 0.492351
2470,-4.05733,4.74839,1.70481,0.0234946, -0.0154323, 0.87007, 0.492127
2471,-4.05811,4.74538,1.70431,0.0233722, -0.0155151, 0.870199, 0.491901
2472,-4.05888,4.74237,1.70381,0.0232334, -0.0156106, 0.870335, 0.491664
2473,-4.05966,4.73936,1.7033,0.0230837, -0.0156956, 0.870477, 0.491417
2474,-4.06483,4.74958,1.7059,0.0227993, -0.0152678, 0.870402, 0.491576
2475,-4.06566,4.7467,1.70538,0.0226535, -0.0153487, 0.870544, 0.491329
2476,-4.06649,4.7438,1.70485,0.0225167, -0.0154245, 0.870693, 0.491069
2477,-4.06733,4.74091,1.70433,0.0223682, -0.0154911, 0.870849, 0.490798
2478,-4.06816,4.73801,1.7038,0.0222163, -0.0155636, 0.871007, 0.49052
2479,-4.06901,4.73511,1.70327,0.0220829, -0.0156059, 0.871177, 0.490224
2480,-4.06985,4.7322,1.70275,0.0219482, -0.0156559, 0.87136, 0.489904
2481,-4.07566,4.74213,1.70549,0.0215053, -0.0153159, 0.871412, 0.48984
2482,-4.07657,4.73934,1.70495,0.0213767, -0.015374, 0.871598, 0.489513
2483,-4.07748,4.73654,1.70442,0.0212626, -0.0154308, 0.871779, 0.489194
2484,-4.0784,4.73374,1.70389,0.0211466, -0.0155014, 0.87198, 0.488839
2485,-4.07933,4.73092,1.70336,0.0210466, -0.0155628, 0.872182, 0.488481
2486,-4.08026,4.72811,1.70283,0.0209487, -0.015612, 0.872389, 0.488114
2487,-4.08119,4.72528,1.70229,0.0208681, -0.0156467, 0.8726, 0.487739
2488,-4.08213,4.72245,1.70176,0.0207889, -0.0156568, 0.872821, 0.487346
2489,-4.08765,4.73232,1.70488,0.0203912, -0.0152677, 0.872738, 0.487523
2490,-4.08865,4.72961,1.70434,0.0203175, -0.0152707, 0.872974, 0.487104
2491,-4.08965,4.7269,1.70379,0.0202435, -0.0152688, 0.873206, 0.486692
2492,-4.09066,4.72419,1.70324,0.0201593, -0.0152495, 0.873443, 0.486269
2493,-4.09168,4.72148,1.70268,0.0200624, -0.0152337, 0.873682, 0.485844
2494,-4.09271,4.71876,1.70212,0.0199369, -0.0152202, 0.873919, 0.485423
2495,-4.09376,4.71605,1.70155,0.0198006, -0.0152126, 0.874152, 0.485011
2496,-4.09481,4.71333,1.70097,0.0196307, -0.0152215, 0.874384, 0.484598
2497,-4.10064,4.72359,1.70402,0.0192407, -0.0148119, 0.874339, 0.484707
2498,-4.10176,4.721,1.70342,0.0190479, -0.0148458, 0.874572, 0.484294
2499,-4.1029,4.71841,1.70281,0.0188404, -0.0149143, 0.874806, 0.483877
2500,-4.10405,4.71581,1.70219,0.0186028, -0.0150181, 0.875043, 0.483454
2501,-4.10925,4.72432,1.70483,0.0183103, -0.0150232, 0.875477, 0.482679
2502,-4.11047,4.72181,1.70421,0.0180557, -0.0151607, 0.875721, 0.482242
2503,-4.11172,4.71928,1.70357,0.0177764, -0.0153535, 0.875974, 0.481786
2504,-4.11297,4.71675,1.70292,0.017486, -0.0155941, 0.876239, 0.481307
2505,-4.11741,4.72397,1.70531,0.0172391, -0.0157273, 0.876647, 0.480567
2506,-4.11873,4.7215,1.70466,0.0169339, -0.016023, 0.876899, 0.480109
2507,-4.12007,4.71903,1.70399,0.016627, -0.0163433, 0.877174, 0.479606
2508,-4.12141,4.71654,1.70331,0.0163162, -0.0166931, 0.877444, 0.479111
2509,-4.12278,4.71404,1.70263,0.0160121, -0.0170695, 0.877717, 0.478608
2510,-4.12414,4.71153,1.70194,0.0156881, -0.017454, 0.878, 0.478084
2511,-4.12552,4.70902,1.70124,0.0153573, -0.0178454, 0.878285, 0.477557
2512,-4.1269,4.7065,1.70054,0.0150101, -0.0182331, 0.878584, 0.477004
2513,-4.13121,4.71429,1.70317,0.0148375, -0.0180179, 0.878452, 0.47726
2514,-4.13265,4.71188,1.70246,0.0144898, -0.01837, 0.878746, 0.476717
2515,-4.13408,4.70946,1.70174,0.0141394, -0.0186718, 0.879032, 0.476187
2516,-4.13552,4.70704,1.70103,0.0137947, -0.018971, 0.879326, 0.475643
2517,-4.13695,4.70463,1.70032,0.0134531, -0.0192332, 0.879631, 0.475077
2518,-4.13839,4.70222,1.69962,0.0131252, -0.0194842, 0.879931, 0.474521
2519,-4.13982,4.69981,1.69892,0.012798, -0.0197144, 0.880229, 0.473966
2520,-4.14126,4.6974,1.69822,0.012489, -0.0199019, 0.880536, 0.473396
2521,-4.14545,4.70526,1.7006,0.0123552, -0.019649, 0.880384, 0.473693
2522,-4.14692,4.70297,1.69989,0.0120581, -0.0198251, 0.880703, 0.4731
2523,-4.14839,4.70068,1.69919,0.0117732, -0.0199778, 0.881029, 0.472494
2524,-4.14986,4.69838,1.6985,0.0114826, -0.0201245, 0.881356, 0.471885
2525,-4.15132,4.6961,1.69781,0.0111872, -0.0202569, 0.88169, 0.471261
2526,-4.15278,4.69381,1.69714,0.0108949, -0.0203638, 0.882024, 0.470639
2527,-4.15424,4.69152,1.69647,0.0106076, -0.0204466, 0.882368, 0.469995
2528,-4.15853,4.69917,1.69854,0.0104842, -0.0202349, 0.882393, 0.46996
2529,-4.16003,4.69698,1.69787,0.010202, -0.0202571, 0.88274, 0.469313
2530,-4.16153,4.69481,1.69721,0.00992824, -0.0202571, 0.8831, 0.468642
2531,-4.16303,4.69263,1.69656,0.00965708, -0.0202238, 0.883459, 0.467972
2532,-4.16452,4.69046,1.69593,0.00937941, -0.0201768, 0.883824, 0.467289
2533,-4.16601,4.68829,1.69531,0.0090869, -0.0200743, 0.884204, 0.46658
2534,-4.1675,4.68613,1.69471,0.00879172, -0.0199174, 0.884578, 0.465885
2535,-4.16899,4.68396,1.69413,0.00851987, -0.0197159, 0.884957, 0.465178
2536,-4.17048,4.6818,1.69358,0.00823503, -0.0194731, 0.885339, 0.464465
2537,-4.17197,4.67963,1.69305,0.00795141, -0.019219, 0.885725, 0.463744
2538,-4.17347,4.67747,1.69255,0.00766759, -0.0189393, 0.886113, 0.463019
2539,-4.17858,4.68703,1.69469,0.00743566, -0.0182384, 0.885753, 0.463739
2540,-4.18013,4.685,1.69418,0.00716578, -0.0179334, 0.886137, 0.463022
2541,-4.18169,4.68298,1.6937,0.00689753, -0.0175816, 0.88653, 0.462285
2542,-4.18325,4.68095,1.69324,0.00664023, -0.0172027, 0.88693, 0.461536
2543,-4.18482,4.67891,1.69281,0.00638614, -0.0168316, 0.887335, 0.460774
2544,-4.1864,4.67686,1.6924,0.00612513, -0.0164529, 0.887752, 0.459987
2545,-4.18798,4.6748,1.69201,0.0058637, -0.0160654, 0.888184, 0.45917
2546,-4.18957,4.67273,1.69163,0.00558899, -0.0156693, 0.888606, 0.45837
2547,-4.19116,4.67065,1.69126,0.00530205, -0.0152701, 0.889037, 0.457549
2548,-4.19276,4.66856,1.6909,0.00502132, -0.0148591, 0.889464, 0.456735
2549,-4.19436,4.66645,1.69056,0.00474833, -0.0144326, 0.889896, 0.455911
2550,-4.20024,4.67654,1.69334,0.00443983, -0.013864, 0.889496, 0.456712
2551,-4.20191,4.67457,1.69299,0.00414812, -0.0134464, 0.889922, 0.455896
2552,-4.20359,4.67258,1.69266,0.00382249, -0.0130455, 0.890341, 0.455092
2553,-4.20529,4.67058,1.69235,0.00347938, -0.0126613, 0.89076, 0.454284
2554,-4.207,4.66855,1.69206,0.00310675, -0.0122885, 0.891166, 0.4535
2555,-4.20873,4.66651,1.6918,0.00270617, -0.0119358, 0.891564, 0.45273
2556,-4.21048,4.66445,1.69156,0.00229491, -0.0116282, 0.891948, 0.451983
2557,-4.21224,4.66237,1.69135,0.00187713, -0.0113306, 0.892327, 0.451243
2558,-4.21787,4.67185,1.69413,0.00158537, -0.0110192, 0.892297, 0.451312
2559,-4.21972,4.66987,1.69392,0.00115668, -0.0107439, 0.892666, 0.450589
2560,-4.22157,4.66787,1.69374,0.000747106, -0.0104722, 0.893031, 0.449872
2561,-4.22344,4.66585,1.69357,0.000367944, -0.0102024, 0.893394, 0.449159
2562,-4.22531,4.66381,1.69343,1.58672e-05, -0.00991176, 0.893745, 0.448466
2563,-4.22718,4.66175,1.69331,-0.000290909, -0.00961702, 0.894094, 0.447776
2564,-4.22904,4.65967,1.6932,-0.000555929, -0.00929253, 0.89444, 0.44709
2565,-4.2309,4.65757,1.69312,-0.000776114, -0.00895017, 0.894778, 0.446421
2566,-4.23578,4.66666,1.69614,-0.000932318, -0.0087001, 0.894758, 0.446465
2567,-4.23768,4.66466,1.69607,-0.00111129, -0.00833494, 0.895098, 0.445789
2568,-4.23957,4.66265,1.69601,-0.00125342, -0.00796137, 0.895443, 0.445104
2569,-4.24145,4.66063,1.69596,-0.00138048, -0.00756695, 0.895773, 0.444446
2570,-4.24333,4.65858,1.69593,-0.00147835, -0.0071647, 0.8961, 0.443791
2571,-4.2452,4.65652,1.69591,-0.00157193, -0.00676602, 0.896421, 0.443149
2572,-4.24707,4.65444,1.69591,-0.00166604, -0.0063745, 0.896739, 0.442511
2573,-4.25188,4.66279,1.69873,-0.00180634, -0.00620788, 0.896822, 0.442344
2574,-4.25379,4.6608,1.69873,-0.00188827, -0.00583113, 0.89713, 0.441725
2575,-4.2557,4.6588,1.69873,-0.00199153, -0.00545277, 0.897426, 0.441126
2576,-4.25762,4.65677,1.69874,-0.00209824, -0.00509645, 0.897726, 0.44052
2577,-4.25953,4.65473,1.69875,-0.00222414, -0.00478854, 0.898015, 0.439932
2578,-4.26145,4.65266,1.69877,-0.00236346, -0.00450817, 0.898299, 0.439355
2579,-4.26338,4.65058,1.69879,-0.00252009, -0.00427862, 0.898571, 0.438799
2580,-4.2653,4.64847,1.69881,-0.00269678, -0.00407187, 0.898846, 0.438237
2581,-4.26724,4.64634,1.69882,-0.00289981, -0.00391596, 0.899127, 0.437661
2582,-4.26917,4.64418,1.69884,-0.00310129, -0.00378158, 0.899392, 0.437116
2583,-4.27111,4.642,1.69886,-0.00331326, -0.00367759, 0.89967, 0.436543
2584,-4.27693,4.65146,1.7019,-0.00362057, -0.00335068, 0.89935, 0.437201
2585,-4.27893,4.64939,1.70189,-0.00383758, -0.00330298, 0.899627, 0.436629
2586,-4.28092,4.64731,1.70187,-0.00405696, -0.00326, 0.899911, 0.436043
2587,-4.2829,4.64519,1.70185,-0.00426347, -0.00324253, 0.900188, 0.435468
2588,-4.28487,4.64306,1.70181,-0.00445389, -0.00323423, 0.90048, 0.434862
2589,-4.28681,4.6409,1.70177,-0.00460366, -0.00324252, 0.900783, 0.434232
2590,-4.28873,4.63873,1.70171,-0.00473318, -0.00325461, 0.901093, 0.433587
2591,-4.29063,4.63653,1.70165,-0.00481086, -0.00327237, 0.901412, 0.432924
2592,-4.29655,4.64515,1.70531,-0.00501694, -0.0032, 0.901364, 0.433021
2593,-4.29849,4.64305,1.70523,-0.00504774, -0.00320898, 0.901694, 0.432333
2594,-4.30039,4.64093,1.70513,-0.00504576, -0.00319505, 0.902051, 0.431587
2595,-4.30227,4.63879,1.70502,-0.00500671, -0.00315313, 0.902404, 0.430851
2596,-4.30677,4.64564,1.7082,-0.00506883, -0.00338326, 0.902872, 0.429867
2597,-4.30865,4.64356,1.70808,-0.00498177, -0.00331688, 0.90324, 0.429094
2598,-4.3105,4.64147,1.70795,-0.00485543, -0.00322624, 0.903627, 0.42828
2599,-4.3123,4.63936,1.70779,-0.00470252, -0.00309805, 0.90402, 0.427454
2600,-4.31408,4.63724,1.70762,-0.00455028, -0.00291208, 0.904412, 0.426627
2601,-4.31581,4.63512,1.70744,-0.00439707, -0.00268977, 0.904802, 0.425801
2602,-4.31751,4.63298,1.70725,-0.00424848, -0.00244908, 0.905193, 0.424972
2603,-4.31918,4.63084,1.70704,-0.00411124, -0.00220461, 0.905572, 0.424166
2604,-4.32082,4.62869,1.70683,-0.00399284, -0.00196893, 0.905953, 0.423354
2605,-4.32244,4.62652,1.70661,-0.00390415, -0.00175903, 0.906337, 0.422534
2606,-4.32405,4.62434,1.70638,-0.00385989, -0.00157844, 0.906709, 0.421735
2607,-4.32948,4.63246,1.70944,-0.00403593, -0.00137444, 0.906447, 0.422298
2608,-4.33113,4.63039,1.70918,-0.00403061, -0.00126206, 0.906826, 0.421484
2609,-4.33277,4.6283,1.7089,-0.00404957, -0.00119573, 0.907196, 0.420687
2610,-4.3344,4.62619,1.70862,-0.00407387, -0.0011914, 0.907577, 0.419864
2611,-4.336,4.62405,1.70833,-0.00410468, -0.00126765, 0.907962, 0.41903
2612,-4.33759,4.62188,1.70802,-0.00412061, -0.00138155, 0.908347, 0.418195
2613,-4.33915,4.61969,1.70771,-0.00412212, -0.00153717, 0.908744, 0.41733
2614,-4.3407,4.61747,1.70738,-0.00411645, -0.00173112, 0.909156, 0.416431
2615,-4.34221,4.61522,1.70705,-0.00410749, -0.00193388, 0.909568, 0.41553
2616,-4.3437,4.61295,1.70672,-0.00406952, -0.00216598, 0.909983, 0.41462
2617,-4.34516,4.61065,1.70638,-0.00403288, -0.00239449, 0.910402, 0.413698
2618,-4.35156,4.61972,1.71021,-0.00430756, -0.00220718, 0.910153, 0.414243
2619,-4.35307,4.61756,1.70985,-0.00426503, -0.00244836, 0.91057, 0.413326
2620,-4.35454,4.61537,1.7095,-0.00422894, -0.00269383, 0.910996, 0.412384
2621,-4.35599,4.61316,1.70914,-0.00418638, -0.00292175, 0.911424, 0.411437
2622,-4.3574,4.61095,1.70879,-0.00415145, -0.00312144, 0.911842, 0.410508
2623,-4.35879,4.60872,1.70843,-0.00411282, -0.00329361, 0.912255, 0.409589
2624,-4.36015,4.60648,1.70808,-0.00408135, -0.00343631, 0.912663, 0.408678
2625,-4.36148,4.60424,1.70774,-0.00404294, -0.00353109, 0.913065, 0.40778
2626,-4.36278,4.60198,1.7074,-0.00403346, -0.00361876, 0.913467, 0.406876
2627,-4.36405,4.59972,1.70707,-0.00399697, -0.00364269, 0.913864, 0.405984
2628,-4.36529,4.59745,1.70674,-0.00393154, -0.0036212, 0.914259, 0.405094
2629,-4.37145,4.60714,1.71043,-0.00419547, -0.00331744, 0.914099, 0.405457
2630,-4.37275,4.60501,1.7101,-0.00413571, -0.00329596, 0.914496, 0.40456
2631,-4.37401,4.60287,1.70978,-0.00407511, -0.00327922, 0.914891, 0.403667
2632,-4.37525,4.60072,1.70947,-0.00404404, -0.00328003, 0.915281, 0.402781
2633,-4.37647,4.59855,1.70916,-0.00403839, -0.00330895, 0.915667, 0.401903
2634,-4.37767,4.59637,1.70885,-0.00405271, -0.00336695, 0.916048, 0.401035
2635,-4.37885,4.59417,1.70855,-0.00409397, -0.00344655, 0.91643, 0.400159
2636,-4.38002,4.59194,1.70825,-0.00413393, -0.00356303, 0.916814, 0.399277
2637,-4.38116,4.58968,1.70796,-0.00418801, -0.00373874, 0.917193, 0.398403
2638,-4.3823,4.5874,1.70767,-0.0042358, -0.00397666, 0.917577, 0.397515
2639,-4.38342,4.58509,1.70739,-0.00429841, -0.00429232, 0.917961, 0.396624
2640,-4.38969,4.59516,1.71078,-0.00458586, -0.00406919, 0.917766, 0.397075
2641,-4.39088,4.59297,1.71049,-0.00465125, -0.00442097, 0.918157, 0.396164
2642,-4.39205,4.59076,1.7102,-0.0047103, -0.00479873, 0.91854, 0.39527
2643,-4.39321,4.58851,1.70991,-0.00477336, -0.00517912, 0.91892, 0.394381
2644,-4.39434,4.58624,1.70963,-0.00483313, -0.00556244, 0.919289, 0.393515
2645,-4.39546,4.58395,1.70936,-0.00489525, -0.00590705, 0.919661, 0.392639
2646,-4.39654,4.58165,1.70909,-0.00493844, -0.00623804, 0.920028, 0.391771
2647,-4.3976,4.57933,1.70883,-0.00496589, -0.00652504, 0.9204, 0.390892
2648,-4.39863,4.577,1.70858,-0.00497894, -0.00677192, 0.920759, 0.390041
2649,-4.39963,4.57465,1.70833,-0.00497658, -0.00696894, 0.921115, 0.389196
2650,-4.4006,4.5723,1.7081,-0.00496319, -0.0071403, 0.921463, 0.388369
2651,-4.40691,4.5822,1.71203,-0.00519293, -0.00690998, 0.921375, 0.388579
2652,-4.40793,4.58,1.71179,-0.00517196, -0.00701925, 0.921718, 0.387764
2653,-4.40892,4.57778,1.71156,-0.00514059, -0.0071141, 0.92206, 0.386946
2654,-4.40988,4.57555,1.71133,-0.00510877, -0.00718751, 0.922397, 0.386142
2655,-4.41081,4.57331,1.7111,-0.00508654, -0.00723237, 0.92273, 0.385346
2656,-4.41172,4.57106,1.71088,-0.00506281, -0.00728076, 0.923057, 0.384561
2657,-4.4126,4.56879,1.71067,-0.00504703, -0.00733732, 0.923393, 0.383753
2658,-4.41345,4.56651,1.71045,-0.00501563, -0.00741474, 0.923737, 0.382922
2659,-4.41428,4.56421,1.71023,-0.00498128, -0.00750922, 0.924083, 0.382085
2660,-4.41509,4.56188,1.71001,-0.00494089, -0.00764071, 0.92444, 0.381219
2661,-4.41588,4.55953,1.70979,-0.00490022, -0.00779248, 0.924795, 0.380354
2662,-4.42175,4.56914,1.71431,-0.00513549, -0.00765425, 0.924648, 0.380711
2663,-4.42259,4.56691,1.71408,-0.00509555, -0.00782128, 0.92501, 0.379827
2664,-4.42341,4.56466,1.71385,-0.0050526, -0.00800818, 0.925385, 0.37891
2665,-4.4242,4.56237,1.71362,-0.00500134, -0.00819558, 0.925763, 0.377982
2666,-4.42497,4.56007,1.71339,-0.00493351, -0.00838109, 0.926142, 0.37705
2667,-4.42571,4.55773,1.71315,-0.00486627, -0.00855774, 0.926515, 0.376128
2668,-4.42643,4.55538,1.71293,-0.0047731, -0.00870176, 0.926897, 0.375185
2669,-4.42712,4.55301,1.7127,-0.00465842, -0.00883149, 0.92728, 0.374234
2670,-4.432,4.56123,1.71727,-0.00467109, -0.00892308, 0.927428, 0.373867
2671,-4.43273,4.55895,1.71705,-0.00454482, -0.00900288, 0.927805, 0.372928
2672,-4.43343,4.55667,1.71684,-0.00440721, -0.00904419, 0.928177, 0.372003
2673,-4.43411,4.55436,1.71663,-0.00426059, -0.00904895, 0.928544, 0.371087
2674,-4.43475,4.55205,1.71642,-0.00410316, -0.00899493, 0.928904, 0.37019
2675,-4.43537,4.54973,1.71622,-0.00393861, -0.00888785, 0.929251, 0.36932
2676,-4.43596,4.54741,1.71602,-0.00377047, -0.00872203, 0.929588, 0.368477
2677,-4.43653,4.54507,1.71582,-0.00359591, -0.00851863, 0.929921, 0.367644
2678,-4.43707,4.54272,1.71563,-0.00343066, -0.00828864, 0.930243, 0.366833
2679,-4.43758,4.54036,1.71543,-0.00324857, -0.00803093, 0.930559, 0.366039
2680,-4.43807,4.53799,1.71524,-0.00306127, -0.00777098, 0.930873, 0.365248
2681,-4.44235,4.54669,1.71874,-0.00302849, -0.00746052, 0.930776, 0.365502
2682,-4.44289,4.54444,1.71853,-0.00281487, -0.00718939, 0.931084, 0.364723
2683,-4.4434,4.54217,1.71832,-0.00259795, -0.00692097, 0.931389, 0.363951
2684,-4.44389,4.53989,1.7181,-0.00236803, -0.0066519, 0.931699, 0.363163
2685,-4.44436,4.53758,1.71789,-0.00211533, -0.00641601, 0.932008, 0.362375
2686,-4.44482,4.53525,1.71767,-0.00185565, -0.0061771, 0.932312, 0.361597
2687,-4.44525,4.53289,1.71744,-0.00159266, -0.0059666, 0.932613, 0.360825
2688,-4.44567,4.5305,1.71721,-0.00135341, -0.00575834, 0.932915, 0.360049
2689,-4.44607,4.52808,1.71697,-0.00109879, -0.00557313, 0.933215, 0.359273
2690,-4.44645,4.52563,1.71672,-0.000837795, -0.0054118, 0.933523, 0.358477
2691,-4.44682,4.52315,1.71646,-0.000567854, -0.00525676, 0.933832, 0.357673
2692,-4.44717,4.52064,1.71619,-0.000300426, -0.00511215, 0.934137, 0.356877
2693,-4.4475,4.5181,1.71591,-2.66333e-05, -0.00497708, 0.934439, 0.356088
2694,-4.44781,4.51552,1.71563,0.000254807, -0.00485202, 0.934736, 0.35531
2695,-4.45328,4.52527,1.71871,0.000193183, -0.00440096, 0.934406, 0.356183
2696,-4.45367,4.52284,1.71839,0.000467599, -0.00431457, 0.934701, 0.355409
2697,-4.45404,4.52038,1.71806,0.000742112, -0.00423535, 0.934997, 0.354629
2698,-4.45439,4.51789,1.71772,0.00100133, -0.00417024, 0.93529, 0.353857
2699,-4.45474,4.51537,1.71737,0.00125166, -0.00414015, 0.935574, 0.353105
2700,-4.45507,4.51281,1.71702,0.00150948, -0.00410151, 0.935857, 0.352352
2701,-4.45538,4.51022,1.71666,0.00177891, -0.00404727, 0.936136, 0.351611
2702,-4.45568,4.5076,1.7163,0.00205244, -0.00400874, 0.936408, 0.350884
2703,-4.46068,4.51617,1.71952,0.00197639, -0.00399935, 0.936529, 0.350563
2704,-4.46103,4.51363,1.71914,0.00226046, -0.00395172, 0.936791, 0.349861
2705,-4.46136,4.51107,1.71876,0.00256326, -0.00391106, 0.93705, 0.349165
2706,-4.46168,4.50847,1.71838,0.00287563, -0.00386394, 0.937302, 0.348486
2707,-4.46537,4.51507,1.72084,0.00298191, -0.00417471, 0.937764, 0.347236
2708,-4.46571,4.51251,1.72045,0.00332469, -0.00412869, 0.938015, 0.346555
2709,-4.46603,4.50991,1.72006,0.00366727, -0.0040796, 0.938255, 0.345901
2710,-4.46633,4.50729,1.71966,0.00402272, -0.00402659, 0.938484, 0.345276
2711,-4.46661,4.50464,1.71925,0.00439314, -0.00396767, 0.938709, 0.34466
2712,-4.46687,4.50196,1.71884,0.00477542, -0.00389594, 0.938925, 0.344067
2713,-4.46712,4.49924,1.71842,0.00517897, -0.00382048, 0.93913, 0.3435
2714,-4.46734,4.4965,1.71799,0.00558992, -0.00376749, 0.939331, 0.342947
2715,-4.47139,4.50319,1.72075,0.00562102, -0.00385266, 0.939391, 0.342779
2716,-4.47166,4.50051,1.7203,0.00601464, -0.00380036, 0.939589, 0.34223
2717,-4.47191,4.4978,1.71985,0.00641194, -0.00377315, 0.939771, 0.341725
2718,-4.47214,4.49506,1.71938,0.0067852, -0.00376537, 0.939945, 0.341239
2719,-4.47235,4.49228,1.71889,0.00715362, -0.00376707, 0.940114, 0.340765
2720,-4.47255,4.48947,1.7184,0.00750948, -0.00379954, 0.940279, 0.3403
2721,-4.47273,4.48662,1.71789,0.00785356, -0.0038529, 0.940432, 0.33987
2722,-4.47289,4.48374,1.71737,0.00820246, -0.0039321, 0.940585, 0.339437
2723,-4.47304,4.48082,1.71684,0.00854395, -0.00405537, 0.940738, 0.339003
2724,-4.47317,4.47787,1.7163,0.00888676, -0.00419859, 0.940879, 0.338599
2725,-4.47328,4.47487,1.71575,0.00926111, -0.00438002, 0.941019, 0.338198
2726,-4.47764,4.48235,1.71926,0.00933094, -0.00431423, 0.940872, 0.338607
2727,-4.47781,4.47945,1.71869,0.00971773, -0.00450444, 0.941006, 0.33822
2728,-4.47795,4.4765,1.71811,0.0101267, -0.00471953, 0.941138, 0.337838
2729,-4.47808,4.47352,1.71753,0.0105627, -0.00493427, 0.941265, 0.337468
2730,-4.47818,4.4705,1.71694,0.0110084, -0.00514954, 0.941388, 0.337106
2731,-4.47826,4.46744,1.71635,0.011479, -0.00536235, 0.941509, 0.336749
2732,-4.47831,4.46435,1.71576,0.0119728, -0.00556202, 0.941625, 0.336406
2733,-4.47835,4.46122,1.71517,0.012478, -0.00575717, 0.941736, 0.336072
2734,-4.47836,4.45806,1.71458,0.0130079, -0.00594266, 0.941845, 0.335743
2735,-4.47834,4.45487,1.714,0.0135578, -0.00611564, 0.941957, 0.335404
2736,-4.4783,4.45165,1.71342,0.0141317, -0.00627293, 0.942064, 0.335076
2737,-4.48284,4.45965,1.71692,0.0140918, -0.00609091, 0.941886, 0.335581
2738,-4.48285,4.45653,1.71632,0.0146848, -0.00623824, 0.94199, 0.335261
2739,-4.48283,4.45339,1.71574,0.0153148, -0.00637314, 0.942091, 0.334947
2740,-4.4828,4.45021,1.71515,0.0159747, -0.00650331, 0.942194, 0.334624
2741,-4.48273,4.447,1.71457,0.0166463, -0.00663225, 0.942301, 0.334287
2742,-4.48265,4.44376,1.714,0.0173336, -0.00674082, 0.942399, 0.333974
2743,-4.48254,4.44049,1.71342,0.0180426, -0.00686777, 0.942509, 0.333623
2744,-4.48241,4.43718,1.71286,0.0187511, -0.00702023, 0.942623, 0.333259
2745,-4.48617,4.44496,1.71596,0.0188011, -0.00699339, 0.942703, 0.333029
2746,-4.48607,4.44173,1.71539,0.0195118, -0.0071592, 0.942816, 0.332664
2747,-4.48596,4.43847,1.71483,0.0202126, -0.00733734, 0.942933, 0.332286
2748,-4.48584,4.43517,1.71427,0.0209374, -0.00751125, 0.94305, 0.331908
2749,-4.4857,4.43184,1.71372,0.0216704, -0.00769379, 0.943166, 0.331525
2750,-4.48554,4.42848,1.71319,0.0224232, -0.00787647, 0.943285, 0.331132
2751,-4.48537,4.42508,1.71267,0.0231747, -0.00805057, 0.943408, 0.330725
2752,-4.48848,4.43195,1.71558,0.023376, -0.00810221, 0.943586, 0.330202
2753,-4.48834,4.42861,1.71508,0.0241535, -0.00828229, 0.943708, 0.329794
2754,-4.48819,4.42525,1.7146,0.0249548, -0.00844681, 0.943829, 0.329381
2755,-4.48802,4.42186,1.71414,0.0257915, -0.00859062, 0.943959, 0.32894
2756,-4.48784,4.41844,1.7137,0.026633, -0.00870033, 0.944083, 0.328516
2757,-4.48765,4.41501,1.71329,0.0274827, -0.00878628, 0.944207, 0.328086
2758,-4.48744,4.41155,1.71289,0.0283407, -0.0088606, 0.944326, 0.327668
2759,-4.48722,4.40808,1.71251,0.0291946, -0.00887728, 0.944432, 0.327287
2760,-4.48698,4.40458,1.71214,0.0300308, -0.00885985, 0.944541, 0.326899
2761,-4.48673,4.40108,1.71179,0.0308423, -0.0088038, 0.944645, 0.326524
2762,-4.48647,4.39757,1.71145,0.0316354, -0.00867007, 0.944741, 0.326173
2763,-4.49022,4.40515,1.71416,0.0318063, -0.00830141, 0.944586, 0.326614
2764,-4.49001,4.40176,1.71382,0.032587, -0.00813122, 0.944681, 0.326267
2765,-4.48978,4.39837,1.7135,0.0333422, -0.00792062, 0.944771, 0.325935
2766,-4.48955,4.39497,1.7132,0.0340808, -0.00770076, 0.944854, 0.325622
2767,-4.4893,4.39156,1.71292,0.0348042, -0.00747565, 0.944937, 0.325309
2768,-4.48905,4.38812,1.71266,0.0355315, -0.00727623, 0.945023, 0.324986
2769,-4.4888,4.38467,1.71243,0.0362403, -0.00710624, 0.945113, 0.324649
2770,-4.48855,4.38119,1.71221,0.0369377, -0.00693671, 0.945205, 0.324308
2771,-4.48829,4.37769,1.71201,0.0375934, -0.00678952, 0.945285, 0.324002
2772,-4.48803,4.37416,1.71182,0.0382164, -0.00668053, 0.945367, 0.323691
2773,-4.48778,4.3706,1.71165,0.0388256, -0.00659947, 0.945451, 0.323376
2774,-4.49237,4.37871,1.71447,0.0387478, -0.0062613, 0.9453, 0.323834
2775,-4.49219,4.37527,1.71429,0.0393485, -0.00620593, 0.945385, 0.323513
2776,-4.492,4.37181,1.71412,0.0399388, -0.00614348, 0.945465, 0.323209
2777,-4.49181,4.36832,1.71395,0.040538, -0.0060874, 0.945537, 0.322924
2778,-4.49162,4.36482,1.71379,0.0411304, -0.00603873, 0.945607, 0.322643
2779,-4.49142,4.3613,1.71363,0.0417083, -0.00600402, 0.945683, 0.322348
2780,-4.49121,4.35777,1.71348,0.0422602, -0.00597066, 0.945751, 0.322077
2781,-4.49099,4.35422,1.71334,0.0427847, -0.00595128, 0.945815, 0.321819
2782,-4.4952,4.36198,1.71627,0.042724, -0.00581886, 0.945923, 0.321513
2783,-4.49504,4.35854,1.71614,0.0432264, -0.005781, 0.945981, 0.321275
2784,-4.49487,4.35509,1.71601,0.043713, -0.00572353, 0.946039, 0.32104
2785,-4.49468,4.35163,1.71588,0.0441695, -0.00565492, 0.946091, 0.320824
2786,-4.49449,4.34817,1.71577,0.0446015, -0.00558834, 0.946148, 0.320598
2787,-4.49428,4.3447,1.71567,0.0450101, -0.00551569, 0.946199, 0.320392
2788,-4.49406,4.34122,1.71558,0.0454153, -0.00542002, 0.946254, 0.320173
2789,-4.49383,4.33775,1.71549,0.0458333, -0.00530727, 0.946307, 0.31996
2790,-4.49359,4.33427,1.71542,0.0462392, -0.00517187, 0.946358, 0.319752
2791,-4.49333,4.3308,1.71535,0.0466502, -0.00499679, 0.946415, 0.319528
2792,-4.49305,4.32733,1.71529,0.0470579, -0.00479399, 0.946472, 0.319302
2793,-4.49736,4.33562,1.71791,0.0469946, -0.00426415, 0.946343, 0.319699
2794,-4.49714,4.3323,1.71785,0.0473859, -0.0040072, 0.946405, 0.319462
2795,-4.49691,4.32899,1.7178,0.0477865, -0.00372602, 0.946462, 0.319238
2796,-4.49666,4.32569,1.71775,0.0481828, -0.00338741, 0.946521, 0.319007
2797,-4.49638,4.3224,1.7177,0.048572, -0.00299412, 0.946578, 0.318782
2798,-4.49609,4.31912,1.71766,0.0489483, -0.00255268, 0.946644, 0.318533
2799,-4.49578,4.31585,1.71762,0.0493138, -0.00204282, 0.946709, 0.318286
2800,-4.49544,4.3126,1.71757,0.049671, -0.00148719, 0.946779, 0.318026
2801,-4.49958,4.31972,1.72006,0.0495037, -0.00140694, 0.946849, 0.317842
2802,-4.4993,4.31659,1.72001,0.0498546, -0.000806427, 0.946915, 0.317592
2803,-4.499,4.31348,1.71995,0.0501874, -0.000168407, 0.946988, 0.317326
2804,-4.49869,4.31038,1.71988,0.0505203, 0.000486769, 0.947057, 0.317064
2805,-4.50181,4.31608,1.72218,0.050563, 0.000348747, 0.947432, 0.315935
2806,-4.50152,4.31306,1.72211,0.0508727, 0.00101614, 0.94751, 0.31565
2807,-4.50123,4.31004,1.72203,0.0511676, 0.00170285, 0.947586, 0.315372
2808,-4.50092,4.30703,1.72193,0.0514495, 0.00238762, 0.947666, 0.315082
2809,-4.5006,4.30403,1.72182,0.0517292, 0.00305883, 0.947738, 0.314813
2810,-4.50028,4.30102,1.72168,0.0519918, 0.00368112, 0.947818, 0.314521
2811,-4.49995,4.29801,1.72153,0.0522354, 0.00428516, 0.947895, 0.314244
2812,-4.49962,4.29499,1.72137,0.0524652, 0.00484601, 0.94798, 0.31394
2813,-4.50286,4.30115,1.72323,0.0524054, 0.00500112, 0.948019, 0.313829
2814,-4.50258,4.29824,1.72304,0.0526143, 0.00552805, 0.948106, 0.313522
2815,-4.50231,4.29531,1.72283,0.0528187, 0.00602791, 0.948196, 0.313207
2816,-4.50204,4.29238,1.72262,0.0530257, 0.00650128, 0.948287, 0.312885
2817,-4.50176,4.28944,1.72239,0.0532325, 0.00695138, 0.948384, 0.312547
2818,-4.50148,4.28648,1.72216,0.0534316, 0.00739584, 0.948479, 0.312213
2819,-4.50121,4.28352,1.72192,0.0536468, 0.00783349, 0.948574, 0.311878
2820,-4.50093,4.28055,1.72169,0.0538672, 0.00826762, 0.948679, 0.311509
2821,-4.50065,4.27757,1.72146,0.0541262, 0.00867246, 0.948789, 0.311119
2822,-4.50037,4.27459,1.72123,0.0543957, 0.00909177, 0.948899, 0.310723
2823,-4.50009,4.27159,1.72101,0.0546648, 0.00951793, 0.949011, 0.310321
2824,-4.50374,4.27878,1.72301,0.0545028, 0.0100207, 0.948867, 0.310773
2825,-4.50354,4.27592,1.72279,0.0547546, 0.0104358, 0.948979, 0.310372
2826,-4.50334,4.27305,1.72256,0.0550015, 0.0108153, 0.949088, 0.309985
2827,-4.50314,4.27018,1.72234,0.0552674, 0.0111795, 0.949199, 0.309584
2828,-4.50295,4.26731,1.72212,0.0555155, 0.0115392, 0.949314, 0.309174
2829,-4.50275,4.26442,1.7219,0.0557292, 0.0118833, 0.949431, 0.308761
2830,-4.50256,4.26153,1.72169,0.0559214, 0.0122217, 0.94955, 0.308348
2831,-4.50237,4.25863,1.72147,0.0560867, 0.0125279, 0.949672, 0.307929
2832,-4.50219,4.25572,1.72125,0.0562459, 0.0128028, 0.949793, 0.307517
2833,-4.50201,4.2528,1.72104,0.0563979, 0.0130296, 0.949914, 0.307103
2834,-4.50183,4.24988,1.72083,0.0565436, 0.0132229, 0.950039, 0.306683
2835,-4.50558,4.25706,1.72274,0.0563419, 0.0135551, 0.949899, 0.307138
2836,-4.50549,4.25426,1.72252,0.0564855, 0.0137132, 0.95003, 0.306699
2837,-4.50541,4.25144,1.72231,0.0566088, 0.0138398, 0.950172, 0.306232
2838,-4.50533,4.24861,1.7221,0.0567186, 0.0139217, 0.950323, 0.305738
2839,-4.50526,4.24576,1.7219,0.0568131, 0.0139548, 0.950478, 0.305235
2840,-4.50519,4.24291,1.7217,0.0568949, 0.0140001, 0.950636, 0.304727
2841,-4.50513,4.24004,1.72152,0.0569349, 0.014048, 0.950802, 0.3042
2842,-4.50851,4.24624,1.72364,0.0568376, 0.0140147, 0.950992, 0.303625
2843,-4.50851,4.24346,1.72346,0.0568722, 0.0140623, 0.951161, 0.303086
2844,-4.50851,4.24067,1.7233,0.0568692, 0.0141352, 0.951336, 0.302534
2845,-4.50851,4.23787,1.72315,0.0568444, 0.0141913, 0.951527, 0.301933
2846,-4.50851,4.23506,1.72301,0.0568071, 0.0142505, 0.951724, 0.301315
2847,-4.50851,4.23225,1.72288,0.0567512, 0.0143184, 0.95193, 0.300672
2848,-4.50851,4.22944,1.72275,0.056706, 0.0143873, 0.952142, 0.300006
2849,-4.50851,4.22662,1.72263,0.0566527, 0.0144663, 0.952365, 0.299302
2850,-4.5085,4.2238,1.72252,0.0565872, 0.0145357, 0.952595, 0.29858
2851,-4.50849,4.22097,1.72241,0.0565216, 0.014591, 0.952824, 0.297856
2852,-4.50847,4.21813,1.72231,0.0564439, 0.0146502, 0.953061, 0.29711
2853,-4.51224,4.22516,1.724,0.0561669, 0.0149509, 0.953012, 0.297304
2854,-4.51231,4.22245,1.72389,0.0560661, 0.0149983, 0.953249, 0.296561
2855,-4.51237,4.21973,1.72377,0.0559527, 0.0150494, 0.953487, 0.295813
2856,-4.51242,4.21701,1.72366,0.0558078, 0.0150792, 0.953729, 0.295059
2857,-4.51247,4.21427,1.72354,0.0556527, 0.0151202, 0.953972, 0.294299
2858,-4.51251,4.21153,1.72343,0.0554725, 0.0151444, 0.954213, 0.293548
2859,-4.51254,4.20877,1.72331,0.0552792, 0.015158, 0.954466, 0.29276
2860,-4.51257,4.20601,1.7232,0.0550767, 0.0151571, 0.954715, 0.291987
2861,-4.51258,4.20322,1.72308,0.0548775, 0.0151619, 0.954964, 0.291209
2862,-4.51259,4.20043,1.72296,0.0546946, 0.0151495, 0.955217, 0.290411
2863,-4.51259,4.19762,1.72284,0.0545128, 0.0151512, 0.955468, 0.289621
2864,-4.51636,4.20484,1.72454,0.0542644, 0.0154255, 0.955385, 0.289925
2865,-4.51644,4.20215,1.7244,0.0541145, 0.0154014, 0.95564, 0.289115
2866,-4.5165,4.19944,1.72426,0.053978, 0.0153776, 0.9559, 0.288281
2867,-4.51654,4.19672,1.72412,0.0538574, 0.0153314, 0.956163, 0.287432
2868,-4.51657,4.19398,1.72398,0.0537518, 0.0152788, 0.956427, 0.286573
2869,-4.51659,4.19122,1.72384,0.0536508, 0.0152212, 0.956695, 0.2857
2870,-4.51659,4.18844,1.7237,0.053546, 0.0151644, 0.956964, 0.284819
2871,-4.51657,4.18564,1.72355,0.0534526, 0.015084, 0.957237, 0.283924
2872,-4.52003,4.19226,1.72526,0.0533022, 0.015092, 0.957369, 0.283506
2873,-4.52007,4.18954,1.72511,0.0532243, 0.0150003, 0.957647, 0.282587
2874,-4.52009,4.1868,1.72496,0.0531629, 0.0148836, 0.957926, 0.281657
2875,-4.5201,4.18403,1.72481,0.0531084, 0.0147658, 0.958207, 0.280715
2876,-4.52008,4.18125,1.72466,0.0530684, 0.0146308, 0.958488, 0.279768
2877,-4.52006,4.17843,1.7245,0.0530597, 0.0144933, 0.958768, 0.278816
2878,-4.52001,4.17559,1.72435,0.053085, 0.014353, 0.959061, 0.27781
2879,-4.51995,4.17272,1.7242,0.0531384, 0.0141975, 0.959359, 0.276778
2880,-4.51986,4.16983,1.72405,0.0532051, 0.0140418, 0.95965, 0.275762
2881,-4.51976,4.16692,1.7239,0.0532695, 0.0138956, 0.959944, 0.274729
2882,-4.51965,4.16398,1.72375,0.0533431, 0.013754, 0.960235, 0.273705
2883,-4.52311,4.17123,1.72544,0.0531942, 0.0139781, 0.960244, 0.27369
2884,-4.52306,4.1684,1.72528,0.05327, 0.0138589, 0.960546, 0.272621
2885,-4.52299,4.16556,1.72512,0.0533523, 0.0137499, 0.96084, 0.271573
2886,-4.52292,4.16269,1.72496,0.0534239, 0.0136588, 0.961142, 0.270491
2887,-4.52283,4.1598,1.7248,0.0535244, 0.0135811, 0.961445, 0.269396
2888,-4.52273,4.15689,1.72465,0.0536437, 0.0134905, 0.961749, 0.26829
2889,-4.52262,4.15396,1.7245,0.0537596, 0.0134018, 0.962054, 0.267176
2890,-4.5225,4.151,1.72434,0.0538651, 0.0132851, 0.962361, 0.266053
2891,-4.52237,4.14802,1.72418,0.0539621, 0.013147, 0.962668, 0.264924
2892,-4.52223,4.14502,1.72401,0.0540545, 0.0129979, 0.962974, 0.2638
2893,-4.52208,4.14198,1.72384,0.0541331, 0.0128441, 0.963279, 0.262674
2894,-4.52559,4.14958,1.72552,0.0539538, 0.0130889, 0.963228, 0.262888
2895,-4.52553,4.14665,1.72533,0.0540342, 0.0129217, 0.963529, 0.261774
2896,-4.52546,4.1437,1.72513,0.0541161, 0.0127461, 0.963827, 0.260666
2897,-4.52538,4.14072,1.72492,0.054181, 0.0125527, 0.964126, 0.259552
2898,-4.52806,4.14628,1.72653,0.0542106, 0.0122272, 0.964419, 0.258473
2899,-4.52801,4.14333,1.72631,0.0542577, 0.0120361, 0.964714, 0.257366
2900,-4.52796,4.14036,1.72608,0.0543149, 0.0118134, 0.965016, 0.256233
2901,-4.52789,4.13736,1.72585,0.0544054, 0.0115876, 0.965311, 0.255107
2902,-4.52781,4.13433,1.7256,0.05453, 0.0113318, 0.965613, 0.253949
2903,-4.53002,4.13941,1.72681,0.0545847, 0.0110355, 0.96585, 0.253048
2904,-4.52998,4.13642,1.72655,0.0547339, 0.0107427, 0.966148, 0.251886
2905,-4.52992,4.1334,1.72628,0.054898, 0.0104476, 0.96645, 0.250703
2906,-4.52986,4.13036,1.726,0.0550598, 0.0101231, 0.966748, 0.249526
2907,-4.52978,4.12729,1.72571,0.0552264, 0.00978389, 0.96705, 0.248331
2908,-4.5297,4.1242,1.72541,0.0553759, 0.0094337, 0.967346, 0.247156
2909,-4.52962,4.12109,1.72511,0.0555212, 0.0090601, 0.967646, 0.245962
2910,-4.52952,4.11795,1.72479,0.0556534, 0.00867909, 0.967943, 0.244772
2911,-4.52943,4.1148,1.72446,0.0557807, 0.00830673, 0.968237, 0.243593
2912,-4.52933,4.11162,1.72412,0.0559088, 0.007938, 0.968529, 0.242409
2913,-4.52922,4.10843,1.72378,0.056023, 0.0075961, 0.968821, 0.241224
2914,-4.53196,4.1146,1.72483,0.0559382, 0.00775557, 0.968786, 0.24138
2915,-4.53195,4.11152,1.72446,0.056041, 0.00741934, 0.969071, 0.24022
2916,-4.53192,4.10843,1.72408,0.0561326, 0.00711109, 0.969353, 0.239068
2917,-4.5319,4.10532,1.72369,0.0562381, 0.00682185, 0.96963, 0.237924
2918,-4.53188,4.10221,1.72329,0.0563287, 0.0065552, 0.969908, 0.236775
2919,-4.53185,4.09908,1.72289,0.0563986, 0.006328, 0.970185, 0.235628
2920,-4.53182,4.09595,1.72248,0.0564474, 0.0061447, 0.97046, 0.234487
2921,-4.53179,4.09281,1.72207,0.0565199, 0.00598591, 0.970731, 0.233347
2922,-4.53175,4.08966,1.72164,0.0565899, 0.00583954, 0.971003, 0.232198
2923,-4.53171,4.0865,1.72122,0.0566602, 0.0056889, 0.971275, 0.231048
2924,-4.53166,4.08334,1.72078,0.0567506, 0.0055538, 0.971544, 0.229893
2925,-4.53448,4.09003,1.72186,0.0566434, 0.00580215, 0.971456, 0.230284
2926,-4.53452,4.08698,1.7214,0.0567333, 0.00565162, 0.971727, 0.229119
2927,-4.53455,4.08392,1.72093,0.0568346, 0.00548998, 0.972003, 0.227926
2928,-4.53458,4.08084,1.72044,0.0569452, 0.0053186, 0.972284, 0.226698
2929,-4.53461,4.07775,1.71994,0.0570549, 0.00515634, 0.972562, 0.225481
2930,-4.53463,4.07465,1.71943,0.0571566, 0.00497822, 0.972838, 0.224267
2931,-4.53466,4.07153,1.7189,0.0572547, 0.00480715, 0.973114, 0.223041
2932,-4.53469,4.0684,1.71837,0.0573473, 0.00462592, 0.973386, 0.221831
2933,-4.53472,4.06525,1.71782,0.0574297, 0.00443479, 0.973662, 0.220599
2934,-4.53476,4.06209,1.71726,0.0574792, 0.00423097, 0.973937, 0.219373
2935,-4.53481,4.05891,1.7167,0.0574965, 0.00403034, 0.974212, 0.218148
2936,-4.53802,4.06594,1.71786,0.0573106, 0.00427243, 0.974217, 0.218169
2937,-4.53817,4.06288,1.71728,0.0573046, 0.00408335, 0.97449, 0.216954
2938,-4.53834,4.0598,1.71669,0.0572621, 0.00389541, 0.974763, 0.215736
2939,-4.53852,4.05671,1.71609,0.0571811, 0.00370194, 0.975034, 0.214535
2940,-4.53872,4.05361,1.71549,0.0570542, 0.00352387, 0.975301, 0.213355
2941,-4.53893,4.05049,1.71489,0.0568813, 0.00336798, 0.975565, 0.212195
2942,-4.53916,4.04737,1.71428,0.0566601, 0.00324713, 0.97583, 0.211035
2943,-4.5394,4.04423,1.71367,0.0564149, 0.00314876, 0.976091, 0.20989
2944,-4.53965,4.04108,1.71307,0.0561638, 0.00306838, 0.97635, 0.208752
2945,-4.53992,4.03792,1.71247,0.0558947, 0.00299394, 0.976605, 0.207626
2946,-4.54019,4.03475,1.71187,0.0556234, 0.00292339, 0.976857, 0.206513
2947,-4.54354,4.04248,1.71258,0.0554108, 0.00326607, 0.976804, 0.206818
2948,-4.54392,4.03943,1.71197,0.0551654, 0.0032193, 0.977057, 0.205685
2949,-4.54431,4.03636,1.71136,0.054944, 0.00317012, 0.977308, 0.20455
2950,-4.5447,4.03328,1.71076,0.054744, 0.00313872, 0.977559, 0.203399
2951,-4.54509,4.03019,1.71015,0.0545709, 0.00311213, 0.977809, 0.20224
2952,-4.54547,4.02708,1.70954,0.0544151, 0.00310354, 0.978058, 0.201077
2953,-4.54586,4.02395,1.70893,0.0542803, 0.00313805, 0.978305, 0.19991
2954,-4.54893,4.03054,1.7096,0.0541645, 0.0031676, 0.978441, 0.19927
2955,-4.54938,4.02749,1.70898,0.0540339, 0.00323569, 0.978689, 0.198085
2956,-4.54983,4.02444,1.70836,0.0539018, 0.00335618, 0.978939, 0.196882
2957,-4.55028,4.02137,1.70774,0.0537586, 0.00350068, 0.979192, 0.195654
2958,-4.55074,4.01829,1.70713,0.0536061, 0.00367355, 0.979447, 0.194414
2959,-4.55119,4.0152,1.70652,0.0534249, 0.00385831, 0.979704, 0.193163
2960,-4.55165,4.0121,1.70591,0.0531914, 0.00400395, 0.979963, 0.191902
2961,-4.55212,4.00898,1.70531,0.0528924, 0.00419012, 0.980223, 0.190651
2962,-4.5526,4.00585,1.70473,0.0525427, 0.00442185, 0.980487, 0.189381
2963,-4.55308,4.0027,1.70416,0.0521611, 0.00463369, 0.980756, 0.188082
2964,-4.55358,3.99952,1.70362,0.0517383, 0.00485531, 0.981029, 0.186765
2965,-4.55661,4.0066,1.70464,0.0514072, 0.00512396, 0.981059, 0.186693
2966,-4.55723,4.00351,1.70414,0.0509707, 0.00533852, 0.981328, 0.185391
2967,-4.55787,4.00039,1.70368,0.0505248, 0.0055433, 0.981602, 0.184048
2968,-4.55852,3.99724,1.70325,0.0500923, 0.00567379, 0.981879, 0.182682
2969,-4.55919,3.99404,1.70286,0.0496373, 0.00569586, 0.98216, 0.181288
2970,-4.55988,3.99079,1.70251,0.0491178, 0.00566279, 0.98244, 0.179908
2971,-4.56058,3.98751,1.70217,0.0485489, 0.00561181, 0.98272, 0.178531
2972,-4.56129,3.9842,1.70186,0.0479545, 0.00556272, 0.982998, 0.177154
2973,-4.56201,3.98086,1.70155,0.0473445, 0.0055616, 0.983278, 0.175759
2974,-4.56273,3.97749,1.70129,0.0467257, 0.00561774, 0.983555, 0.174367
2975,-4.56344,3.9741,1.70107,0.0461169, 0.00571432, 0.983833, 0.172951
2976,-4.56583,3.98153,1.70223,0.045901, 0.00605092, 0.9838, 0.173189
2977,-4.56663,3.97825,1.70204,0.0453047, 0.00621866, 0.98407, 0.171797
2978,-4.56744,3.97495,1.70191,0.0447095, 0.00644905, 0.984336, 0.17042
2979,-4.56824,3.97162,1.70184,0.044151, 0.00669722, 0.984597, 0.169038
2980,-4.56905,3.96827,1.70182,0.0436405, 0.00698232, 0.984852, 0.167668
2981,-4.56985,3.9649,1.70186,0.0431487, 0.00731041, 0.985097, 0.166336
2982,-4.57065,3.96151,1.70194,0.0426474, 0.007691, 0.985332, 0.165056
2983,-4.57145,3.95809,1.70205,0.0421085, 0.00810131, 0.985558, 0.16382
2984,-4.57225,3.95466,1.70219,0.0415278, 0.00857237, 0.985779, 0.16261
2985,-4.57305,3.95121,1.70236,0.0409204, 0.00908452, 0.985987, 0.161473
2986,-4.57384,3.94774,1.70255,0.0402945, 0.00962804, 0.986187, 0.160369
2987,-4.57666,3.95573,1.70356,0.0399201, 0.0100724, 0.986187, 0.160438
2988,-4.57756,3.95239,1.70375,0.0393038, 0.0106492, 0.986382, 0.15935
2989,-4.57846,3.94903,1.70395,0.0387326, 0.0111912, 0.98657, 0.158283
2990,-4.57935,3.94565,1.70415,0.0381881, 0.0117176, 0.986752, 0.15724
2991,-4.58024,3.94224,1.70436,0.0376449, 0.0121686, 0.986932, 0.156204
2992,-4.58111,3.93881,1.70456,0.0371003, 0.0125371, 0.987107, 0.155197
2993,-4.58198,3.93534,1.70475,0.0365751, 0.0128324, 0.987281, 0.154191
2994,-4.58284,3.93184,1.70493,0.0360456, 0.0130158, 0.987451, 0.153206
2995,-4.58368,3.9283,1.70509,0.0355365, 0.0131077, 0.987618, 0.152237
2996,-4.5845,3.92472,1.70522,0.035041, 0.0130949, 0.987785, 0.151269
2997,-4.58531,3.9211,1.70534,0.0345376, 0.012996, 0.987951, 0.150306
2998,-4.58611,3.91745,1.70543,0.0340553, 0.0128256, 0.988113, 0.14936
2999,-4.58689,3.91376,1.7055,0.0336128, 0.0125711, 0.988274, 0.148416
3000,-4.58765,3.91004,1.70554,0.0332225, 0.0122713, 0.988431, 0.14748
3001,-4.58839,3.9063,1.70557,0.0328412, 0.0119437, 0.988584, 0.146562
3002,-4.59176,3.9164,1.70614,0.0324369, 0.0124739, 0.988451, 0.1475
3003,-4.59262,3.91281,1.70612,0.0320589, 0.0121146, 0.988603, 0.146592
3004,-4.59346,3.90921,1.70609,0.0316664, 0.0117531, 0.98875, 0.145717
3005,-4.59428,3.9056,1.70605,0.0312965, 0.0113896, 0.988894, 0.144844
3006,-4.59508,3.90199,1.706,0.0309455, 0.0110638, 0.989036, 0.143974
3007,-4.59585,3.89837,1.70595,0.0306036, 0.0108049, 0.989171, 0.143136
3008,-4.59661,3.89475,1.7059,0.0303003, 0.0105826, 0.989301, 0.142314
3009,-4.59916,3.90273,1.70676,0.0302444, 0.0105465, 0.989372, 0.141837
3010,-4.59996,3.89922,1.70671,0.0299654, 0.0103702, 0.989501, 0.141008
3011,-4.60073,3.89572,1.70665,0.0297172, 0.0102498, 0.989629, 0.140168
3012,-4.60149,3.89224,1.7066,0.0294903, 0.0101935, 0.989755, 0.139327
3013,-4.60222,3.88876,1.70656,0.0292812, 0.0101868, 0.989881, 0.138472
3014,-4.60338,3.89495,1.7073,0.0293547, 0.00993171, 0.989994, 0.137663
3015,-4.60413,3.89155,1.70726,0.0291844, 0.00998221, 0.990119, 0.136796
3016,-4.60486,3.88817,1.70722,0.0290367, 0.0100514, 0.99024, 0.135942
3017,-4.60556,3.88479,1.7072,0.0288708, 0.010135, 0.990362, 0.135079
3018,-4.60625,3.88143,1.70717,0.0286923, 0.010215, 0.990484, 0.134218
3019,-4.60692,3.87808,1.70715,0.0285037, 0.0102803, 0.990604, 0.133363
3020,-4.60757,3.87472,1.70712,0.0282969, 0.0103309, 0.990723, 0.132515
3021,-4.60821,3.87138,1.7071,0.0280906, 0.0103649, 0.990843, 0.131658
3022,-4.60883,3.86803,1.70706,0.0278809, 0.0103651, 0.99096, 0.130821
3023,-4.60943,3.86468,1.70703,0.027679, 0.0103244, 0.991073, 0.130003
3024,-4.61002,3.86133,1.70699,0.0274847, 0.0102507, 0.991185, 0.129195
3025,-4.61091,3.86794,1.7077,0.0274166, 0.0103083, 0.991146, 0.129509
3026,-4.61157,3.8647,1.70763,0.0272034, 0.0102021, 0.991259, 0.128693
3027,-4.61221,3.86145,1.70756,0.0269994, 0.0100765, 0.991368, 0.127901
3028,-4.61284,3.85821,1.70749,0.026779, 0.00993263, 0.991472, 0.127154
3029,-4.61345,3.85496,1.70742,0.0265529, 0.00977797, 0.991572, 0.126427
3030,-4.61404,3.85171,1.70735,0.026335, 0.00961406, 0.991673, 0.125696
3031,-4.61461,3.84846,1.70728,0.0261322, 0.0094415, 0.991772, 0.124963
3032,-4.61516,3.84521,1.70721,0.0259383, 0.00923439, 0.99187, 0.124237
3033,-4.61569,3.84196,1.70714,0.0257389, 0.00901596, 0.991968, 0.123514
3034,-4.6162,3.83871,1.70707,0.0255605, 0.0088152, 0.992064, 0.122796
3035,-4.61669,3.83546,1.707,0.0254048, 0.00863725, 0.992157, 0.122085
3036,-4.61782,3.84281,1.70765,0.0253535, 0.00877016, 0.992103, 0.122526
3037,-4.61838,3.83968,1.70757,0.025233, 0.00861448, 0.992196, 0.121801
3038,-4.61892,3.83654,1.7075,0.0251348, 0.00843157, 0.992291, 0.121062
3039,-4.61943,3.8334,1.70744,0.0250416, 0.00821489, 0.992383, 0.12034
3040,-4.61993,3.83026,1.70739,0.0249539, 0.00796696, 0.992473, 0.11963
3041,-4.62041,3.82711,1.70734,0.0248734, 0.00772186, 0.992564, 0.118906
3042,-4.62087,3.82395,1.70731,0.0247913, 0.00745449, 0.992653, 0.118197
3043,-4.62131,3.8208,1.70728,0.0246997, 0.00718568, 0.992741, 0.117492
3044,-4.62174,3.81763,1.70725,0.0246025, 0.00691669, 0.992826, 0.116808
3045,-4.62215,3.81447,1.70723,0.0244731, 0.00663861, 0.992908, 0.116146
3046,-4.62255,3.81131,1.70722,0.0243281, 0.00637737, 0.992989, 0.115496
3047,-4.62403,3.81932,1.70781,0.0242277, 0.00654334, 0.992966, 0.115709
3048,-4.6245,3.81629,1.70778,0.0240557, 0.00629263, 0.993045, 0.115082
3049,-4.62496,3.81326,1.70776,0.0238706, 0.00604825, 0.993119, 0.11449
3050,-4.62541,3.81024,1.70775,0.0236486, 0.00584436, 0.993194, 0.113899
3051,-4.62583,3.80722,1.70774,0.0234131, 0.00567601, 0.993266, 0.113328
3052,-4.62624,3.80421,1.70774,0.023175, 0.00554443, 0.993335, 0.112769
3053,-4.62663,3.8012,1.70775,0.0229338, 0.00544578, 0.993403, 0.112229
3054,-4.627,3.7982,1.70777,0.0226816, 0.00539423, 0.993468, 0.111701
3055,-4.62736,3.79521,1.7078,0.022444, 0.00537754, 0.993531, 0.111188
3056,-4.62769,3.79222,1.70784,0.0222093, 0.00542378, 0.993592, 0.110686
3057,-4.628,3.78924,1.70788,0.021977, 0.00551511, 0.993654, 0.110175
3058,-4.62947,3.79794,1.70811,0.0218944, 0.00582038, 0.993611, 0.110558
3059,-4.62986,3.7951,1.70814,0.0216859, 0.00594418, 0.993671, 0.110053
3060,-4.63023,3.79226,1.70817,0.0214765, 0.00608426, 0.99373, 0.109553
3061,-4.63057,3.78942,1.7082,0.0212944, 0.00622957, 0.993787, 0.109062
3062,-4.6309,3.78658,1.70824,0.0211246, 0.00638945, 0.993844, 0.108564
3063,-4.6312,3.78373,1.70827,0.0209669, 0.00653564, 0.993903, 0.10805
3064,-4.63147,3.78088,1.7083,0.0208133, 0.00667054, 0.993961, 0.107532
3065,-4.63172,3.77801,1.70832,0.02067, 0.00678816, 0.99402, 0.107009
3066,-4.63195,3.77513,1.70834,0.0205407, 0.0068733, 0.994079, 0.106477
3067,-4.63216,3.77223,1.70835,0.0204077, 0.00692385, 0.994139, 0.105938
3068,-4.63234,3.76932,1.70835,0.0202995, 0.00693011, 0.994199, 0.105393
3069,-4.63342,3.77738,1.70894,0.0202303, 0.00704526, 0.994172, 0.105655
3070,-4.63368,3.77457,1.70891,0.0201201, 0.00701815, 0.994233, 0.1051
3071,-4.63392,3.77175,1.70888,0.0200074, 0.00695512, 0.994295, 0.104545
3072,-4.63414,3.7689,1.70884,0.0198908, 0.00685474, 0.994357, 0.103977
3073,-4.63434,3.76603,1.70879,0.0197679, 0.00673071, 0.994421, 0.103398
3074,-4.63453,3.76313,1.70873,0.0196228, 0.00658615, 0.994485, 0.102815
3075,-4.6347,3.76022,1.70867,0.0194722, 0.00644287, 0.994545, 0.102269
3076,-4.63485,3.75729,1.7086,0.0192841, 0.00631294, 0.994605, 0.101729
3077,-4.63499,3.75434,1.70852,0.0190812, 0.00619844, 0.994662, 0.101217
3078,-4.63511,3.75138,1.70845,0.0188638, 0.0061004, 0.994717, 0.10072
3079,-4.63522,3.7484,1.70837,0.0186431, 0.00602447, 0.99477, 0.100243
3080,-4.63623,3.75633,1.70933,0.0185759, 0.00616667, 0.994735, 0.100595
3081,-4.63642,3.75348,1.70923,0.0183409, 0.00613535, 0.994786, 0.100129
3082,-4.63659,3.75061,1.70913,0.0181235, 0.00611985, 0.994836, 0.0996742
3083,-4.63675,3.74773,1.70904,0.017916, 0.00611015, 0.994885, 0.0992245
3084,-4.63688,3.74484,1.70895,0.0177304, 0.00611984, 0.994932, 0.098785
3085,-4.637,3.74194,1.70886,0.0175678, 0.00613271, 0.994978, 0.0983522
3086,-4.63709,3.73902,1.70877,0.0174298, 0.00613808, 0.995021, 0.0979355
3087,-4.63716,3.73608,1.70868,0.0173097, 0.00614979, 0.995064, 0.0975241
3088,-4.6372,3.73313,1.70858,0.0172229, 0.00616131, 0.995103, 0.0971366
3089,-4.63722,3.73016,1.70848,0.0171539, 0.00617767, 0.995142, 0.0967426
3090,-4.63722,3.72717,1.70838,0.0171175, 0.00617101, 0.99518, 0.0963609
3091,-4.63846,3.73563,1.70908,0.0170803, 0.0063481, 0.995162, 0.0965405
3092,-4.63853,3.73276,1.70895,0.0170594, 0.00633441, 0.995201, 0.0961471
3093,-4.63858,3.72987,1.70882,0.0170372, 0.00630886, 0.995239, 0.0957579
3094,-4.6386,3.72695,1.70868,0.0170279, 0.00627995, 0.995273, 0.095402
3095,-4.63861,3.72402,1.70853,0.0170213, 0.00623894, 0.995307, 0.0950581
3096,-4.6386,3.72106,1.70839,0.0170055, 0.00620023, 0.995339, 0.0947195
3097,-4.63858,3.71809,1.70823,0.01699, 0.0061643, 0.995371, 0.0943888
3098,-4.63854,3.71509,1.70808,0.0169575, 0.00613578, 0.995401, 0.0940858
3099,-4.63849,3.71207,1.70792,0.0169134, 0.00609946, 0.995428, 0.0938106
3100,-4.63843,3.70904,1.70776,0.0168512, 0.00605859, 0.995452, 0.0935619
3101,-4.63836,3.70598,1.7076,0.0167783, 0.0060322, 0.995477, 0.0933196
3102,-4.6398,3.71474,1.70792,0.0166937, 0.00624245, 0.995447, 0.0936349
3103,-4.63982,3.71181,1.70773,0.0166147, 0.00620895, 0.99547, 0.0934099
3104,-4.63983,3.70886,1.70753,0.0165284, 0.00618275, 0.995493, 0.0931807
3105,-4.63983,3.7059,1.70734,0.0164506, 0.00617738, 0.995514, 0.0929659
3106,-4.63981,3.70292,1.70713,0.0163605, 0.00617102, 0.995533, 0.0927841
3107,-4.63978,3.69993,1.70692,0.0162841, 0.00616858, 0.995552, 0.092593
3108,-4.63973,3.69692,1.7067,0.0162206, 0.00618735, 0.995572, 0.0923818
3109,-4.63967,3.6939,1.70647,0.0161569, 0.00619175, 0.995591, 0.0921906
3110,-4.63959,3.69086,1.70623,0.0161297, 0.00621584, 0.995607, 0.0920205
3111,-4.63948,3.68782,1.70598,0.0160915, 0.00625163, 0.995623, 0.0918502
3112,-4.63936,3.68476,1.70573,0.0160646, 0.00628123, 0.995638, 0.0916933
3113,-4.64009,3.6931,1.70642,0.0160838, 0.00639387, 0.995604, 0.0920466
3114,-4.64004,3.69016,1.70613,0.0160657, 0.00641896, 0.995617, 0.0919097
3115,-4.63997,3.68721,1.70583,0.0160547, 0.00643426, 0.995629, 0.0917863
3116,-4.63988,3.68424,1.70551,0.0160279, 0.0064672, 0.995639, 0.0916718
3117,-4.63978,3.68126,1.70519,0.0160147, 0.00648954, 0.99565, 0.0915588
3118,-4.63965,3.67827,1.70485,0.0160028, 0.00651206, 0.995658, 0.0914644
3119,-4.63951,3.67526,1.70451,0.0159984, 0.00653002, 0.995666, 0.0913794
3120,-4.63937,3.68163,1.7057,0.0161646, 0.0062859, 0.995701, 0.0909843
3121,-4.63925,3.67869,1.70534,0.0161508, 0.00630487, 0.995708, 0.0909098
3122,-4.63912,3.67574,1.70497,0.0161527, 0.00632137, 0.995713, 0.0908554
3123,-4.63896,3.67277,1.70459,0.016158, 0.00636167, 0.995717, 0.0908032
3124,-4.63879,3.66979,1.7042,0.0161703, 0.00642028, 0.99572, 0.0907654
3125,-4.63859,3.6668,1.70381,0.0161847, 0.00648976, 0.995721, 0.0907512
3126,-4.63837,3.6638,1.70342,0.0162156, 0.0065646, 0.99572, 0.0907477
3127,-4.63812,3.66079,1.70302,0.0162354, 0.00666456, 0.995719, 0.0907463
3128,-4.63819,3.66732,1.70398,0.0163706, 0.00658446, 0.995732, 0.0905939
3129,-4.63798,3.66439,1.70356,0.016401, 0.00669966, 0.99573, 0.0906029
3130,-4.63775,3.66146,1.70313,0.0164337, 0.00683999, 0.995728, 0.0906075
3131,-4.6375,3.65851,1.7027,0.0164754, 0.00699013, 0.995726, 0.090608
3132,-4.63722,3.65555,1.70227,0.0165172, 0.00717561, 0.99572, 0.0906451
3133,-4.63692,3.65259,1.70184,0.0165574, 0.00735583, 0.995715, 0.0906782
3134,-4.63659,3.64961,1.7014,0.0166088, 0.00757239, 0.99571, 0.0907068
3135,-4.63624,3.64662,1.70097,0.0166718, 0.00779711, 0.995706, 0.0907261
3136,-4.63586,3.64361,1.70054,0.0167504, 0.00804585, 0.995701, 0.0907477
3137,-4.63547,3.64059,1.70012,0.0168341, 0.00829436, 0.995694, 0.0907839
3138,-4.63504,3.63755,1.69969,0.0169368, 0.00854493, 0.995688, 0.0908069
3139,-4.63573,3.64501,1.70043,0.0169983, 0.00868979, 0.995653, 0.0911595
3140,-4.63538,3.64208,1.69997,0.0171068, 0.00894218, 0.995649, 0.091164
3141,-4.635,3.63913,1.69952,0.0172292, 0.00920004, 0.995644, 0.0911724
3142,-4.6346,3.63617,1.69905,0.0173542, 0.00947397, 0.995637, 0.0911965
3143,-4.63417,3.63318,1.69859,0.0174871, 0.0097294, 0.995632, 0.091197
3144,-4.63371,3.63018,1.69812,0.0176274, 0.00998056, 0.995624, 0.0912229
3145,-4.63324,3.62715,1.69765,0.0177616, 0.0102228, 0.995618, 0.0912423
3146,-4.63273,3.62411,1.69718,0.0179023, 0.0104585, 0.995614, 0.0912261
3147,-4.63221,3.62103,1.6967,0.0180583, 0.0106861, 0.995611, 0.0912088
3148,-4.63166,3.61794,1.69622,0.0182107, 0.0108885, 0.995608, 0.091188
3149,-4.63109,3.61481,1.69574,0.0183851, 0.0110674, 0.995605, 0.0911598
3150,-4.63179,3.62276,1.6961,0.0184697, 0.0112613, 0.995571, 0.0914856
3151,-4.63128,3.61975,1.69559,0.0186472, 0.011413, 0.99557, 0.0914501
3152,-4.63075,3.6167,1.69508,0.0188472, 0.0115168, 0.995569, 0.0913984
3153,-4.6302,3.61363,1.69457,0.0190485, 0.0116191, 0.99557, 0.0913429
3154,-4.62962,3.61053,1.69405,0.0192618, 0.0117349, 0.99557, 0.0912778
3155,-4.62901,3.6074,1.69353,0.0194869, 0.0118468, 0.995571, 0.0912037
3156,-4.62838,3.60424,1.69302,0.0197237, 0.0119651, 0.995574, 0.0911031
3157,-4.62773,3.60106,1.69252,0.0199746, 0.0120796, 0.995576, 0.0910132
3158,-4.62705,3.59785,1.69204,0.0202426, 0.0122016, 0.995579, 0.0909048
3159,-4.62634,3.59462,1.69156,0.0205265, 0.0123498, 0.995583, 0.0907801
3160,-4.62561,3.59136,1.6911,0.0208505, 0.0125103, 0.995587, 0.0906436
3161,-4.62486,3.58808,1.69065,0.0211953, 0.0126634, 0.99559, 0.0905022
3162,-4.62408,3.58477,1.6902,0.0215618, 0.0128183, 0.995594, 0.0903489
3163,-4.62328,3.58145,1.68975,0.0219158, 0.012969, 0.995598, 0.0901983
3164,-4.62402,3.59066,1.69034,0.0219711, 0.0133861, 0.995516, 0.0910249
3165,-4.62331,3.58749,1.68986,0.0223345, 0.0135328, 0.995521, 0.0908654
3166,-4.62258,3.5843,1.68938,0.0226833, 0.0137134, 0.995523, 0.090726
3167,-4.62183,3.5811,1.6889,0.0230364, 0.0139107, 0.995526, 0.0905757
3168,-4.62106,3.57788,1.68842,0.0233731, 0.0141206, 0.995528, 0.0904395
3169,-4.62026,3.57465,1.68794,0.0237016, 0.0143416, 0.99553, 0.0902949
3170,-4.61945,3.57141,1.68747,0.0240418, 0.0145604, 0.995531, 0.0901518
3171,-4.61862,3.56815,1.68702,0.0243799, 0.0147785, 0.995536, 0.0899742
3172,-4.61777,3.56487,1.68657,0.0247206, 0.0149949, 0.995541, 0.0897927
3173,-4.6169,3.56157,1.68614,0.0250446, 0.0152211, 0.995545, 0.0896213
3174,-4.61602,3.55825,1.68572,0.0253675, 0.0154455, 0.995551, 0.089426
3175,-4.61683,3.5672,1.68687,0.0253592, 0.0156751, 0.995534, 0.0895674
3176,-4.61603,3.56401,1.68644,0.025674, 0.0159151, 0.995539, 0.0893797
3177,-4.61522,3.56079,1.68604,0.0259959, 0.0161686, 0.995546, 0.0891704
3178,-4.61439,3.55756,1.68566,0.0263047, 0.0164214, 0.995554, 0.088937
3179,-4.61354,3.5543,1.6853,0.0266103, 0.0166795, 0.995564, 0.0886902
3180,-4.61268,3.55102,1.68496,0.0269125, 0.0169575, 0.995574, 0.0884295
3181,-4.61181,3.54772,1.68465,0.0272097, 0.0172503, 0.995586, 0.088151
3182,-4.61093,3.54441,1.68437,0.0274985, 0.0175531, 0.995598, 0.0878694
3183,-4.61004,3.54107,1.68411,0.0277798, 0.0178503, 0.995608, 0.0876025
3184,-4.60914,3.53772,1.68387,0.0280481, 0.0181144, 0.995622, 0.0873057
3185,-4.60822,3.53434,1.68367,0.0282965, 0.0183832, 0.995635, 0.0870192
3186,-4.60952,3.54356,1.68469,0.0282483, 0.0186744, 0.995629, 0.0870383
3187,-4.6087,3.5403,1.68449,0.0284794, 0.0189436, 0.995642, 0.0867594
3188,-4.60787,3.53702,1.68431,0.0286858, 0.0191848, 0.995658, 0.0864544
3189,-4.60702,3.53372,1.68416,0.0288797, 0.019422, 0.995673, 0.0861573
3190,-4.60617,3.53039,1.68403,0.029067, 0.0196421, 0.99569, 0.08585
3191,-4.60531,3.52703,1.68392,0.0292561, 0.0198498, 0.995708, 0.0855364
3192,-4.60444,3.52365,1.68384,0.0294619, 0.0200317, 0.995726, 0.0852106
3193,-4.60355,3.52024,1.68378,0.0296809, 0.020201, 0.995742, 0.084904
3194,-4.60266,3.51681,1.68373,0.0299036, 0.0203439, 0.99576, 0.0845757
3195,-4.60175,3.51335,1.6837,0.0301389, 0.020457, 0.995781, 0.0842234
3196,-4.60084,3.50987,1.68368,0.0303818, 0.0205464, 0.995802, 0.0838626
3197,-4.60245,3.5191,1.68456,0.0302743, 0.0207702, 0.995803, 0.0838391
3198,-4.60163,3.51575,1.68452,0.0305187, 0.0208433, 0.995825, 0.083471
3199,-4.60079,3.51238,1.6845,0.0307552, 0.0208892, 0.995851, 0.083061
3200,-4.59994,3.50899,1.68448,0.0309704, 0.0209109, 0.995875, 0.082678
3201,-4.59909,3.50558,1.68446,0.0311714, 0.0209084, 0.995901, 0.0822982
3202,-4.59822,3.50215,1.68445,0.0313332, 0.0208795, 0.995929, 0.0819039
3203,-4.59735,3.49871,1.68443,0.0314784, 0.0208279, 0.995957, 0.081514
3204,-4.59647,3.49525,1.68442,0.0316171, 0.0207563, 0.995988, 0.0811034
3205,-4.59559,3.49178,1.68441,0.0317397, 0.0206642, 0.99602, 0.0806825
3206,-4.5947,3.48829,1.6844,0.0318611, 0.020543, 0.996052, 0.0802666
3207,-4.59381,3.48478,1.68438,0.0319693, 0.0203894, 0.996085, 0.0798501
3208,-4.5956,3.49396,1.68487,0.0318193, 0.0205446, 0.996093, 0.0797799
3209,-4.5948,3.49058,1.68483,0.0319132, 0.0203761, 0.996127, 0.0793584
3210,-4.594,3.4872,1.68478,0.0320059, 0.0201972, 0.99616, 0.0789465
3211,-4.5932,3.48381,1.68473,0.0320968, 0.020028, 0.996193, 0.0785368
3212,-4.59239,3.48042,1.68467,0.0321878, 0.0198569, 0.996227, 0.0781126
3213,-4.59157,3.47702,1.6846,0.0322578, 0.0197065, 0.996257, 0.0777404
3214,-4.59075,3.47361,1.68453,0.0323144, 0.0195544, 0.996287, 0.0773668
3215,-4.58993,3.47021,1.68445,0.0323522, 0.0194215, 0.996316, 0.0770067
3216,-4.5891,3.46682,1.68437,0.032368, 0.0193029, 0.996345, 0.0766605
3217,-4.58826,3.46342,1.68428,0.0323756, 0.0191995, 0.996373, 0.0763149
3218,-4.58743,3.46003,1.68418,0.0323766, 0.0191186, 0.9964, 0.0759856
3219,-4.58865,3.46826,1.68488,0.0322677, 0.0192094, 0.996391, 0.0761187
3220,-4.5879,3.465,1.68476,0.0322727, 0.0191732, 0.996415, 0.0758212
3221,-4.58716,3.46176,1.68462,0.0322825, 0.0191488, 0.996437, 0.0755274
3222,-4.58641,3.45852,1.68448,0.032281, 0.0191596, 0.996457, 0.0752615
3223,-4.58566,3.45528,1.68433,0.0322645, 0.0192038, 0.996476, 0.0750061
3224,-4.5849,3.45205,1.68417,0.0322386, 0.0192661, 0.996495, 0.07475
3225,-4.58414,3.44883,1.684,0.0322101, 0.0193548, 0.996511, 0.0745182
3226,-4.58338,3.44561,1.68383,0.0321683, 0.0194634, 0.996527, 0.0742961
3227,-4.58457,3.45239,1.6847,0.0320912, 0.019339, 0.996564, 0.0738691
3228,-4.58388,3.44928,1.68452,0.0320286, 0.0194631, 0.996578, 0.0736661
3229,-4.5832,3.44616,1.68432,0.031961, 0.019602, 0.99659, 0.073497
3230,-4.58251,3.44304,1.68413,0.0318919, 0.0197383, 0.996603, 0.0733254
3231,-4.58384,3.44831,1.68485,0.0319256, 0.0192961, 0.99669, 0.0722344
3232,-4.58319,3.44524,1.68465,0.0318631, 0.0194144, 0.996702, 0.0720621
3233,-4.58253,3.44216,1.68445,0.0318092, 0.0195211, 0.996715, 0.0718811
3234,-4.58187,3.43906,1.68424,0.0317614, 0.0196165, 0.996728, 0.0716939
3235,-4.5812,3.43596,1.68404,0.0317444, 0.0196777, 0.996741, 0.0715071
3236,-4.58053,3.43284,1.68384,0.0317366, 0.0197309, 0.996754, 0.0713033
3237,-4.57986,3.42971,1.68364,0.0317616, 0.0197491, 0.996769, 0.0710761
3238,-4.57918,3.42657,1.68344,0.0317852, 0.0197471, 0.996785, 0.0708428
3239,-4.58055,3.43211,1.68394,0.0317153, 0.0195502, 0.996814, 0.0705308
3240,-4.57994,3.42904,1.68372,0.0317552, 0.0195294, 0.99683, 0.0702865
3241,-4.57933,3.42595,1.68351,0.0317793, 0.0195124, 0.996847, 0.0700417
3242,-4.57871,3.42285,1.68329,0.0318033, 0.0194695, 0.996865, 0.0697793
3243,-4.5781,3.41974,1.68307,0.0318065, 0.0194146, 0.996885, 0.0695168
3244,-4.57748,3.41662,1.68285,0.0317795, 0.0193689, 0.996904, 0.0692628
3245,-4.57687,3.41349,1.68264,0.0317272, 0.0193189, 0.996926, 0.0689873
3246,-4.57625,3.41036,1.68242,0.0316581, 0.0192725, 0.996948, 0.0687047
3247,-4.57564,3.40722,1.6822,0.0315657, 0.0192184, 0.996972, 0.0684206
3248,-4.57502,3.40407,1.68199,0.0314597, 0.0191553, 0.996997, 0.0681193
3249,-4.5744,3.40092,1.68179,0.0313666, 0.0190847, 0.997022, 0.0678184
3250,-4.57609,3.40742,1.68215,0.0311957, 0.0191108, 0.997008, 0.0680979
3251,-4.57558,3.40438,1.68193,0.0311094, 0.0190091, 0.997036, 0.0677543
3252,-4.57506,3.40132,1.68173,0.0310331, 0.0188928, 0.997065, 0.0673914
3253,-4.57454,3.39825,1.68153,0.0309627, 0.0187568, 0.997096, 0.0670066
3254,-4.57402,3.39516,1.68134,0.0309016, 0.0185986, 0.997127, 0.0666147
3255,-4.57349,3.39206,1.68116,0.0308542, 0.0183958, 0.99716, 0.0661925
3256,-4.57296,3.38894,1.68099,0.030816, 0.0181822, 0.997195, 0.0657429
3257,-4.57242,3.38581,1.68083,0.0307889, 0.0179528, 0.99723, 0.0652806
3258,-4.57188,3.38266,1.68068,0.0307621, 0.0177143, 0.997268, 0.0647788
3259,-4.57133,3.3795,1.68054,0.0307453, 0.0174643, 0.997306, 0.0642761
3260,-4.57077,3.37632,1.6804,0.030729, 0.0172177, 0.997344, 0.063752
3261,-4.57264,3.3833,1.6808,0.0305647, 0.0172138, 0.997346, 0.063796
3262,-4.57219,3.38024,1.68065,0.0305455, 0.0169576, 0.997386, 0.0632535
3263,-4.57174,3.37717,1.68049,0.0305282, 0.0166848, 0.997426, 0.0626983
3264,-4.57129,3.37409,1.68034,0.0305135, 0.0164073, 0.997467, 0.0621245
3265,-4.57083,3.371,1.6802,0.0304867, 0.0161265, 0.997508, 0.061548
3266,-4.57037,3.36791,1.68005,0.0304564, 0.0158466, 0.99755, 0.0609488
3267,-4.56991,3.3648,1.67992,0.0304154, 0.0155489, 0.997592, 0.0603593
3268,-4.56945,3.36169,1.67978,0.0303675, 0.0152447, 0.997634, 0.0597606
3269,-4.56899,3.35856,1.67964,0.0302965, 0.0149296, 0.997677, 0.0591512
3270,-4.56853,3.35543,1.6795,0.0302025, 0.0146105, 0.997721, 0.058543
3271,-4.56807,3.35229,1.67936,0.0300791, 0.0142725, 0.997764, 0.0579575
3272,-4.56888,3.35955,1.68006,0.0300009, 0.0142872, 0.997751, 0.0582101
3273,-4.56852,3.35653,1.6799,0.0298557, 0.0139606, 0.997795, 0.0576027
3274,-4.56816,3.35349,1.67974,0.0296956, 0.0136067, 0.99784, 0.056992
3275,-4.5678,3.35045,1.67957,0.0295289, 0.0132517, 0.997885, 0.0563771
3276,-4.56744,3.3474,1.67941,0.0293689, 0.0128704, 0.99793, 0.0557445
3277,-4.56708,3.34434,1.67924,0.0292057, 0.0124983, 0.997976, 0.0550956
3278,-4.56671,3.34127,1.67907,0.029043, 0.0121337, 0.998021, 0.0544371
3279,-4.56633,3.33819,1.67889,0.0288976, 0.0117606, 0.998067, 0.0537444
3280,-4.56595,3.33511,1.6787,0.028767, 0.0113847, 0.998114, 0.0530267
3281,-4.56555,3.33202,1.67851,0.0286489, 0.01101, 0.998161, 0.0522824
3282,-4.56515,3.32892,1.67832,0.0285454, 0.0106312, 0.998208, 0.0515157
3283,-4.56534,3.3365,1.6794,0.0285436, 0.0106369, 0.998215, 0.051375
3284,-4.56502,3.33353,1.67918,0.0284537, 0.0102836, 0.998261, 0.0505916
3285,-4.56468,3.33054,1.67895,0.0283889, 0.00991728, 0.998308, 0.0497689
3286,-4.56434,3.32755,1.67872,0.0283244, 0.00955305, 0.998355, 0.0489275
3287,-4.56398,3.32455,1.67848,0.0282837, 0.00920536, 0.998402, 0.0480525
3288,-4.5636,3.32155,1.67823,0.0282436, 0.00886619, 0.998449, 0.0471493
3289,-4.56321,3.31855,1.67798,0.0282054, 0.00853147, 0.998497, 0.0462179
3290,-4.56281,3.31554,1.67773,0.0281775, 0.00821266, 0.998544, 0.0452529
3291,-4.56239,3.31252,1.67747,0.0281349, 0.00788692, 0.998593, 0.0442546
3292,-4.56197,3.30951,1.6772,0.0280974, 0.00754951, 0.998641, 0.0432287
3293,-4.56153,3.30648,1.67694,0.0280512, 0.00722849, 0.998689, 0.0422036
3294,-4.56243,3.31473,1.67782,0.0279916, 0.0073598, 0.998689, 0.0422323
3295,-4.56209,3.31184,1.67753,0.0279395, 0.00704749, 0.998736, 0.0411735
3296,-4.56174,3.30894,1.67724,0.0278769, 0.0067379, 0.998784, 0.0401013
3297,-4.56138,3.30604,1.67695,0.0278097, 0.0064455, 0.998831, 0.0390178
3298,-4.56102,3.30314,1.67667,0.0277312, 0.00616635, 0.998877, 0.0379152
3299,-4.56065,3.30023,1.67638,0.0276337, 0.00590986, 0.998924, 0.0367865
3300,-4.56027,3.29733,1.6761,0.0275353, 0.00566519, 0.998969, 0.0356508
3301,-4.55988,3.29441,1.67582,0.0274329, 0.00545633, 0.999013, 0.0345034
3302,-4.56093,3.30211,1.6766,0.0274071, 0.00542869, 0.999032, 0.0339798
3303,-4.56062,3.2993,1.67632,0.0272896, 0.00523939, 0.999076, 0.0327984
3304,-4.5603,3.29648,1.67605,0.0271757, 0.00507331, 0.999118, 0.0315937
3305,-4.55997,3.29366,1.67578,0.0270584, 0.00493127, 0.99916, 0.030387
3306,-4.55964,3.29083,1.67552,0.0269431, 0.00480607, 0.9992, 0.0291651
3307,-4.5593,3.288,1.67527,0.0268244, 0.00470512, 0.999238, 0.0279492
3308,-4.55895,3.28515,1.67503,0.0267072, 0.0046088, 0.999276, 0.0267091
3309,-4.5586,3.2823,1.6748,0.0265819, 0.00450572, 0.999312, 0.0254572
3310,-4.55824,3.27943,1.67457,0.0264623, 0.00442014, 0.999347, 0.0242181
3311,-4.55788,3.27655,1.67435,0.0263452, 0.00433145, 0.99938, 0.0229644
3312,-4.55751,3.27365,1.67413,0.0262109, 0.00424896, 0.999411, 0.021729
3313,-4.55905,3.28196,1.67484,0.0260575, 0.00441153, 0.999419, 0.0215002
3314,-4.55879,3.27919,1.67461,0.0259313, 0.0043231, 0.999449, 0.0202423
3315,-4.55852,3.2764,1.67439,0.0257915, 0.00422922, 0.999477, 0.0190205
3316,-4.55825,3.27359,1.67416,0.0256461, 0.0041245, 0.999504, 0.0177882
3317,-4.55798,3.27076,1.67394,0.0254994, 0.00401998, 0.99953, 0.0165626
3318,-4.5577,3.26792,1.67373,0.0253365, 0.00390613, 0.999554, 0.0153264
3319,-4.55742,3.26507,1.67351,0.0251684, 0.00380617, 0.999576, 0.0141099
3320,-4.55713,3.26219,1.67329,0.0249883, 0.00371336, 0.999598, 0.0129064
3321,-4.55683,3.2593,1.67307,0.0248066, 0.00359484, 0.999617, 0.0116863
3322,-4.55653,3.25639,1.67286,0.0246248, 0.00347588, 0.999636, 0.010502
3323,-4.55622,3.25346,1.67264,0.0244455, 0.00335269, 0.999652, 0.00930993
3324,-4.55591,3.25051,1.67242,0.0242649, 0.00322649, 0.999668, 0.00810322
3325,-4.55558,3.24754,1.6722,0.0240881, 0.00308285, 0.999681, 0.00689294
3326,-4.55525,3.24455,1.67198,0.0239178, 0.00292617, 0.999693, 0.0056963
3327,-4.55608,3.25385,1.67312,0.0237913, 0.00318094, 0.999694, 0.0060184
3328,-4.55588,3.251,1.67287,0.0236252, 0.00301883, 0.999705, 0.00480985
3329,-4.55566,3.24813,1.67261,0.0234644, 0.00284027, 0.999714, 0.00358305
3330,-4.55544,3.24525,1.67235,0.023297, 0.00266291, 0.999722, 0.00234954
3331,-4.5552,3.24234,1.67208,0.0231521, 0.00249181, 0.999728, 0.00110129
3332,-4.55496,3.23942,1.67181,0.0229993, 0.00230046, 0.999733, -0.000158499
3333,-4.5547,3.23647,1.67153,0.0228518, 0.00211153, 0.999736, -0.00142899
3334,-4.55443,3.23351,1.67124,0.0227162, 0.00191546, 0.999736, -0.00272061
3335,-4.55414,3.23053,1.67095,0.0225861, 0.00170519, 0.999735, -0.00405184
3336,-4.55385,3.22753,1.67065,0.0224666, 0.00149584, 0.999732, -0.00540304
3337,-4.55354,3.22451,1.67035,0.0223445, 0.00126485, 0.999727, -0.00676841
3338,-4.55342,3.23332,1.672,0.0223719, 0.0013741, 0.999725, -0.00687347
3339,-4.5532,3.23041,1.67167,0.022254, 0.00114905, 0.999717, -0.00826958
3340,-4.55297,3.22748,1.67134,0.0221412, 0.00093312, 0.999708, -0.00967654
3341,-4.55273,3.22453,1.67101,0.0220233, 0.000700957, 0.999696, -0.0110924
3342,-4.55269,3.23096,1.67225,0.0221611, 0.000333577, 0.999682, -0.0120297
3343,-4.55247,3.22806,1.6719,0.022028, 0.000108062, 0.999666, -0.0134843
3344,-4.55224,3.22513,1.67155,0.0218989, -0.000118672, 0.999649, -0.0149361
3345,-4.552,3.22219,1.6712,0.0217459, -0.000351381, 0.999629, -0.0164011
3346,-4.55175,3.21924,1.67084,0.0215903, -0.00059264, 0.999607, -0.0178899
3347,-4.55191,3.22495,1.67183,0.0216267, -0.000960948, 0.999588, -0.0188269
3348,-4.5517,3.22203,1.67146,0.0214655, -0.00120968, 0.999562, -0.0203393
3349,-4.55148,3.2191,1.67108,0.0212911, -0.00146958, 0.999533, -0.0218635
3350,-4.55125,3.21615,1.6707,0.0211158, -0.00175237, 0.999502, -0.0233977
3351,-4.55101,3.21317,1.67031,0.0209313, -0.00204646, 0.999467, -0.0249529
3352,-4.55076,3.21018,1.66992,0.0207364, -0.00235305, 0.99943, -0.0265198
3353,-4.55051,3.20717,1.66952,0.0205469, -0.0026637, 0.99939, -0.0280972
3354,-4.55024,3.20414,1.66913,0.0203669, -0.00298462, 0.999348, -0.0296689
3355,-4.54996,3.2011,1.66872,0.0202039, -0.00329606, 0.999302, -0.0312582
3356,-4.54967,3.19803,1.66832,0.0200473, -0.00360515, 0.999252, -0.032874
3357,-4.54937,3.19495,1.66791,0.0199191, -0.00389526, 0.999198, -0.0345209
3358,-4.55031,3.20163,1.66869,0.0197792, -0.0039204, 0.999193, -0.0347512
3359,-4.55011,3.19865,1.66826,0.0196656, -0.00420713, 0.999135, -0.0363981
3360,-4.5499,3.19565,1.66783,0.0195605, -0.00447513, 0.999074, -0.0380586
3361,-4.54967,3.19264,1.6674,0.0194732, -0.00472413, 0.999009, -0.0397367
3362,-4.54943,3.18962,1.66697,0.0194021, -0.00494721, 0.998941, -0.0414179
3363,-4.54918,3.18658,1.66655,0.0193289, -0.00515487, 0.998869, -0.043126
3364,-4.54891,3.18353,1.66613,0.0192384, -0.00533685, 0.998794, -0.0448463
3365,-4.54864,3.18047,1.66571,0.0191364, -0.00550048, 0.998717, -0.0465574
3366,-4.54835,3.1774,1.6653,0.0190506, -0.00564058, 0.998637, -0.0482637
3367,-4.54805,3.17431,1.66489,0.0189484, -0.00577507, 0.998554, -0.0499844
3368,-4.54775,3.1712,1.66449,0.0188391, -0.00589893, 0.998468, -0.0516892
3369,-4.54902,3.17852,1.66521,0.0186881, -0.00580917, 0.998478, -0.0515688
3370,-4.54883,3.17552,1.66479,0.0185558, -0.00592465, 0.99839, -0.0532762
3371,-4.54864,3.1725,1.66438,0.0184149, -0.00603267, 0.998299, -0.0549888
3372,-4.54843,3.16946,1.66398,0.0182684, -0.00613566, 0.998205, -0.0567027
3373,-4.54822,3.1664,1.66358,0.0181229, -0.00623479, 0.998108, -0.0584285
3374,-4.548,3.16333,1.66319,0.0179624, -0.0063746, 0.998008, -0.0601426
3375,-4.54777,3.16024,1.66281,0.0177737, -0.00651058, 0.997906, -0.0618472
3376,-4.54721,3.1663,1.66401,0.0178592, -0.00674405, 0.997869, -0.0624017
3377,-4.54703,3.16326,1.66363,0.0176556, -0.00685943, 0.997765, -0.0640837
3378,-4.54684,3.16021,1.66326,0.0174376, -0.00696306, 0.997656, -0.0658055
3379,-4.54663,3.15713,1.66291,0.0172238, -0.00706883, 0.997545, -0.0675138
3380,-4.54642,3.15403,1.66259,0.0170081, -0.00716658, 0.997431, -0.0692153
3381,-4.54619,3.15091,1.66229,0.0167985, -0.00725734, 0.997314, -0.0709248
3382,-4.54594,3.14777,1.66201,0.0166187, -0.00731946, 0.997192, -0.0726467
3383,-4.54568,3.14461,1.66176,0.016467, -0.00733053, 0.997066, -0.0743947
3384,-4.54432,3.15079,1.66309,0.0165146, -0.00738725, 0.997044, -0.074673
3385,-4.54412,3.14769,1.66285,0.0164005, -0.00737051, 0.996912, -0.07644
3386,-4.54389,3.14457,1.66264,0.0162969, -0.00731852, 0.996776, -0.078226
3387,-4.54365,3.14144,1.66245,0.0162196, -0.00724431, 0.996636, -0.0800056
3388,-4.54339,3.13829,1.66226,0.0161193, -0.00711872, 0.996493, -0.0818003
3389,-4.54312,3.13513,1.6621,0.016015, -0.00696132, 0.996347, -0.0835926
3390,-4.54283,3.13196,1.66195,0.0158802, -0.00674513, 0.996198, -0.0853947
3391,-4.54253,3.12879,1.66181,0.0157108, -0.00648386, 0.996046, -0.0872024
3392,-4.54222,3.12561,1.66168,0.0155078, -0.00620532, 0.995892, -0.0890006
3393,-4.54189,3.12242,1.66157,0.0152836, -0.0058993, 0.995734, -0.0908029
3394,-4.54156,3.11922,1.66147,0.0150472, -0.0055946, 0.995572, -0.0926206
3395,-4.54114,3.12626,1.66263,0.0149828, -0.0054318, 0.995552, -0.0928552
3396,-4.5409,3.12314,1.66253,0.0147559, -0.00514256, 0.995383, -0.0946976
3397,-4.54064,3.12001,1.66243,0.0145496, -0.00485933, 0.995211, -0.0965384
3398,-4.54037,3.11685,1.66234,0.0143692, -0.004595, 0.995035, -0.0983799
3399,-4.54008,3.11367,1.66226,0.0142054, -0.00433719, 0.994853, -0.100232
3400,-4.53977,3.11047,1.66219,0.0140582, -0.00408748, 0.994665, -0.102115
3401,-4.53943,3.10724,1.66212,0.013932, -0.00386121, 0.994471, -0.10401
3402,-4.53908,3.10398,1.66205,0.0138143, -0.00365297, 0.994272, -0.10592
3403,-4.5387,3.10071,1.66199,0.0136905, -0.00345063, 0.99407, -0.107822
3404,-4.5383,3.09741,1.66193,0.0135574, -0.00326301, 0.993861, -0.10975
3405,-4.53789,3.0941,1.66188,0.0134246, -0.00307984, 0.993645, -0.111712
3406,-4.53745,3.09077,1.66182,0.0132694, -0.00287786, 0.993424, -0.113684
3407,-4.53699,3.08742,1.66177,0.0131143, -0.00265296, 0.9932, -0.115649
3408,-4.53652,3.08406,1.66173,0.0129576, -0.00241529, 0.992968, -0.117648
3409,-4.53703,3.09293,1.66274,0.0127706, -0.0019701, 0.992977, -0.117598
3410,-4.53669,3.08969,1.66267,0.0126245, -0.00171365, 0.992739, -0.119613
3411,-4.53634,3.08645,1.66261,0.0124866, -0.00143767, 0.992494, -0.121648
3412,-4.53597,3.08319,1.66255,0.0123497, -0.00114848, 0.992241, -0.12371
3413,-4.53557,3.07992,1.6625,0.0122203, -0.000856053, 0.99198, -0.125803
3414,-4.53516,3.07664,1.66245,0.0120991, -0.00055474, 0.991711, -0.127914
3415,-4.53473,3.07335,1.66241,0.0119788, -0.000250663, 0.991438, -0.130028
3416,-4.53427,3.07005,1.66238,0.0118626, 6.18848e-05, 0.991158, -0.132153
3417,-4.53379,3.06673,1.66235,0.0117468, 0.000371747, 0.990874, -0.134282
3418,-4.53329,3.06339,1.66233,0.011644, 0.000664204, 0.99058, -0.13644
3419,-4.53277,3.06004,1.66231,0.0115366, 0.000950437, 0.990279, -0.138616
3420,-4.5332,3.06915,1.66327,0.0114204, 0.00121288, 0.990272, -0.138672
3421,-4.53278,3.06591,1.66324,0.0113291, 0.00149359, 0.989967, -0.140838
3422,-4.53234,3.06264,1.66322,0.0112424, 0.00175033, 0.989652, -0.143038
3423,-4.53188,3.05937,1.6632,0.0111678, 0.00199825, 0.989334, -0.14522
3424,-4.53139,3.05607,1.66318,0.0110939, 0.00224072, 0.98901, -0.147416
3425,-4.53089,3.05276,1.66317,0.0110254, 0.00245566, 0.98868, -0.149617
3426,-4.53036,3.04944,1.66317,0.0109727, 0.00265525, 0.988341, -0.151836
3427,-4.52982,3.0461,1.66317,0.010913, 0.002847, 0.987998, -0.154057
3428,-4.5301,3.05454,1.66402,0.0108403, 0.00290387, 0.987919, -0.154566
3429,-4.52962,3.05128,1.66401,0.0107995, 0.00309574, 0.987565, -0.156808
3430,-4.52913,3.04801,1.664,0.0107443, 0.00328395, 0.987206, -0.159052
3431,-4.52861,3.04472,1.66399,0.010694, 0.00346746, 0.986841, -0.1613
3432,-4.52807,3.04143,1.66398,0.0106396, 0.00365039, 0.986472, -0.163541
3433,-4.52751,3.03813,1.66398,0.0105838, 0.00383292, 0.986096, -0.165796
3434,-4.52694,3.03482,1.66398,0.0105175, 0.00402183, 0.985715, -0.168043
3435,-4.52634,3.0315,1.66397,0.010447, 0.00421139, 0.98533, -0.170287
3436,-4.52573,3.02819,1.66397,0.0103595, 0.00442074, 0.984936, -0.172553
3437,-4.5251,3.02487,1.66397,0.0102732, 0.00464645, 0.984536, -0.17482
3438,-4.52445,3.02155,1.66397,0.0101831, 0.00489295, 0.984127, -0.177104
3439,-4.52556,3.03085,1.66496,0.00996254, 0.00518255, 0.984017, -0.177718
3440,-4.52502,3.02764,1.66494,0.009886, 0.0054249, 0.983599, -0.180015
3441,-4.52447,3.02443,1.66493,0.00981186, 0.00566886, 0.983173, -0.182325
3442,-4.5239,3.02122,1.66491,0.00974652, 0.00592376, 0.982739, -0.184647
3443,-4.52331,3.01801,1.66489,0.00967913, 0.0061753, 0.982295, -0.18699
3444,-4.5227,3.0148,1.66486,0.00962479, 0.00642235, 0.981842, -0.189348
3445,-4.52207,3.01159,1.66483,0.00957069, 0.00666021, 0.981388, -0.191679
3446,-4.52142,3.00838,1.6648,0.00951222, 0.00689289, 0.980925, -0.194029
3447,-4.52279,3.01694,1.66579,0.00936751, 0.00689938, 0.980947, -0.193927
3448,-4.52222,3.01382,1.66573,0.00931, 0.00710681, 0.980479, -0.196274
3449,-4.52162,3.01069,1.66568,0.00925547, 0.00729187, 0.980009, -0.198606
3450,-4.52101,3.00756,1.66562,0.00919658, 0.00746498, 0.97953, -0.200951
3451,-4.52202,3.01437,1.66646,0.00911139, 0.00720608, 0.979306, -0.202053
3452,-4.52144,3.0113,1.66639,0.00905338, 0.00735106, 0.978818, -0.204399
3453,-4.52083,3.00822,1.66631,0.00899297, 0.0074807, 0.978329, -0.206728
3454,-4.5202,3.00513,1.66623,0.00893868, 0.00757481, 0.977832, -0.209061
3455,-4.51954,3.00205,1.66615,0.00890317, 0.00765773, 0.977327, -0.21141
3456,-4.51887,2.99897,1.66606,0.00889445, 0.00771098, 0.976816, -0.213758
3457,-4.51817,2.99588,1.66598,0.00890364, 0.00773814, 0.976299, -0.216104
3458,-4.51745,2.99279,1.66588,0.00893166, 0.00774102, 0.975782, -0.218428
3459,-4.51858,2.99982,1.66653,0.00873934, 0.00764747, 0.975715, -0.218734
3460,-4.51794,2.9968,1.66642,0.00879017, 0.00763378, 0.975185, -0.221087
3461,-4.51727,2.99378,1.6663,0.0088497, 0.00758215, 0.974642, -0.223465
3462,-4.51658,2.99077,1.66618,0.00892847, 0.00754169, 0.974093, -0.225845
3463,-4.51588,2.98775,1.66606,0.00899999, 0.00749122, 0.973536, -0.228232
3464,-4.51515,2.98475,1.66594,0.00907089, 0.00743206, 0.972967, -0.230646
3465,-4.5144,2.98175,1.66581,0.00913869, 0.00739136, 0.972393, -0.233052
3466,-4.51365,2.97876,1.66568,0.00918616, 0.00734419, 0.971809, -0.235474
3467,-4.51288,2.97577,1.66556,0.00920882, 0.00731982, 0.971221, -0.237889
3468,-4.51209,2.97279,1.66544,0.00920444, 0.00729405, 0.970622, -0.240323
3469,-4.5113,2.96983,1.66532,0.00918082, 0.0072852, 0.970012, -0.242775
3470,-4.51261,2.97787,1.6659,0.00885676, 0.00740686, 0.96992, -0.243149
3471,-4.51195,2.975,1.66576,0.0088281, 0.00741955, 0.969306, -0.245587
3472,-4.51129,2.97213,1.66563,0.00876735, 0.00746114, 0.968685, -0.248027
3473,-4.51062,2.96927,1.6655,0.00868672, 0.00750007, 0.968051, -0.25049
3474,-4.50994,2.96641,1.66539,0.00858884, 0.00755778, 0.967409, -0.252962
3475,-4.50925,2.96356,1.66527,0.00846313, 0.00761642, 0.96676, -0.255433
3476,-4.50855,2.96072,1.66517,0.00833238, 0.00766265, 0.966104, -0.257906
3477,-4.50783,2.95788,1.66507,0.00816309, 0.00769842, 0.965438, -0.26039
3478,-4.50711,2.95504,1.66498,0.00797861, 0.00773412, 0.964765, -0.262879
3479,-4.50637,2.95221,1.66489,0.00775536, 0.007755, 0.964083, -0.265374
3480,-4.50562,2.94937,1.66481,0.0075157, 0.00776555, 0.963388, -0.267891
3481,-4.5069,2.95817,1.66542,0.0072045, 0.00794423, 0.963415, -0.267798
3482,-4.50628,2.95542,1.66532,0.00696816, 0.00795501, 0.962715, -0.270312
3483,-4.50564,2.95267,1.66522,0.00671145, 0.00796954, 0.962003, -0.272841
3484,-4.50498,2.94992,1.66513,0.00648448, 0.00798675, 0.961278, -0.275388
3485,-4.5043,2.94717,1.66504,0.00625888, 0.00799448, 0.960543, -0.277947
3486,-4.5036,2.94442,1.66495,0.00604913, 0.00800518, 0.959794, -0.280525
3487,-4.50288,2.94167,1.66485,0.00584478, 0.00802571, 0.959038, -0.283104
3488,-4.50314,2.94942,1.66566,0.00572065, 0.00789463, 0.958847, -0.283754
3489,-4.50248,2.94674,1.66555,0.00551849, 0.00789775, 0.958073, -0.286361
3490,-4.50179,2.94405,1.66544,0.00533786, 0.00788916, 0.957291, -0.288968
3491,-4.50107,2.94137,1.66533,0.00516288, 0.00787104, 0.9565, -0.291581
3492,-4.50033,2.93869,1.66522,0.005007, 0.00784053, 0.955698, -0.294201
3493,-4.49956,2.93601,1.66511,0.00486584, 0.00778934, 0.954887, -0.296828
3494,-4.49876,2.93333,1.665,0.00474815, 0.00770339, 0.954061, -0.299477
3495,-4.49794,2.93064,1.66489,0.004649, 0.00757157, 0.953227, -0.302124
3496,-4.49796,2.93812,1.66581,0.00451119, 0.00741247, 0.953104, -0.30252
3497,-4.4972,2.93548,1.66568,0.00441903, 0.00723571, 0.952259, -0.305173
3498,-4.49641,2.93283,1.66555,0.00431828, 0.00702413, 0.951414, -0.307804
3499,-4.49559,2.93017,1.66541,0.00422689, 0.00677491, 0.95056, -0.310439
3500,-4.49474,2.92751,1.66526,0.00411684, 0.00650553, 0.949697, -0.313074
3501,-4.49387,2.92484,1.6651,0.00401325, 0.0062202, 0.948837, -0.315679
3502,-4.49297,2.92216,1.66494,0.00390075, 0.00593189, 0.947971, -0.318277
3503,-4.49204,2.91948,1.66478,0.00378442, 0.00564228, 0.947099, -0.32087
3504,-4.49222,2.9269,1.66551,0.00362057, 0.00548022, 0.947007, -0.321146
3505,-4.49137,2.92427,1.66533,0.00349957, 0.00518261, 0.946134, -0.323716
3506,-4.4905,2.92165,1.66514,0.00337214, 0.00488288, 0.94526, -0.326264
3507,-4.4896,2.91903,1.66495,0.0032388, 0.00458388, 0.944378, -0.328814
3508,-4.48868,2.91642,1.66476,0.00309929, 0.00428995, 0.943502, -0.331325
3509,-4.48774,2.91381,1.66456,0.00296256, 0.00399988, 0.942626, -0.333814
3510,-4.48678,2.9112,1.66437,0.00282196, 0.00371267, 0.941744, -0.336298
3511,-4.4858,2.9086,1.66417,0.00268207, 0.00342719, 0.940862, -0.338761
3512,-4.48478,2.90601,1.66398,0.00254406, 0.00313247, 0.939974, -0.341222
3513,-4.48374,2.90344,1.66378,0.00242264, 0.00283101, 0.939081, -0.343677
3514,-4.48268,2.90087,1.66359,0.00233421, 0.0025516, 0.938186, -0.346114
3515,-4.48296,2.90938,1.66418,0.00210528, 0.002558, 0.938068, -0.346436
3516,-4.482,2.90689,1.66396,0.00202993, 0.00228247, 0.937162, -0.34888
3517,-4.48102,2.90441,1.66374,0.00197037, 0.00202558, 0.936247, -0.351332
3518,-4.48,2.90194,1.66352,0.00191255, 0.00176785, 0.935319, -0.353797
3519,-4.47896,2.89949,1.6633,0.00187291, 0.00151844, 0.934386, -0.356255
3520,-4.47788,2.89706,1.66309,0.00184711, 0.00128135, 0.933436, -0.358737
3521,-4.47678,2.89465,1.66287,0.001804, 0.00108182, 0.932479, -0.361217
3522,-4.47565,2.89225,1.66266,0.00176615, 0.000887132, 0.931506, -0.36372
3523,-4.4745,2.88987,1.66245,0.00172736, 0.000694851, 0.930514, -0.366253
3524,-4.47332,2.88751,1.66225,0.00169828, 0.000517833, 0.929512, -0.368789
3525,-4.47211,2.88516,1.66205,0.00166256, 0.000353919, 0.928499, -0.37133
3526,-4.4723,2.89476,1.6626,0.00149568, 0.000490715, 0.928571, -0.371152
3527,-4.47121,2.89249,1.66238,0.00145832, 0.000339355, 0.927546, -0.373705
3528,-4.47009,2.89024,1.66216,0.00142068, 0.000199348, 0.92651, -0.376267
3529,-4.46895,2.88801,1.66194,0.00137948, 7.51338e-05, 0.925463, -0.378835
3530,-4.46778,2.88578,1.66173,0.00133693, -3.52869e-05, 0.924397, -0.381429
3531,-4.46659,2.88358,1.66151,0.00128248, -0.000144849, 0.923323, -0.384022
3532,-4.46538,2.88138,1.6613,0.00122383, -0.000254724, 0.922239, -0.386618
3533,-4.46572,2.89024,1.66205,0.00112427, -0.000295293, 0.921991, -0.38721
3534,-4.46457,2.88812,1.66182,0.00105426, -0.000395238, 0.920892, -0.389815
3535,-4.4634,2.88601,1.6616,0.000987402, -0.000492398, 0.919786, -0.392418
3536,-4.4622,2.88391,1.66138,0.000893479, -0.000563452, 0.918675, -0.395014
3537,-4.46098,2.88183,1.66115,0.000809539, -0.000647593, 0.91756, -0.397597
3538,-4.46185,2.88959,1.66197,0.000701501, -0.00078383, 0.917513, -0.397705
3539,-4.46067,2.88756,1.66174,0.000621122, -0.000850001, 0.916387, -0.400292
3540,-4.45947,2.88555,1.66151,0.000546234, -0.000925388, 0.915259, -0.402864
3541,-4.45824,2.88354,1.66128,0.000473765, -0.000999704, 0.914117, -0.405448
3542,-4.45881,2.89016,1.66195,0.000371904, -0.00127109, 0.913767, -0.406237
3543,-4.4576,2.8882,1.66171,0.000317777, -0.00135856, 0.91261, -0.408828
3544,-4.45637,2.88625,1.66148,0.0002472, -0.00145484, 0.911452, -0.411403
3545,-4.4551,2.8843,1.66125,0.000195022, -0.00155304, 0.910289, -0.413971
3546,-4.45381,2.88237,1.66102,0.000155187, -0.00165585, 0.909118, -0.416536
3547,-4.45249,2.88044,1.66079,0.000109806, -0.00174654, 0.90794, -0.419096
3548,-4.45115,2.87851,1.66056,7.12507e-05, -0.00182969, 0.906765, -0.421633
3549,-4.44977,2.87659,1.66033,2.77881e-05, -0.00191803, 0.905583, -0.424165
3550,-4.44838,2.87468,1.66011,-2.24613e-05, -0.00201692, 0.904403, -0.426675
3551,-4.44695,2.87277,1.65989,-6.94758e-05, -0.00210692, 0.903227, -0.429157
3552,-4.44551,2.87087,1.65967,-0.000140707, -0.00218928, 0.902055, -0.431615
3553,-4.44646,2.87888,1.66018,-0.000489984, -0.00211606, 0.901989, -0.431754
3554,-4.44514,2.87702,1.65994,-0.00057827, -0.00219836, 0.900813, -0.4342
3555,-4.44379,2.87516,1.6597,-0.00069245, -0.0022636, 0.899643, -0.436619
3556,-4.44243,2.87331,1.65946,-0.000810073, -0.00232763, 0.898488, -0.438991
3557,-4.44104,2.87146,1.65923,-0.000942766, -0.00236357, 0.897355, -0.441302
3558,-4.43963,2.86961,1.659,-0.00107466, -0.00238286, 0.896232, -0.443578
3559,-4.4382,2.86776,1.65877,-0.00119866, -0.00238195, 0.895117, -0.445824
3560,-4.43676,2.86592,1.65854,-0.00134094, -0.00235307, 0.894017, -0.448024
3561,-4.43529,2.86409,1.65832,-0.00147187, -0.00231406, 0.892922, -0.450203
3562,-4.4338,2.86226,1.6581,-0.00160392, -0.00226082, 0.891843, -0.452337
3563,-4.43228,2.86043,1.65788,-0.00173587, -0.0022017, 0.890783, -0.45442
3564,-4.4333,2.86981,1.65839,-0.00203044, -0.00198938, 0.89099, -0.454014
3565,-4.43191,2.86802,1.65814,-0.00218392, -0.00190955, 0.889955, -0.456039
3566,-4.4305,2.86624,1.6579,-0.00234048, -0.00181195, 0.888931, -0.458033
3567,-4.42907,2.86446,1.65765,-0.00250628, -0.00172829, 0.88793, -0.459968
3568,-4.42761,2.86268,1.65741,-0.00265879, -0.00165286, 0.886941, -0.461872
3569,-4.42614,2.8609,1.65716,-0.00283733, -0.00158215, 0.88597, -0.463731
3570,-4.42464,2.85912,1.65691,-0.00298718, -0.00151167, 0.885023, -0.465535
3571,-4.42311,2.85734,1.65667,-0.00313417, -0.00146091, 0.884092, -0.467301
3572,-4.42411,2.86685,1.65721,-0.00330286, -0.00135697, 0.884135, -0.467218
3573,-4.42267,2.86512,1.65694,-0.00342622, -0.00131028, 0.883228, -0.46893
3574,-4.42119,2.86338,1.65666,-0.00355444, -0.0012573, 0.882337, -0.470604
3575,-4.41969,2.86166,1.65638,-0.00366465, -0.00120698, 0.881463, -0.472237
3576,-4.41817,2.85993,1.6561,-0.00377442, -0.00114903, 0.880605, -0.473835
3577,-4.41661,2.85821,1.65581,-0.00386203, -0.00107332, 0.879766, -0.475391
3578,-4.41504,2.8565,1.65551,-0.003931, -0.0010013, 0.878939, -0.476917
3579,-4.41344,2.85479,1.65521,-0.00400842, -0.000924948, 0.878127, -0.478409
3580,-4.41181,2.85309,1.6549,-0.00406237, -0.000836156, 0.87735, -0.479834
3581,-4.41016,2.8514,1.65458,-0.00410968, -0.000748547, 0.876597, -0.481206
3582,-4.40849,2.84972,1.65426,-0.00416792, -0.000654887, 0.875853, -0.482559
3583,-4.40966,2.86054,1.65486,-0.00440234, -0.000355528, 0.876039, -0.482219
3584,-4.40811,2.85891,1.65451,-0.00444508, -0.000233618, 0.875309, -0.483543
3585,-4.40654,2.85729,1.65416,-0.00449099, -9.24413e-05, 0.874607, -0.484812
3586,-4.40494,2.85568,1.6538,-0.00452448, 3.72005e-05, 0.873918, -0.486053
3587,-4.40333,2.85407,1.65345,-0.00456882, 0.000169724, 0.873251, -0.48725
3588,-4.40169,2.85247,1.65309,-0.00461395, 0.000306169, 0.872604, -0.488406
3589,-4.40002,2.85087,1.65273,-0.00465643, 0.000462289, 0.87197, -0.489538
3590,-4.39834,2.84928,1.65236,-0.00468869, 0.000616349, 0.871351, -0.490637
3591,-4.39663,2.8477,1.652,-0.0047212, 0.00078684, 0.870758, -0.491689
3592,-4.39489,2.84612,1.65164,-0.0047516, 0.000950765, 0.870174, -0.49272
3593,-4.39313,2.84455,1.65128,-0.00477504, 0.00112924, 0.869603, -0.493728
3594,-4.39462,2.85656,1.6521,-0.00498719, 0.00153071, 0.869947, -0.493118
3595,-4.39299,2.85505,1.65173,-0.00502672, 0.00171975, 0.86939, -0.494098
3596,-4.39133,2.85355,1.65136,-0.00506673, 0.001939, 0.868849, -0.495047
3597,-4.38964,2.85206,1.65101,-0.00510887, 0.00218611, 0.868314, -0.495985
3598,-4.38793,2.85057,1.65066,-0.00513714, 0.00246257, 0.86778, -0.496916
3599,-4.3862,2.84909,1.65032,-0.00514155, 0.00278023, 0.867258, -0.497825
3600,-4.38444,2.84762,1.65,-0.00512123, 0.00311357, 0.866738, -0.498727
3601,-4.38543,2.85904,1.65076,-0.00519478, 0.00338071, 0.866753, -0.498699
3602,-4.38373,2.85764,1.65042,-0.00517404, 0.00374019, 0.866252, -0.499566
3603,-4.38201,2.85625,1.6501,0.00514968, -0.00410946, -0.865747, 0.500439
3604,-4.38028,2.85486,1.64978,0.0051257, -0.00448144, -0.865266, 0.501268
3605,-4.37852,2.85348,1.64946,0.00510942, -0.00487967, -0.864796, 0.502074
3606,-4.37674,2.85211,1.64915,0.00511259, -0.00528194, -0.864337, 0.50286
3607,-4.37493,2.85074,1.64885,0.00513123, -0.00568132, -0.863888, 0.503626
3608,-4.37311,2.84937,1.64856,0.00515511, -0.00606836, -0.863446, 0.504378
3609,-4.37412,2.86061,1.64937,0.00527833, -0.00630192, -0.863585, 0.504137
3610,-4.37237,2.8593,1.64907,0.00530439, -0.00669525, -0.863165, 0.50485
3611,-4.37061,2.85799,1.64879,0.00534625, -0.00707314, -0.862752, 0.50555
3612,-4.36882,2.85667,1.64851,0.00539946, -0.0074598, -0.86234, 0.506246
3613,-4.36701,2.85535,1.64824,0.00545212, -0.00782667, -0.861939, 0.506922
3614,-4.36517,2.85403,1.64799,0.00552888, -0.00821024, -0.861555, 0.507567
3615,-4.36331,2.8527,1.64775,0.00561059, -0.00859395, -0.861181, 0.508195
3616,-4.36143,2.85136,1.64752,0.00568682, -0.00898708, -0.860797, 0.508838
3617,-4.35953,2.85002,1.6473,0.00577055, -0.00936649, -0.860418, 0.509471
3618,-4.35761,2.84867,1.64709,0.00584793, -0.00975274, -0.860056, 0.510073
3619,-4.35567,2.84732,1.64689,0.00593378, -0.0101324, -0.859693, 0.510676
3620,-4.357,2.86006,1.64803,0.00612266, -0.0106176, -0.859995, 0.510156
3621,-4.35518,2.85877,1.64782,0.0062072, -0.0109933, -0.859639, 0.510747
3622,-4.35333,2.85747,1.64762,0.0062802, -0.0113649, -0.859286, 0.51133
3623,-4.35146,2.85616,1.64742,0.00635048, -0.011732, -0.858934, 0.511912
3624,-4.34956,2.85485,1.64723,0.00642241, -0.0120779, -0.858591, 0.512478
3625,-4.34764,2.85353,1.64705,0.00646767, -0.0124181, -0.85825, 0.513041
3626,-4.3457,2.8522,1.64688,0.00652456, -0.012759, -0.857917, 0.513588
3627,-4.34373,2.85087,1.64671,0.00658539, -0.0130883, -0.857585, 0.514133
3628,-4.34174,2.84953,1.64655,0.00664837, -0.0134162, -0.857248, 0.514685
3629,-4.33973,2.84819,1.64639,0.0067008, -0.0137304, -0.856936, 0.515196
3630,-4.3377,2.84684,1.64624,0.00676715, -0.0140393, -0.856623, 0.515707
3631,-4.33915,2.86051,1.64747,0.00694666, -0.0144723, -0.856977, 0.515104
3632,-4.33724,2.85922,1.6473,0.00702199, -0.0147835, -0.856676, 0.515595
3633,-4.33531,2.85793,1.64713,0.00712081, -0.015079, -0.856381, 0.516075
3634,-4.33336,2.85663,1.64696,0.00721593, -0.0153627, -0.856093, 0.516543
3635,-4.33415,2.86748,1.64815,0.00720142, -0.0153326, -0.855936, 0.516805
3636,-4.33223,2.86625,1.64798,0.0073185, -0.0156109, -0.855653, 0.517262
3637,-4.33029,2.86501,1.64782,0.00745773, -0.015879, -0.855379, 0.517705
3638,-4.32834,2.86377,1.64766,0.00760975, -0.0161346, -0.855107, 0.518145
3639,-4.32638,2.86252,1.6475,0.0077757, -0.0164099, -0.854846, 0.518565
3640,-4.32747,2.87201,1.64847,0.00792178, -0.0163688, -0.854748, 0.518725
3641,-4.32555,2.87082,1.64831,0.00809433, -0.0166526, -0.854482, 0.519152
3642,-4.32362,2.86962,1.64816,0.00825762, -0.0169311, -0.85422, 0.519571
3643,-4.32167,2.86842,1.648,0.00842962, -0.0171981, -0.853961, 0.519985
3644,-4.31971,2.86721,1.64785,0.00859792, -0.017472, -0.853699, 0.520403
3645,-4.31773,2.86601,1.6477,0.00875946, -0.0177687, -0.853428, 0.520835
3646,-4.31574,2.8648,1.64756,0.0089118, -0.0180632, -0.853155, 0.521269
3647,-4.31709,2.87415,1.64839,0.00914782, -0.0180964, -0.853218, 0.52116
3648,-4.31518,2.87298,1.64823,0.00929048, -0.0183797, -0.852954, 0.52158
3649,-4.31324,2.87181,1.64808,0.00942867, -0.0186642, -0.852679, 0.522017
3650,-4.31129,2.87064,1.64792,0.0095485, -0.0189271, -0.852394, 0.52247
3651,-4.30932,2.86946,1.64777,0.00966653, -0.0191927, -0.852103, 0.522933
3652,-4.30734,2.86828,1.64761,0.00977973, -0.019433, -0.851805, 0.523406
3653,-4.30533,2.8671,1.64746,0.00989641, -0.0196666, -0.851505, 0.523884
3654,-4.30332,2.86591,1.64731,0.0100135, -0.0198905, -0.851205, 0.524361
3655,-4.30128,2.86471,1.64716,0.0101269, -0.0201087, -0.850902, 0.524841
3656,-4.29923,2.86351,1.64702,0.0102333, -0.0203141, -0.850585, 0.525346
3657,-4.29716,2.8623,1.64688,0.0103372, -0.0205084, -0.850262, 0.525859
3658,-4.29901,2.8733,1.64753,0.0106933, -0.0207912, -0.850568, 0.525345
3659,-4.29707,2.87212,1.64736,0.0107874, -0.0209854, -0.850246, 0.525856
3660,-4.29512,2.87094,1.6472,0.0108714, -0.0211545, -0.84991, 0.526391
3661,-4.29315,2.86974,1.64704,0.0109488, -0.0213057, -0.84957, 0.526932
3662,-4.29118,2.86854,1.64688,0.0110296, -0.0214721, -0.849233, 0.527466
3663,-4.28919,2.86733,1.64672,0.011121, -0.0216538, -0.848885, 0.528016
3664,-4.28719,2.86612,1.64657,0.0112203, -0.0218367, -0.848525, 0.528585
3665,-4.28519,2.86489,1.64641,0.0113237, -0.0220139, -0.848162, 0.529159
3666,-4.28317,2.86366,1.64627,0.0114284, -0.0221934, -0.847795, 0.529737
3667,-4.28115,2.86242,1.64612,0.0115431, -0.0223949, -0.847416, 0.530331
3668,-4.27912,2.86117,1.64597,0.0116734, -0.0225944, -0.847029, 0.530938
3669,-4.28116,2.8736,1.6467,0.0119764, -0.0229526, -0.84735, 0.530404
3670,-4.27928,2.8724,1.64653,0.0121179, -0.0231609, -0.84696, 0.531013
3671,-4.27738,2.87119,1.64636,0.0122807, -0.0233761, -0.846566, 0.531628
3672,-4.27549,2.86997,1.64618,0.0124566, -0.0236083, -0.84616, 0.53226
3673,-4.27359,2.86875,1.64601,0.0126634, -0.0238351, -0.845743, 0.532907
3674,-4.27168,2.86752,1.64584,0.0128975, -0.0240431, -0.845325, 0.533555
3675,-4.26977,2.86628,1.64567,0.0131473, -0.0242506, -0.84491, 0.534196
3676,-4.26786,2.86503,1.6455,0.0134148, -0.024439, -0.844492, 0.534841
3677,-4.26932,2.8775,1.64654,0.0135497, -0.0246524, -0.844576, 0.534696
3678,-4.2675,2.87631,1.64635,0.0138045, -0.0248363, -0.844157, 0.535342
3679,-4.26567,2.8751,1.64616,0.0140814, -0.0250139, -0.843724, 0.536009
3680,-4.26384,2.87389,1.64596,0.0143391, -0.0251864, -0.843289, 0.536679
3681,-4.262,2.87266,1.64577,0.0145876, -0.0253473, -0.84285, 0.537353
3682,-4.26014,2.87143,1.64557,0.0148302, -0.0255262, -0.842409, 0.538029
3683,-4.25828,2.87019,1.64536,0.0150562, -0.0257141, -0.841965, 0.538709
3684,-4.25641,2.86895,1.64515,0.0152861, -0.0259042, -0.84151, 0.539403
3685,-4.25454,2.8677,1.64493,0.0155201, -0.0261105, -0.841055, 0.540097
3686,-4.25265,2.86646,1.6447,0.015748, -0.0263477, -0.840589, 0.540802
3687,-4.25076,2.86521,1.64448,0.0159849, -0.0265964, -0.840121, 0.541511
3688,-4.25278,2.87899,1.64558,0.0162621, -0.0270526, -0.840294, 0.541212
3689,-4.25103,2.8778,1.64532,0.0164835, -0.027297, -0.839814, 0.541937
3690,-4.24927,2.8766,1.64506,0.0167031, -0.0275346, -0.839324, 0.542677
3691,-4.2475,2.8754,1.6448,0.0169182, -0.027783, -0.838828, 0.543425
3692,-4.24573,2.87419,1.64454,0.0171224, -0.0280321, -0.838327, 0.544178
3693,-4.24395,2.87296,1.64428,0.0173166, -0.0282796, -0.837811, 0.544952
3694,-4.24215,2.87173,1.64401,0.0174949, -0.028528, -0.837287, 0.545738
3695,-4.24034,2.87048,1.64375,0.0176726, -0.028756, -0.836763, 0.546524
3696,-4.23852,2.86922,1.64348,0.0178207, -0.0289493, -0.836231, 0.547323
3697,-4.23668,2.86794,1.64321,0.0179482, -0.0291162, -0.835697, 0.548125
3698,-4.23483,2.86665,1.64293,0.0180505, -0.0292518, -0.835165, 0.548924
3699,-4.23731,2.88093,1.6438,0.01827, -0.0296579, -0.835422, 0.548504
3700,-4.23559,2.87969,1.64349,0.0183543, -0.0297656, -0.834882, 0.549317
3701,-4.23385,2.87843,1.64318,0.0184315, -0.0298459, -0.834339, 0.550135
3702,-4.23209,2.87715,1.64287,0.0184695, -0.0299027, -0.833779, 0.550979
3703,-4.23032,2.87586,1.64255,0.0184874, -0.0299248, -0.833214, 0.551831
3704,-4.22852,2.87455,1.64224,0.018471, -0.0299296, -0.832643, 0.552693
3705,-4.22671,2.87323,1.64192,0.018438, -0.0299167, -0.832072, 0.553554
3706,-4.22487,2.87189,1.6416,0.0183813, -0.0299082, -0.831485, 0.554437
3707,-4.22689,2.88529,1.64254,0.0184918, -0.0301458, -0.831468, 0.554446
3708,-4.22515,2.88401,1.6422,0.0184156, -0.030155, -0.830873, 0.555339
3709,-4.22339,2.88272,1.64187,0.0183216, -0.0301681, -0.830263, 0.556253
3710,-4.22161,2.88142,1.64154,0.0182036, -0.0302003, -0.829632, 0.557196
3711,-4.21983,2.88011,1.64122,0.0180753, -0.0302537, -0.828994, 0.558146
3712,-4.21803,2.87879,1.64091,0.0179218, -0.0303224, -0.82833, 0.559133
3713,-4.21622,2.87746,1.64061,0.0177788, -0.0304096, -0.82766, 0.560123
3714,-4.21789,2.88973,1.6415,0.0178623, -0.0305352, -0.827515, 0.560328
3715,-4.21616,2.88845,1.6412,0.0177111, -0.0306374, -0.826816, 0.561358
3716,-4.21441,2.88716,1.64091,0.0175411, -0.0307394, -0.826103, 0.562407
3717,-4.21265,2.88586,1.64064,0.0173286, -0.0308121, -0.825369, 0.563485
3718,-4.21088,2.88454,1.64037,0.0170942, -0.0308658, -0.824623, 0.564581
3719,-4.2091,2.8832,1.64012,0.0168357, -0.0309069, -0.823864, 0.565694
3720,-4.2073,2.88184,1.63987,0.0165385, -0.0309338, -0.823084, 0.566835
3721,-4.20548,2.88047,1.63962,0.0162162, -0.0309568, -0.822285, 0.568002
3722,-4.20365,2.87908,1.63937,0.0158949, -0.0309482, -0.821465, 0.569197
3723,-4.20181,2.87767,1.63912,0.0155529, -0.0309261, -0.820621, 0.570423
3724,-4.19995,2.87624,1.63888,0.0152175, -0.0308748, -0.819767, 0.571662
3725,-4.20181,2.88998,1.64017,0.0153009, -0.0310536, -0.819754, 0.571669
3726,-4.20007,2.88859,1.63989,0.0149708, -0.0309789, -0.818887, 0.572923
3727,-4.19833,2.88719,1.63962,0.0146512, -0.0308804, -0.818013, 0.574184
3728,-4.19658,2.88576,1.63934,0.0143594, -0.0307802, -0.817131, 0.575451
3729,-4.19482,2.88432,1.63907,0.0140804, -0.0306788, -0.816233, 0.576736
3730,-4.19306,2.88285,1.6388,0.0138296, -0.0305557, -0.815325, 0.578032
3731,-4.19129,2.88137,1.63853,0.0135823, -0.0304412, -0.8144, 0.579346
3732,-4.18951,2.87987,1.63827,0.0133533, -0.0303395, -0.813462, 0.580672
3733,-4.19134,2.89348,1.64019,0.0134149, -0.030484, -0.813608, 0.580459
3734,-4.18966,2.89202,1.63992,0.0132133, -0.0303822, -0.812667, 0.581785
3735,-4.18797,2.89054,1.63965,0.0130039, -0.0302987, -0.811706, 0.583135
3736,-4.18627,2.88905,1.63939,0.0128218, -0.0302085, -0.810731, 0.584498
3737,-4.18743,2.89997,1.64106,0.0128083, -0.0300502, -0.810285, 0.585126
3738,-4.18577,2.89852,1.6408,0.0126491, -0.0299648, -0.8093, 0.586495
3739,-4.1841,2.89704,1.64054,0.0124877, -0.0298857, -0.808309, 0.587867
3740,-4.18243,2.89555,1.64029,0.0123624, -0.0297983, -0.807304, 0.589253
3741,-4.18075,2.89403,1.64004,0.0122626, -0.0297118, -0.8063, 0.590633
3742,-4.17906,2.8925,1.63979,0.0121798, -0.0295981, -0.805301, 0.592002
3743,-4.17736,2.89094,1.63955,0.0121323, -0.029488, -0.804292, 0.593378
3744,-4.17566,2.88937,1.6393,0.012105, -0.0293579, -0.803284, 0.59475
3745,-4.1773,2.89964,1.64093,0.0123654, -0.0292771, -0.803233, 0.594817
3746,-4.17569,2.89808,1.64067,0.0123557, -0.0291328, -0.802225, 0.596183
3747,-4.17406,2.89649,1.64042,0.0123612, -0.028979, -0.801223, 0.597536
3748,-4.17242,2.89489,1.64017,0.0123759, -0.0288114, -0.800213, 0.598896
3749,-4.17077,2.89327,1.63991,0.0123996, -0.0286469, -0.7992, 0.600254
3750,-4.1691,2.89162,1.63966,0.0124236, -0.0284871, -0.798186, 0.601609
3751,-4.16742,2.88996,1.6394,0.0124452, -0.0283324, -0.797177, 0.602953
3752,-4.16572,2.88829,1.63915,0.0124812, -0.0281634, -0.796165, 0.604295
3753,-4.16777,2.8982,1.64068,0.0128287, -0.0280837, -0.796082, 0.6044
3754,-4.16615,2.89653,1.64041,0.0128732, -0.0279155, -0.795067, 0.605742
3755,-4.16452,2.89485,1.64014,0.0129282, -0.0277307, -0.794045, 0.607089
3756,-4.16287,2.89315,1.63988,0.0129936, -0.0275614, -0.793022, 0.608431
3757,-4.1612,2.89144,1.63961,0.0130636, -0.0273918, -0.791993, 0.609775
3758,-4.15952,2.88972,1.63935,0.0131436, -0.0272212, -0.790974, 0.611102
3759,-4.15781,2.88798,1.6391,0.0132385, -0.0270358, -0.789969, 0.612407
3760,-4.15937,2.89763,1.64042,0.0134835, -0.0269005, -0.789827, 0.612591
3761,-4.15772,2.89591,1.64016,0.0135848, -0.0267222, -0.788809, 0.613908
3762,-4.15605,2.89417,1.63991,0.0136709, -0.0265354, -0.787783, 0.615229
3763,-4.15436,2.89242,1.63965,0.0137367, -0.0263424, -0.786755, 0.616551
3764,-4.15264,2.89066,1.6394,0.0138068, -0.0261459, -0.785727, 0.617867
3765,-4.1509,2.88888,1.63916,0.013886, -0.0259455, -0.784702, 0.619175
3766,-4.14914,2.88709,1.63891,0.0139617, -0.0257427, -0.783675, 0.62048
3767,-4.14735,2.88529,1.63867,0.0140166, -0.0255291, -0.782642, 0.621791
3768,-4.14554,2.88347,1.63843,0.0140733, -0.0253139, -0.781599, 0.623108
3769,-4.1437,2.88165,1.63819,0.0141215, -0.0250834, -0.78056, 0.624417
3770,-4.14184,2.87981,1.63795,0.0141689, -0.0248363, -0.779529, 0.625713
3771,-4.14304,2.8927,1.63945,0.0142951, -0.0249388, -0.779694, 0.625501
3772,-4.14127,2.89089,1.63919,0.0143447, -0.0246918, -0.778671, 0.626782
3773,-4.13948,2.88907,1.63893,0.0143822, -0.0244494, -0.77764, 0.628069
3774,-4.13766,2.88724,1.63867,0.0144028, -0.0242033, -0.776603, 0.62936
3775,-4.13582,2.88539,1.63842,0.014411, -0.0239536, -0.775576, 0.630635
3776,-4.13395,2.88354,1.63817,0.0144253, -0.0237091, -0.774552, 0.631901
3777,-4.13206,2.88168,1.63791,0.0144242, -0.0234634, -0.773542, 0.633146
3778,-4.13014,2.8798,1.63765,0.014418, -0.0232081, -0.772519, 0.634403
3779,-4.1282,2.87792,1.63739,0.0144131, -0.022962, -0.771506, 0.635644
3780,-4.12624,2.87603,1.63713,0.0144105, -0.0227227, -0.770522, 0.636846
3781,-4.12425,2.87412,1.63687,0.0144004, -0.0224827, -0.769537, 0.638044
3782,-4.12608,2.88879,1.6385,0.0144739, -0.0227357, -0.769832, 0.637677
3783,-4.1242,2.88693,1.63821,0.0144722, -0.0225023, -0.768843, 0.638878
3784,-4.12229,2.88505,1.63792,0.0144605, -0.0222529, -0.76785, 0.64008
3785,-4.12037,2.88317,1.63762,0.014439, -0.0219996, -0.766862, 0.641272
3786,-4.11842,2.88128,1.63731,0.0144173, -0.0217462, -0.765868, 0.642468
3787,-4.11645,2.87938,1.637,0.0143943, -0.0214852, -0.76487, 0.643665
3788,-4.11445,2.87747,1.63668,0.0143495, -0.0212146, -0.763877, 0.644853
3789,-4.11243,2.87555,1.63636,0.0142828, -0.0209328, -0.762874, 0.646051
3790,-4.11508,2.88817,1.63795,0.014406, -0.0210166, -0.762883, 0.646034
3791,-4.11313,2.8863,1.6376,0.014319, -0.0207118, -0.761872, 0.647238
3792,-4.11116,2.88441,1.63726,0.0142169, -0.0203813, -0.760853, 0.648448
3793,-4.10916,2.88251,1.6369,0.014083, -0.0200287, -0.759817, 0.649676
3794,-4.10713,2.8806,1.63654,0.0139247, -0.0196461, -0.758768, 0.650916
3795,-4.10508,2.87869,1.63617,0.0137494, -0.0192464, -0.757709, 0.652163
3796,-4.10299,2.87676,1.6358,0.0135523, -0.0188197, -0.756638, 0.653423
3797,-4.10089,2.87482,1.63542,0.0133399, -0.0183814, -0.755568, 0.654676
3798,-4.09875,2.87286,1.63503,0.0131323, -0.0179247, -0.754485, 0.655941
3799,-4.0966,2.8709,1.63464,0.0129134, -0.0174513, -0.753393, 0.657212
3800,-4.09442,2.86892,1.63424,0.0127151, -0.0169739, -0.752285, 0.658497
3801,-4.09717,2.88231,1.63562,0.0129015, -0.0170582, -0.752317, 0.658454
3802,-4.0951,2.88035,1.63519,0.0127283, -0.0165784, -0.751189, 0.659756
3803,-4.09302,2.87839,1.63476,0.0125664, -0.016101, -0.750067, 0.661046
3804,-4.09092,2.8764,1.63433,0.0124006, -0.015634, -0.748926, 0.662354
3805,-4.08881,2.87441,1.63389,0.0122646, -0.0151743, -0.747784, 0.663656
3806,-4.08668,2.8724,1.63345,0.0121176, -0.0147226, -0.746637, 0.664959
3807,-4.08455,2.87038,1.63301,0.011989, -0.014265, -0.745495, 0.666251
3808,-4.0824,2.86835,1.63256,0.0118668, -0.0138106, -0.744354, 0.667537
3809,-4.08023,2.8663,1.6321,0.011751, -0.0133629, -0.74322, 0.668811
3810,-4.07806,2.86424,1.63164,0.01164, -0.0129359, -0.742094, 0.67007
3811,-4.07587,2.86217,1.63118,0.011551, -0.012498, -0.740958, 0.671336
3812,-4.07905,2.87644,1.63277,0.0117208, -0.0127058, -0.741221, 0.671039
3813,-4.07698,2.8744,1.63228,0.0116403, -0.0122674, -0.740089, 0.672296
3814,-4.0749,2.87234,1.6318,0.011576, -0.0118069, -0.738968, 0.673538
3815,-4.0728,2.87026,1.63132,0.0115086, -0.0113384, -0.73786, 0.674761
3816,-4.07069,2.86818,1.63084,0.0114733, -0.0108693, -0.736754, 0.675976
3817,-4.06856,2.86607,1.63036,0.0114523, -0.010416, -0.735642, 0.677193
3818,-4.06641,2.86396,1.62989,0.0114628, -0.00998066, -0.734542, 0.678393
3819,-4.06425,2.86183,1.62943,0.0114988, -0.00956703, -0.733439, 0.679591
3820,-4.06705,2.87539,1.63102,0.0116096, -0.00968469, -0.733417, 0.67961
3821,-4.06498,2.8733,1.63056,0.0116816, -0.0092811, -0.732311, 0.680807
3822,-4.06289,2.8712,1.6301,0.011784, -0.00891661, -0.731183, 0.682022
3823,-4.0608,2.86909,1.62966,0.0119205, -0.00857848, -0.730065, 0.68322
3824,-4.06298,2.88018,1.63117,0.0119609, -0.00849937, -0.729884, 0.683414
3825,-4.06093,2.87812,1.63074,0.0121461, -0.00818864, -0.728743, 0.684631
3826,-4.05886,2.87605,1.63032,0.0123675, -0.00792068, -0.727587, 0.685858
3827,-4.05679,2.87396,1.62991,0.0126041, -0.00767683, -0.726422, 0.68709
3828,-4.05845,2.88328,1.63122,0.0127699, -0.00742954, -0.725999, 0.687537
3829,-4.05641,2.88123,1.63082,0.0130128, -0.00716918, -0.724821, 0.688777
3830,-4.05436,2.87916,1.63043,0.0132941, -0.00690711, -0.723633, 0.690022
3831,-4.05229,2.87708,1.63006,0.0136222, -0.00665933, -0.722441, 0.691267
3832,-4.05021,2.87499,1.62971,0.0139561, -0.00639319, -0.721227, 0.692528
3833,-4.0481,2.87289,1.62938,0.0142628, -0.00611979, -0.720017, 0.693783
3834,-4.04597,2.87078,1.62906,0.0145635, -0.00580808, -0.718783, 0.695057
3835,-4.04382,2.86865,1.62875,0.0148445, -0.00548553, -0.717554, 0.696323
3836,-4.04163,2.86652,1.62847,0.0151124, -0.00515541, -0.716315, 0.697595
3837,-4.03942,2.86438,1.62819,0.0153563, -0.00484326, -0.715054, 0.698884
3838,-4.03717,2.86223,1.62793,0.0155793, -0.00453869, -0.713777, 0.700185
3839,-4.03987,2.8734,1.62925,0.0160092, -0.0045481, -0.713822, 0.700129
3840,-4.03771,2.87126,1.62897,0.0162035, -0.00426171, -0.712512, 0.70146
3841,-4.03553,2.86911,1.62871,0.0163919, -0.00398695, -0.711182, 0.702806
3842,-4.03333,2.86696,1.62846,0.0165783, -0.00373111, -0.709845, 0.704153
3843,-4.03111,2.86482,1.6282,0.0167812, -0.00350975, -0.708482, 0.70552
3844,-4.02887,2.86268,1.62796,0.0170093, -0.00333675, -0.707104, 0.706897
3845,-4.02662,2.86053,1.62773,0.017259, -0.00319701, -0.70571, 0.708283
3846,-4.02436,2.85839,1.6275,0.0175349, -0.0031027, -0.704301, 0.709678
3847,-4.02208,2.85625,1.62728,0.0178383, -0.00305266, -0.702883, 0.711075
3848,-4.01979,2.8541,1.62708,0.0181615, -0.00303382, -0.701452, 0.712478
3849,-4.01749,2.85195,1.62688,0.0185099, -0.00301242, -0.699999, 0.713897
3850,-4.0213,2.86489,1.62841,0.0188752, -0.00323585, -0.700253, 0.713638
3851,-4.01912,2.86276,1.62821,0.0192174, -0.00322134, -0.698785, 0.715066
3852,-4.01692,2.86062,1.62802,0.0195765, -0.00320459, -0.697319, 0.716486
3853,-4.0147,2.85847,1.62785,0.0199308, -0.00318331, -0.695846, 0.717907
3854,-4.01246,2.85631,1.62768,0.0202872, -0.00313147, -0.694349, 0.719345
3855,-4.01018,2.85414,1.62752,0.0206394, -0.00306296, -0.692841, 0.720788
3856,-4.00789,2.85196,1.62736,0.0209903, -0.00297997, -0.691343, 0.722216
3857,-4.00556,2.84976,1.62722,0.0213473, -0.00287724, -0.689835, 0.723646
3858,-4.00931,2.86209,1.6286,0.0216742, -0.00300361, -0.689731, 0.723735
3859,-4.00705,2.85992,1.62844,0.0220291, -0.00287251, -0.688214, 0.725168
3860,-4.00478,2.85774,1.62829,0.0223989, -0.0027353, -0.686695, 0.726596
3861,-4.00247,2.85555,1.62814,0.0227822, -0.00258174, -0.68517, 0.728022
3862,-4.00014,2.85336,1.628,0.0231586, -0.00241957, -0.683654, 0.729435
3863,-3.99779,2.85115,1.62785,0.0235643, -0.00226065, -0.682149, 0.73083
3864,-3.99542,2.84894,1.62772,0.0239785, -0.00210833, -0.680632, 0.73223
3865,-3.99304,2.84673,1.62758,0.0244003, -0.0019823, -0.679134, 0.733606
3866,-3.9968,2.85888,1.62892,0.0247033, -0.0020955, -0.679122, 0.733607
3867,-3.9945,2.8567,1.62877,0.0251241, -0.00197881, -0.677614, 0.734986
3868,-3.99218,2.85451,1.62862,0.0255567, -0.0018769, -0.676098, 0.736366
3869,-3.98984,2.85232,1.62848,0.025998, -0.00180438, -0.67459, 0.737733
3870,-3.98749,2.85013,1.62834,0.0264165, -0.00175321, -0.673064, 0.739111
3871,-3.98512,2.84794,1.6282,0.026831, -0.00172004, -0.671537, 0.740483
3872,-3.98273,2.84576,1.62806,0.027219, -0.00168642, -0.670004, 0.741856
3873,-3.98592,2.85726,1.62928,0.0274692, -0.00171597, -0.669814, 0.742019
3874,-3.98359,2.85511,1.62914,0.0278194, -0.00168711, -0.668263, 0.743403
3875,-3.98124,2.85296,1.62899,0.0281301, -0.0016606, -0.666704, 0.74479
3876,-3.97886,2.85082,1.62885,0.0284187, -0.00163129, -0.665123, 0.746191
3877,-3.97646,2.84868,1.62871,0.0286669, -0.00159093, -0.663544, 0.747587
3878,-3.97403,2.84654,1.62857,0.0288777, -0.00154298, -0.661947, 0.748993
3879,-3.97158,2.84441,1.62843,0.0290669, -0.0014812, -0.660349, 0.750394
3880,-3.9691,2.84228,1.62829,0.0292184, -0.00141007, -0.658735, 0.751806
3881,-3.96659,2.84016,1.62816,0.029359, -0.00131913, -0.657112, 0.75322
3882,-3.96406,2.83803,1.62802,0.0294843, -0.00122542, -0.655487, 0.75463
3883,-3.96151,2.83591,1.62789,0.0295935, -0.0011215, -0.653859, 0.756037
3884,-3.96498,2.84894,1.62904,0.029873, -0.00127673, -0.653751, 0.756119
3885,-3.96253,2.84683,1.62889,0.0299813, -0.00118034, -0.652111, 0.757529
3886,-3.96006,2.84472,1.62874,0.0300908, -0.00108817, -0.650479, 0.758927
3887,-3.95757,2.84262,1.62861,0.0302073, -0.00101624, -0.648843, 0.760322
3888,-3.95507,2.84051,1.62848,0.0303265, -0.000955739, -0.647196, 0.761719
3889,-3.95256,2.83841,1.62835,0.0304463, -0.000903685, -0.64557, 0.763093
3890,-3.95003,2.83631,1.62824,0.0305782, -0.000884773, -0.643937, 0.764466
3891,-3.9475,2.8342,1.62814,0.0307106, -0.000886077, -0.642291, 0.765845
3892,-3.94495,2.8321,1.62804,0.0308463, -0.000894019, -0.640633, 0.767227
3893,-3.9424,2.83,1.62795,0.0309832, -0.000937621, -0.638976, 0.768602
3894,-3.93984,2.8279,1.62787,0.0311206, -0.0010091, -0.637328, 0.769964
3895,-3.94331,2.84318,1.62916,0.0312031, -0.00132297, -0.637617, 0.76972
3896,-3.94086,2.84112,1.62906,0.031349, -0.00142388, -0.635946, 0.771095
3897,-3.93841,2.83907,1.62896,0.0314973, -0.00155132, -0.634267, 0.772471
3898,-3.93595,2.83702,1.62887,0.0316407, -0.00169986, -0.632565, 0.773859
3899,-3.93348,2.83498,1.62879,0.0317669, -0.0018675, -0.630851, 0.775251
3900,-3.93101,2.83294,1.62871,0.0318673, -0.00202521, -0.629118, 0.776654
3901,-3.92853,2.83091,1.62863,0.0318992, -0.00216459, -0.627358, 0.778074
3902,-3.93117,2.84576,1.62998,0.0318362, -0.0023244, -0.627104, 0.778281
3903,-3.92875,2.8438,1.62989,0.0318356, -0.00243179, -0.625323, 0.779713
3904,-3.92632,2.84184,1.6298,0.0318067, -0.00252573, -0.623526, 0.781151
3905,-3.92387,2.83989,1.6297,0.0317502, -0.00256876, -0.621725, 0.782587
3906,-3.9214,2.83795,1.6296,0.0316694, -0.00258175, -0.619936, 0.784009
3907,-3.91892,2.836,1.6295,0.0315626, -0.00256099, -0.618138, 0.785432
3908,-3.91643,2.83406,1.6294,0.0314385, -0.00251721, -0.616322, 0.786862
3909,-3.91392,2.83212,1.62929,0.031297, -0.00246366, -0.614492, 0.788298
3910,-3.91707,2.84634,1.63031,0.031333, -0.00258007, -0.614394, 0.788373
3911,-3.91463,2.84445,1.63019,0.031176, -0.00251395, -0.612544, 0.789818
3912,-3.91219,2.84256,1.63005,0.031016, -0.00244029, -0.610697, 0.791253
3913,-3.90975,2.84067,1.62991,0.0308584, -0.00235726, -0.608835, 0.792693
3914,-3.91224,2.85248,1.63089,0.0308978, -0.00229746, -0.608664, 0.792823
3915,-3.90984,2.85066,1.63074,0.030736, -0.00221941, -0.60681, 0.794249
3916,-3.90744,2.84884,1.63058,0.0305941, -0.00214182, -0.604944, 0.795677
3917,-3.90504,2.84701,1.63041,0.0304664, -0.00208027, -0.603075, 0.7971
3918,-3.90265,2.84519,1.63024,0.0303572, -0.00203671, -0.601187, 0.798529
3919,-3.90027,2.84336,1.63005,0.0302619, -0.00199185, -0.599301, 0.799949
3920,-3.8979,2.84154,1.62986,0.0302112, -0.00194674, -0.597424, 0.801354
3921,-3.89554,2.83971,1.62967,0.0301957, -0.00191707, -0.595527, 0.802766
3922,-3.89825,2.85153,1.63057,0.0304353, -0.00188896, -0.595089, 0.803081
3923,-3.89598,2.84972,1.63035,0.0304434, -0.00187967, -0.593173, 0.804497
3924,-3.89371,2.84792,1.63013,0.0304804, -0.00187376, -0.591249, 0.805911
3925,-3.89145,2.84611,1.62992,0.0305253, -0.0018776, -0.589308, 0.80733
3926,-3.8892,2.8443,1.6297,0.0305811, -0.00188702, -0.587345, 0.808757
3927,-3.88696,2.84248,1.62949,0.0306232, -0.00187705, -0.585368, 0.810187
3928,-3.88471,2.84067,1.62928,0.0306772, -0.00187823, -0.583369, 0.811626
3929,-3.88246,2.83886,1.62908,0.030746, -0.00186511, -0.581376, 0.813052
3930,-3.88021,2.83704,1.62888,0.030819, -0.00183895, -0.579376, 0.814475
3931,-3.87796,2.83522,1.62869,0.0309014, -0.00176744, -0.577368, 0.815897
3932,-3.8757,2.8334,1.6285,0.0310031, -0.00167065, -0.575353, 0.817316
3933,-3.8792,2.84651,1.62924,0.031284, -0.00175272, -0.575665, 0.817085
3934,-3.87704,2.84468,1.62903,0.0314041, -0.00163253, -0.573644, 0.818501
3935,-3.87487,2.84286,1.62883,0.0315362, -0.00147809, -0.571632, 0.819903
3936,-3.8727,2.84102,1.62864,0.0316846, -0.00129752, -0.569622, 0.821295
3937,-3.87052,2.83919,1.62845,0.031863, -0.00110249, -0.567642, 0.822658
3938,-3.86833,2.83735,1.62828,0.0320411, -0.000891326, -0.565656, 0.824018
3939,-3.86613,2.83551,1.62812,0.0322399, -0.000667949, -0.563683, 0.825361
3940,-3.86795,2.84876,1.62935,0.0322667, -0.000587774, -0.563502, 0.825484
3941,-3.8658,2.84696,1.62919,0.0324768, -0.00036858, -0.561536, 0.826815
3942,-3.86364,2.84516,1.62904,0.0326874, -0.000161726, -0.55959, 0.828124
3943,-3.86147,2.84336,1.6289,0.0328892, 4.06021e-05, -0.557667, 0.829413
3944,-3.8593,2.84156,1.62878,0.0330923, 0.000226643, -0.555758, 0.830685
3945,-3.85712,2.83976,1.62866,0.0333048, 0.000399154, -0.553869, 0.831937
3946,-3.85494,2.83797,1.62855,0.0335304, 0.000549927, -0.552015, 0.833159
3947,-3.85275,2.83619,1.62845,0.0337547, 0.000702861, -0.550194, 0.834354
3948,-3.85509,2.84933,1.62973,0.0338635, 0.000737033, -0.550212, 0.834338
3949,-3.85296,2.84757,1.62962,0.0340741, 0.000887086, -0.548416, 0.835511
3950,-3.85082,2.84582,1.62952,0.0342856, 0.00103736, -0.546641, 0.836664
3951,-3.84868,2.84408,1.62943,0.0345028, 0.00118342, -0.544895, 0.837793
3952,-3.84652,2.84234,1.62934,0.0347224, 0.00133214, -0.543175, 0.8389
3953,-3.84436,2.84061,1.62925,0.0349302, 0.00147317, -0.541467, 0.839995
3954,-3.84219,2.83889,1.62918,0.0351284, 0.00162325, -0.539792, 0.841064
3955,-3.84,2.83717,1.6291,0.0353069, 0.00177068, -0.53813, 0.84212
3956,-3.84432,2.84971,1.63039,0.0355141, 0.00170752, -0.538229, 0.842049
3957,-3.8422,2.84802,1.6303,0.0356609, 0.00188043, -0.53659, 0.843087
3958,-3.84007,2.84633,1.63021,0.0357915, 0.00207382, -0.53497, 0.84411
3959,-3.83792,2.84466,1.63012,0.0359152, 0.00227295, -0.533383, 0.845108
3960,-3.83575,2.84298,1.63003,0.0360133, 0.00250004, -0.531815, 0.846091
3961,-3.83356,2.84132,1.62993,0.0360951, 0.00275162, -0.530249, 0.847069
3962,-3.83136,2.83966,1.62982,0.0361751, 0.00301992, -0.528719, 0.84802
3963,-3.82914,2.83801,1.62971,0.036249, 0.00330242, -0.527213, 0.848953
3964,-3.82691,2.83637,1.6296,0.0363171, 0.0035971, -0.525727, 0.84987
3965,-3.82467,2.83473,1.62948,0.0364032, 0.0038812, -0.524253, 0.850775
3966,-3.82242,2.83309,1.62935,0.0364921, 0.0041738, -0.522802, 0.851662
3967,-3.82754,2.84719,1.63073,0.0367485, 0.00403247, -0.523046, 0.851502
3968,-3.82539,2.84557,1.63057,0.0368578, 0.00432376, -0.521616, 0.852373
3969,-3.82324,2.84395,1.63041,0.0370019, 0.00459054, -0.520184, 0.85324
3970,-3.82109,2.84234,1.63025,0.0371696, 0.00485601, -0.518767, 0.854093
3971,-3.81893,2.84073,1.63008,0.0373651, 0.00510281, -0.517385, 0.854921
3972,-3.81678,2.83913,1.62991,0.0375681, 0.00533465, -0.516016, 0.855738
3973,-3.81462,2.83754,1.62974,0.0377801, 0.00555407, -0.514665, 0.856541
3974,-3.81246,2.83595,1.62957,0.037995, 0.00574528, -0.513315, 0.857339
3975,-3.81029,2.83437,1.62939,0.0382146, 0.0059224, -0.511993, 0.858119
3976,-3.80811,2.8328,1.62921,0.0384314, 0.00609055, -0.510679, 0.858891
3977,-3.80593,2.83124,1.62903,0.0386355, 0.00625939, -0.509385, 0.859648
3978,-3.8117,2.84688,1.6304,0.0387636, 0.00592935, -0.509887, 0.859347
3979,-3.80962,2.84535,1.63019,0.038964, 0.00610276, -0.508591, 0.860105
3980,-3.80753,2.84384,1.62998,0.0391517, 0.00627658, -0.507309, 0.860852
3981,-3.80542,2.84233,1.62976,0.0393342, 0.00646662, -0.506048, 0.861584
3982,-3.80331,2.84084,1.62954,0.0394985, 0.00667066, -0.50479, 0.862312
3983,-3.80118,2.83936,1.62932,0.0396482, 0.00687808, -0.50356, 0.863023
3984,-3.79904,2.8379,1.6291,0.0398037, 0.00709302, -0.502331, 0.863729
3985,-3.8039,2.85278,1.63069,0.0398129, 0.00690497, -0.502313, 0.863741
3986,-3.80182,2.85138,1.63046,0.0399573, 0.00712012, -0.501087, 0.864445
3987,-3.79974,2.85,1.63021,0.0400926, 0.00731807, -0.499877, 0.865137
3988,-3.79764,2.84863,1.62997,0.0402407, 0.00750092, -0.498666, 0.865827
3989,-3.79554,2.84727,1.62973,0.040416, 0.00766523, -0.497463, 0.866509
3990,-3.79343,2.84593,1.62949,0.040594, 0.00783787, -0.496275, 0.86718
3991,-3.79131,2.8446,1.62925,0.0407909, 0.00800861, -0.495081, 0.867852
3992,-3.78919,2.84327,1.62901,0.0410073, 0.0081476, -0.493906, 0.868509
3993,-3.78706,2.84196,1.62877,0.0412496, 0.0082985, -0.492748, 0.869154
3994,-3.78492,2.84066,1.62854,0.0414967, 0.00844583, -0.491607, 0.869787
3995,-3.78277,2.83937,1.62831,0.0417401, 0.00858883, -0.490458, 0.870422
3996,-3.788,2.85475,1.6296,0.0419296, 0.00843546, -0.49072, 0.870267
3997,-3.78593,2.85348,1.62934,0.0421759, 0.00858493, -0.489591, 0.870889
3998,-3.78386,2.85223,1.62909,0.0424011, 0.00874298, -0.488458, 0.871513
3999,-3.78177,2.85099,1.62885,0.0426312, 0.00891137, -0.487346, 0.872122
4000,-3.77966,2.84976,1.6286,0.0428345, 0.0090743, -0.486255, 0.872719
4001,-3.77754,2.84855,1.62835,0.0430178, 0.00924891, -0.485178, 0.873308
4002,-3.7754,2.84736,1.6281,0.0431658, 0.00943751, -0.484111, 0.87389
4003,-3.77324,2.84618,1.62785,0.0432886, 0.00962483, -0.483045, 0.874472
4004,-3.77107,2.84502,1.62759,0.0433982, 0.00983447, -0.482009, 0.875036
4005,-3.76888,2.84387,1.62733,0.0434895, 0.0100328, -0.48097, 0.8756
4006,-3.76667,2.84275,1.62707,0.0435513, 0.0102345, -0.479954, 0.876152
4007,-3.77224,2.8587,1.62835,0.0436409, 0.0100544, -0.480467, 0.875868
4008,-3.77012,2.85761,1.62806,0.0437001, 0.0102484, -0.479488, 0.8764
4009,-3.76798,2.85654,1.62776,0.0437498, 0.0104379, -0.478531, 0.876918
4010,-3.76583,2.85548,1.62745,0.0437922, 0.0106422, -0.477577, 0.877433
4011,-3.76367,2.85444,1.62715,0.0438374, 0.0108401, -0.476653, 0.877931
4012,-3.76851,2.86802,1.62864,0.0438591, 0.0107658, -0.476646, 0.877935
4013,-3.7664,2.86706,1.62832,0.0439049, 0.010975, -0.475747, 0.878417
4014,-3.76427,2.86611,1.628,0.0439435, 0.0111852, -0.474886, 0.878878
4015,-3.76214,2.86517,1.62768,0.043992, 0.0113954, -0.474045, 0.879327
4016,-3.76603,2.87652,1.62896,0.0441144, 0.0115054, -0.473767, 0.879469
4017,-3.76393,2.87565,1.62862,0.0441832, 0.0117136, -0.472957, 0.879899
4018,-3.76182,2.87479,1.62829,0.0442394, 0.0119306, -0.472162, 0.88032
4019,-3.7597,2.87395,1.62795,0.0442916, 0.0121444, -0.471385, 0.880731
4020,-3.75756,2.87311,1.62762,0.044338, 0.0123551, -0.470638, 0.881125
4021,-3.75542,2.8723,1.62727,0.0443788, 0.0125678, -0.469903, 0.881512
4022,-3.75327,2.87149,1.62693,0.0444222, 0.0127686, -0.469207, 0.881878
4023,-3.75112,2.87071,1.62658,0.0444695, 0.0129728, -0.468531, 0.882232
4024,-3.74895,2.86993,1.62622,0.0444988, 0.0131682, -0.467885, 0.88257
4025,-3.74678,2.86918,1.62587,0.0445148, 0.0133557, -0.467244, 0.882906
4026,-3.7446,2.86845,1.62551,0.0445214, 0.0135321, -0.466613, 0.883236
4027,-3.7494,2.8812,1.62655,0.0447988, 0.0135619, -0.467179, 0.882923
4028,-3.7473,2.88047,1.62616,0.0447903, 0.0137396, -0.466571, 0.883242
4029,-3.7452,2.87976,1.62576,0.0447571, 0.013924, -0.465991, 0.883547
4030,-3.74309,2.87907,1.62536,0.0447108, 0.0141028, -0.465436, 0.883839
4031,-3.74097,2.8784,1.62495,0.0446622, 0.0142668, -0.464894, 0.884124
4032,-3.73885,2.87775,1.62455,0.0445919, 0.0144307, -0.464367, 0.884402
4033,-3.73673,2.87712,1.62414,0.0445235, 0.0145948, -0.463865, 0.884666
4034,-3.7346,2.87651,1.62372,0.0444599, 0.014737, -0.463406, 0.884907
4035,-3.73247,2.87593,1.62331,0.0444131, 0.0148571, -0.462952, 0.885145
4036,-3.73034,2.87536,1.6229,0.0443677, 0.014944, -0.462515, 0.885375
4037,-3.72821,2.87481,1.62249,0.0443364, 0.0150238, -0.462119, 0.885581
4038,-3.73381,2.88907,1.62375,0.0445132, 0.0148935, -0.462795, 0.885222
4039,-3.73178,2.88854,1.62331,0.0444797, 0.0149516, -0.462431, 0.885412
4040,-3.72974,2.88802,1.62288,0.0444579, 0.0150041, -0.46208, 0.885596
4041,-3.72771,2.88753,1.62245,0.0444362, 0.0150462, -0.461769, 0.885758
4042,-3.72568,2.88705,1.62202,0.0444246, 0.0150783, -0.461489, 0.885905
4043,-3.72365,2.88659,1.6216,0.0444255, 0.0150989, -0.461234, 0.886037
4044,-3.72162,2.88615,1.62119,0.0444371, 0.0150948, -0.460989, 0.886164
4045,-3.7196,2.88573,1.62078,0.0444594, 0.0150662, -0.460757, 0.886284
4046,-3.72407,2.90067,1.62202,0.0444412, 0.0149487, -0.461102, 0.886107
4047,-3.72212,2.90031,1.6216,0.0444576, 0.0149007, -0.460911, 0.886207
4048,-3.72017,2.89997,1.62118,0.0444802, 0.0148302, -0.460725, 0.886304
4049,-3.71824,2.89965,1.62077,0.0445182, 0.0147232, -0.460576, 0.886381
4050,-3.71631,2.89935,1.62037,0.0445575, 0.0145718, -0.460423, 0.886461
4051,-3.71439,2.89907,1.61997,0.044637, 0.0143649, -0.460269, 0.88654
4052,-3.71249,2.89881,1.61958,0.0447251, 0.0141149, -0.460126, 0.886614
4053,-3.7106,2.89857,1.6192,0.0448419, 0.0138214, -0.459979, 0.886689
4054,-3.70873,2.89834,1.61882,0.0449593, 0.0134883, -0.45983, 0.886765
4055,-3.70687,2.89814,1.61846,0.0451011, 0.0131254, -0.459698, 0.886832
4056,-3.70502,2.89796,1.6181,0.0452484, 0.0127167, -0.459546, 0.886909
4057,-3.71068,2.91318,1.61926,0.0454509, 0.0123718, -0.460162, 0.886585
4058,-3.70895,2.91303,1.61888,0.0456243, 0.0119509, -0.460016, 0.886657
4059,-3.70723,2.9129,1.6185,0.0458131, 0.011494, -0.459846, 0.886742
4060,-3.70552,2.91279,1.61814,0.0460186, 0.0110093, -0.459686, 0.88682
4061,-3.70382,2.9127,1.6178,0.046239, 0.0104993, -0.459536, 0.886893
4062,-3.70213,2.91263,1.61747,0.0464745, 0.00994444, -0.459364, 0.886976
4063,-3.70044,2.91259,1.61714,0.0467085, 0.00935352, -0.459176, 0.887067
4064,-3.69876,2.91256,1.61683,0.0469355, 0.00872594, -0.458991, 0.887158
4065,-3.69708,2.91255,1.61653,0.04714, 0.0080723, -0.458804, 0.88725
4066,-3.69541,2.91257,1.61624,0.0473562, 0.00738491, -0.458601, 0.887349
4067,-3.69374,2.9126,1.61594,0.0475665, 0.00666631, -0.458404, 0.887445
4068,-3.701,2.92651,1.61731,0.0479268, 0.00631674, -0.458962, 0.88714
4069,-3.69945,2.92657,1.61699,0.0481494, 0.00558576, -0.458775, 0.887229
4070,-3.69791,2.92664,1.61667,0.048386, 0.00483452, -0.458569, 0.887327
4071,-3.69637,2.92673,1.61636,0.048607, 0.00407099, -0.458375, 0.887419
4072,-3.69483,2.92684,1.61606,0.0488456, 0.00329493, -0.458173, 0.887514
4073,-3.6933,2.92696,1.61576,0.0491008, 0.00251272, -0.457961, 0.887612
4074,-3.69176,2.9271,1.61547,0.0493488, 0.00171897, -0.457742, 0.887713
4075,-3.69807,2.9399,1.61684,0.0496417, 0.00144734, -0.457792, 0.887671
4076,-3.69662,2.94009,1.61654,0.0498833, 0.00064578, -0.457594, 0.887761
4077,-3.69516,2.94029,1.61625,0.0501399, -0.000152524, -0.457404, 0.887845
4078,-3.6937,2.94051,1.61597,0.0503789, -0.000967142, -0.457216, 0.887927
4079,-3.69222,2.94074,1.61569,0.0506204, -0.00177439, -0.457022, 0.888012
4080,-3.69074,2.94098,1.61542,0.0508425, -0.0026015, -0.456832, 0.888095
4081,-3.68924,2.94124,1.61515,0.0510718, -0.00342604, -0.456645, 0.888175
4082,-3.68773,2.94151,1.61489,0.0512958, -0.00424656, -0.456455, 0.888257
4083,-3.69395,2.95384,1.61629,0.0516402, -0.00444796, -0.456663, 0.888129
4084,-3.69251,2.95413,1.61601,0.0518484, -0.00527446, -0.456492, 0.8882
4085,-3.69107,2.95444,1.61574,0.0520659, -0.00607126, -0.45632, 0.88827
4086,-3.6896,2.95476,1.61547,0.0522857, -0.00686325, -0.456149, 0.88834
4087,-3.68813,2.95508,1.61521,0.0524653, -0.00765081, -0.456006, 0.888396
4088,-3.68663,2.95542,1.61496,0.0526405, -0.00840041, -0.455858, 0.888455
4089,-3.68511,2.95576,1.61471,0.0528039, -0.00914295, -0.455727, 0.888505
4090,-3.68357,2.95612,1.61447,0.0529469, -0.00987219, -0.455617, 0.888545
4091,-3.68201,2.95648,1.61424,0.0530617, -0.0105796, -0.455527, 0.888576
4092,-3.68043,2.95685,1.61401,0.0531598, -0.011282, -0.45543, 0.888612
4093,-3.67882,2.95723,1.61379,0.0532249, -0.0119698, -0.455343, 0.888643
4094,-3.68586,2.971,1.61536,0.053556, -0.0123455, -0.455939, 0.888312
4095,-3.68435,2.97138,1.6151,0.0535962, -0.0130242, -0.455891, 0.888325
4096,-3.68282,2.97178,1.61485,0.0536305, -0.0137023, -0.455851, 0.888333
4097,-3.68126,2.97218,1.61461,0.0536617, -0.0143568, -0.455828, 0.888333
4098,-3.67969,2.97258,1.61437,0.0536945, -0.0150017, -0.455824, 0.888322
4099,-3.6781,2.97299,1.61413,0.0537169, -0.0156581, -0.455816, 0.888313
4100,-3.67649,2.9734,1.6139,0.0537331, -0.0163348, -0.455836, 0.88829
4101,-3.67486,2.97381,1.61368,0.0537627, -0.016988, -0.455862, 0.888263
4102,-3.67322,2.97422,1.61347,0.0538109, -0.0176013, -0.455908, 0.888224
4103,-3.67155,2.97462,1.61328,0.0538369, -0.0181937, -0.455962, 0.888183
4104,-3.66987,2.97503,1.61309,0.0538753, -0.0187645, -0.456029, 0.888134
4105,-3.67718,2.99004,1.61492,0.0541124, -0.0190589, -0.456603, 0.887819
4106,-3.67559,2.99046,1.61472,0.0541355, -0.0196324, -0.456673, 0.887769
4107,-3.67398,2.99088,1.61452,0.0541681, -0.0202164, -0.456748, 0.887715
4108,-3.67234,2.9913,1.61434,0.0541889, -0.0207794, -0.456841, 0.887653
4109,-3.67788,3.00382,1.61611,0.0542865, -0.0207779, -0.45654, 0.887802
4110,-3.67629,3.0043,1.61593,0.0543016, -0.021338, -0.456631, 0.887741
4111,-3.67467,3.00478,1.61575,0.0543142, -0.0218797, -0.456712, 0.887685
4112,-3.67303,3.00526,1.61559,0.0542998, -0.0224038, -0.456803, 0.887626
4113,-3.67138,3.00574,1.61544,0.0542691, -0.0229043, -0.456916, 0.887557
4114,-3.67636,3.01638,1.61708,0.0545085, -0.0228418, -0.456817, 0.887595
4115,-3.67474,3.01689,1.61693,0.0544635, -0.0233238, -0.456919, 0.887533
4116,-3.67309,3.0174,1.61679,0.0544259, -0.0237734, -0.457044, 0.887459
4117,-3.67143,3.0179,1.61665,0.0543799, -0.0241755, -0.457186, 0.887378
4118,-3.66974,3.0184,1.61652,0.0543264, -0.0245601, -0.457328, 0.887297
4119,-3.66803,3.0189,1.61639,0.0542644, -0.0249089, -0.45747, 0.887218
4120,-3.66629,3.01938,1.61628,0.054194, -0.0252305, -0.457637, 0.887127
4121,-3.66454,3.01986,1.61616,0.0541258, -0.0255041, -0.4578, 0.88704
4122,-3.66276,3.02033,1.61606,0.0540356, -0.0257653, -0.457976, 0.886947
4123,-3.66096,3.0208,1.61596,0.0539267, -0.025996, -0.458151, 0.886856
4124,-3.65914,3.02126,1.61586,0.0538102, -0.0262155, -0.458324, 0.886768
4125,-3.66493,3.03294,1.61757,0.0541831, -0.026211, -0.459001, 0.886395
4126,-3.66318,3.03337,1.61745,0.0540791, -0.026423, -0.459177, 0.886303
4127,-3.66142,3.0338,1.61734,0.053956, -0.026617, -0.459362, 0.886209
4128,-3.65965,3.03422,1.61722,0.0538322, -0.0268096, -0.459542, 0.886118
4129,-3.65785,3.03463,1.61711,0.0536945, -0.0269882, -0.459732, 0.886022
4130,-3.65604,3.03503,1.61699,0.0535499, -0.0271543, -0.45992, 0.885928
4131,-3.65422,3.03542,1.61687,0.0534253, -0.0273021, -0.46011, 0.885832
4132,-3.65238,3.0358,1.61675,0.0533039, -0.0274321, -0.4603, 0.885737
4133,-3.65053,3.03617,1.61662,0.0532074, -0.0275433, -0.460491, 0.88564
4134,-3.64867,3.03652,1.61649,0.0531235, -0.0276356, -0.460699, 0.885534
4135,-3.64679,3.03686,1.61635,0.0530567, -0.0276924, -0.4609, 0.885432
4136,-3.65307,3.04967,1.61827,0.0533814, -0.0277363, -0.46146, 0.885119
4137,-3.65129,3.04999,1.6181,0.0533213, -0.0277801, -0.461658, 0.885018
4138,-3.6495,3.05029,1.61793,0.0532867, -0.0278151, -0.461869, 0.884909
4139,-3.64769,3.05058,1.61774,0.0532551, -0.027827, -0.462068, 0.884807
4140,-3.64588,3.05085,1.61755,0.0532184, -0.0278317, -0.462267, 0.884705
4141,-3.64405,3.0511,1.61735,0.0531868, -0.027835, -0.462461, 0.884605
4142,-3.64222,3.05134,1.61715,0.05315, -0.0278226, -0.462647, 0.88451
4143,-3.64743,3.06377,1.61904,0.0533845, -0.0277707, -0.462683, 0.884479
4144,-3.64566,3.06402,1.61881,0.0533497, -0.02774, -0.462884, 0.884377
4145,-3.64388,3.06426,1.61858,0.0533256, -0.0277174, -0.463074, 0.88428
4146,-3.64208,3.06449,1.61833,0.0533127, -0.0276708, -0.46326, 0.884185
4147,-3.64028,3.0647,1.61809,0.0532919, -0.0276075, -0.463434, 0.884097
4148,-3.63846,3.06489,1.61784,0.0532757, -0.0275413, -0.463617, 0.884004
4149,-3.63664,3.06508,1.61759,0.0532309, -0.027461, -0.46379, 0.883918
4150,-3.63479,3.06524,1.61734,0.0531727, -0.0273689, -0.463966, 0.883832
4151,-3.64002,3.07677,1.61912,0.0534288, -0.0272779, -0.464133, 0.883732
4152,-3.63824,3.07694,1.61885,0.053357, -0.0271857, -0.464295, 0.883654
4153,-3.63644,3.0771,1.61859,0.0532503, -0.0270831, -0.464434, 0.88359
4154,-3.63462,3.07725,1.61833,0.0531472, -0.0269937, -0.464562, 0.883532
4155,-3.63278,3.07739,1.61808,0.0530195, -0.0269055, -0.464665, 0.883488
4156,-3.63093,3.07751,1.61783,0.0528677, -0.0267999, -0.464789, 0.883435
4157,-3.62907,3.07763,1.61758,0.0527189, -0.026689, -0.464906, 0.883386
4158,-3.62719,3.07773,1.61735,0.0525531, -0.0265902, -0.465023, 0.883337
4159,-3.6253,3.07782,1.61711,0.0523953, -0.0264991, -0.465114, 0.883302
4160,-3.62339,3.0779,1.61689,0.0522363, -0.0264131, -0.465188, 0.883274
4161,-3.62148,3.07796,1.61667,0.0520923, -0.0263415, -0.465257, 0.883249
4162,-3.62789,3.08937,1.61845,0.0525041, -0.0263126, -0.465748, 0.882967
4163,-3.62607,3.08941,1.61821,0.0523784, -0.026249, -0.465795, 0.882951
4164,-3.62424,3.08943,1.61798,0.0522518, -0.0261929, -0.465836, 0.882938
4165,-3.62241,3.08943,1.61775,0.0521496, -0.0261391, -0.465877, 0.882924
4166,-3.62056,3.08941,1.61754,0.0520768, -0.026095, -0.465895, 0.882921
4167,-3.61871,3.08938,1.61732,0.0520398, -0.0260515, -0.465893, 0.882925
4168,-3.61686,3.08932,1.61712,0.0520284, -0.0260221, -0.465884, 0.882931
4169,-3.61499,3.08925,1.61692,0.0520436, -0.0259766, -0.465873, 0.882938
4170,-3.61312,3.08916,1.61673,0.0520764, -0.0259433, -0.465842, 0.882953
4171,-3.61124,3.08905,1.61655,0.0521312, -0.0258969, -0.465799, 0.882974
4172,-3.60935,3.08893,1.61638,0.0522057, -0.0258473, -0.465736, 0.883004
4173,-3.60744,3.08879,1.61622,0.0522761, -0.0257971, -0.465652, 0.883046
4174,-3.60553,3.08864,1.61606,0.0523264, -0.0257366, -0.465543, 0.883102
4175,-3.60359,3.08847,1.61591,0.0523676, -0.0256707, -0.465423, 0.883165
4176,-3.61124,3.10273,1.61782,0.0527003, -0.025818, -0.466099, 0.882784
4177,-3.60942,3.10254,1.61763,0.0527264, -0.0257496, -0.465948, 0.882864
4178,-3.60758,3.10234,1.61746,0.052733, -0.0256756, -0.465795, 0.882947
4179,-3.60573,3.10213,1.61728,0.0527035, -0.0255873, -0.4656, 0.883054
4180,-3.60385,3.10192,1.6171,0.0526521, -0.0254981, -0.465383, 0.883174
4181,-3.60196,3.1017,1.61691,0.0525772, -0.0253935, -0.465147, 0.883306
4182,-3.60005,3.10148,1.61673,0.0524792, -0.0252702, -0.464899, 0.883446
4183,-3.59812,3.10125,1.61654,0.0523695, -0.0251262, -0.464644, 0.88359
4184,-3.59618,3.10101,1.61635,0.0522509, -0.0249593, -0.464393, 0.883734
4185,-3.59422,3.10078,1.61616,0.0521357, -0.0247742, -0.464145, 0.883876
4186,-3.59224,3.10053,1.61596,0.0520015, -0.024577, -0.463886, 0.884026
4187,-3.59983,3.11588,1.61811,0.05214, -0.0247665, -0.464181, 0.883858
4188,-3.59794,3.11565,1.61788,0.0520201, -0.0245536, -0.463908, 0.884014
4189,-3.59605,3.11542,1.61766,0.0518873, -0.0243308, -0.463619, 0.88418
4190,-3.59413,3.11518,1.61743,0.0517581, -0.0241071, -0.463305, 0.884358
4191,-3.5922,3.11493,1.6172,0.0516429, -0.0238968, -0.46299, 0.884535
4192,-3.59026,3.11467,1.61696,0.0515185, -0.0236869, -0.462666, 0.884717
4193,-3.58831,3.11441,1.61672,0.0513914, -0.0234937, -0.46232, 0.884911
4194,-3.58634,3.11414,1.61648,0.0512725, -0.0233048, -0.461973, 0.885104
4195,-3.58436,3.11387,1.61623,0.0511297, -0.0231133, -0.461594, 0.885315
4196,-3.58236,3.11359,1.61598,0.0509832, -0.0229316, -0.461198, 0.885534
4197,-3.58035,3.11331,1.61573,0.0508352, -0.0227386, -0.460802, 0.885754
4198,-3.58782,3.12919,1.61784,0.0508832, -0.0228711, -0.460905, 0.885694
4199,-3.58589,3.12894,1.61756,0.0507261, -0.0226812, -0.460484, 0.885927
4200,-3.58396,3.12868,1.61728,0.050556, -0.0224675, -0.460049, 0.886168
4201,-3.582,3.12843,1.617,0.0503493, -0.0222464, -0.459578, 0.88643
4202,-3.58002,3.12817,1.61671,0.0501174, -0.0220076, -0.459109, 0.886692
4203,-3.57803,3.12791,1.61641,0.0498781, -0.0217311, -0.458609, 0.886971
4204,-3.57601,3.12765,1.61612,0.0496248, -0.021453, -0.458093, 0.887258
4205,-3.57398,3.12738,1.61582,0.0493822, -0.0211684, -0.457577, 0.887545
4206,-3.57192,3.12712,1.61553,0.0491375, -0.0208736, -0.457039, 0.887843
4207,-3.56985,3.12685,1.61523,0.0489055, -0.0205802, -0.45649, 0.888145
4208,-3.56776,3.12657,1.61494,0.0486924, -0.0202851, -0.455931, 0.888451
4209,-3.57531,3.1422,1.61725,0.0488214, -0.020423, -0.456097, 0.888355
4210,-3.57331,3.14195,1.61694,0.0486227, -0.0201637, -0.455539, 0.888658
4211,-3.5713,3.14168,1.61664,0.0484719, -0.0199104, -0.454967, 0.888965
4212,-3.56928,3.14141,1.61635,0.0483551, -0.0196516, -0.454399, 0.889268
4213,-3.56725,3.14112,1.61605,0.0482805, -0.019395, -0.45383, 0.889568
4214,-3.57331,3.15335,1.61827,0.0484207, -0.0193641, -0.453477, 0.889741
4215,-3.57133,3.1531,1.61799,0.0483834, -0.0191047, -0.452898, 0.890043
4216,-3.56934,3.15284,1.61771,0.0483915, -0.0188523, -0.452338, 0.890333
4217,-3.56734,3.15257,1.61743,0.0484427, -0.0185856, -0.45178, 0.890619
4218,-3.57201,3.1616,1.61919,0.0487555, -0.0183053, -0.451194, 0.890905
4219,-3.57004,3.16135,1.61892,0.0488293, -0.018041, -0.450638, 0.891188
4220,-3.56806,3.1611,1.61865,0.0489108, -0.0177792, -0.450082, 0.89147
4221,-3.56606,3.16082,1.6184,0.0489982, -0.0175174, -0.449524, 0.891751
4222,-3.56405,3.16054,1.61815,0.0490971, -0.0172684, -0.448951, 0.89204
4223,-3.56202,3.16026,1.6179,0.0491895, -0.0170081, -0.448409, 0.892312
4224,-3.55997,3.15997,1.61765,0.0492548, -0.0167574, -0.447854, 0.892592
4225,-3.5579,3.15968,1.61741,0.04933, -0.0164989, -0.44729, 0.892875
4226,-3.55582,3.15939,1.61716,0.0493876, -0.0162398, -0.446737, 0.893153
4227,-3.55371,3.1591,1.61691,0.0494171, -0.0159776, -0.446176, 0.893437
4228,-3.55159,3.15882,1.61666,0.0494265, -0.0157231, -0.445594, 0.893732
4229,-3.55665,3.16773,1.6181,0.0499789, -0.0153846, -0.445731, 0.893638
4230,-3.55459,3.16741,1.61782,0.0499704, -0.0151218, -0.445166, 0.893925
4231,-3.55251,3.16709,1.61754,0.0499272, -0.0148545, -0.444589, 0.894219
4232,-3.55041,3.16678,1.61726,0.0498714, -0.0145766, -0.444008, 0.894515
4233,-3.54828,3.16648,1.61698,0.0498042, -0.0142947, -0.443425, 0.894812
4234,-3.54614,3.16618,1.6167,0.0497125, -0.0140051, -0.442844, 0.89511
4235,-3.54398,3.16588,1.61641,0.0496175, -0.0137163, -0.442271, 0.895403
4236,-3.54179,3.16558,1.61613,0.0495104, -0.0134218, -0.441693, 0.895698
4237,-3.53958,3.16528,1.61584,0.0494074, -0.0131279, -0.441114, 0.895994
4238,-3.53736,3.16499,1.61555,0.0492996, -0.0128319, -0.440531, 0.896291
4239,-3.53511,3.16469,1.61526,0.0491839, -0.0125215, -0.439949, 0.896587
4240,-3.54068,3.1746,1.61683,0.0496535, -0.0123206, -0.440169, 0.896456
4241,-3.5385,3.17427,1.61651,0.0495488, -0.0120005, -0.439595, 0.896748
4242,-3.53631,3.17395,1.61619,0.0494506, -0.0116915, -0.439012, 0.897043
4243,-3.5341,3.17362,1.61587,0.0493441, -0.0113903, -0.438428, 0.897339
4244,-3.53187,3.1733,1.61554,0.0492489, -0.011087, -0.437848, 0.89763
4245,-3.52963,3.17297,1.61521,0.0491471, -0.0107972, -0.437263, 0.897925
4246,-3.52737,3.17264,1.61488,0.0490442, -0.0105192, -0.436666, 0.898224
4247,-3.5251,3.17231,1.61454,0.0489432, -0.010241, -0.436042, 0.898536
4248,-3.53025,3.18207,1.61613,0.0492867, -0.0100551, -0.435895, 0.898591
4249,-3.52803,3.18174,1.61577,0.0491763, -0.00979094, -0.435259, 0.898908
4250,-3.52581,3.18142,1.6154,0.0490692, -0.00952027, -0.434611, 0.89923
4251,-3.52358,3.1811,1.61504,0.0489402, -0.00926159, -0.433956, 0.899556
4252,-3.52133,3.18078,1.61467,0.0488266, -0.00902044, -0.433281, 0.89989
4253,-3.51907,3.18046,1.61429,0.0487017, -0.00878143, -0.432603, 0.900226
4254,-3.5168,3.18015,1.61392,0.048567, -0.00858523, -0.431896, 0.900574
4255,-3.51452,3.17984,1.61354,0.0484244, -0.00839421, -0.431161, 0.900935
4256,-3.51222,3.17953,1.61316,0.0482703, -0.00821563, -0.430398, 0.90131
4257,-3.50992,3.17922,1.61278,0.0480911, -0.00804737, -0.429608, 0.901698
4258,-3.5076,3.17892,1.61238,0.0479148, -0.00788853, -0.428806, 0.902091
4259,-3.51313,3.18988,1.61411,0.0482379, -0.00775298, -0.428756, 0.902098
4260,-3.51088,3.18956,1.61369,0.0480556, -0.00759895, -0.427928, 0.902502
4261,-3.50863,3.18924,1.61326,0.0478756, -0.00744991, -0.427082, 0.902914
4262,-3.50636,3.18892,1.61282,0.0476869, -0.00729177, -0.426221, 0.903332
4263,-3.50408,3.1886,1.61238,0.0475069, -0.00712823, -0.425343, 0.903756
4264,-3.50179,3.18828,1.61192,0.0473485, -0.00696299, -0.424442, 0.904189
4265,-3.49949,3.18795,1.61147,0.0472003, -0.00681118, -0.423518, 0.904631
4266,-3.49718,3.18762,1.611,0.047051, -0.00665049, -0.422558, 0.905089
4267,-3.49486,3.18728,1.61053,0.0469129, -0.00649795, -0.421572, 0.905557
4268,-3.49253,3.18694,1.61006,0.0467744, -0.00634385, -0.420558, 0.906037
4269,-3.49019,3.1866,1.60958,0.0466264, -0.00619147, -0.419539, 0.906518
4270,-3.49613,3.19882,1.61134,0.0468753, -0.00615885, -0.419619, 0.906468
4271,-3.49387,3.19847,1.61083,0.0467386, -0.00601502, -0.41857, 0.906961
4272,-3.4916,3.19811,1.61032,0.0466249, -0.00586948, -0.417504, 0.907459
4273,-3.48932,3.19775,1.60982,0.0465193, -0.00572218, -0.416431, 0.907958
4274,-3.48703,3.19738,1.60931,0.0464391, -0.00556206, -0.415323, 0.908471
4275,-3.48472,3.19699,1.6088,0.0463706, -0.00541091, -0.414228, 0.908975
4276,-3.48241,3.1966,1.6083,0.0463266, -0.00523939, -0.413093, 0.909495
4277,-3.48731,3.20827,1.61021,0.046522, -0.00513492, -0.412615, 0.909702
4278,-3.48504,3.2079,1.6097,0.0464864, -0.0049348, -0.411488, 0.910215
4279,-3.48276,3.20752,1.60919,0.0465028, -0.00472281, -0.410365, 0.910723
4280,-3.48047,3.20713,1.60869,0.0465741, -0.00452196, -0.409224, 0.911233
4281,-3.47816,3.20672,1.6082,0.0466945, -0.00429917, -0.408084, 0.911739
4282,-3.47584,3.20631,1.60773,0.0468271, -0.00408477, -0.406945, 0.912243
4283,-3.47351,3.20588,1.60727,0.0469889, -0.00386927, -0.405823, 0.912735
4284,-3.47116,3.20545,1.60684,0.0471525, -0.00364737, -0.404672, 0.913238
4285,-3.47612,3.22102,1.6094,0.0469635, -0.00365603, -0.404637, 0.913263
4286,-3.47382,3.22064,1.60898,0.0471609, -0.00344556, -0.403494, 0.91376
4287,-3.47151,3.22026,1.60857,0.0473739, -0.00324898, -0.402355, 0.914251
4288,-3.46919,3.21987,1.60819,0.0475963, -0.00306422, -0.401209, 0.914744
4289,-3.46684,3.21948,1.60783,0.0478359, -0.00290255, -0.400071, 0.91523
4290,-3.46449,3.21909,1.60748,0.048066, -0.00275566, -0.398933, 0.915715
4291,-3.46211,3.21871,1.60716,0.0483006, -0.00261431, -0.39781, 0.916192
4292,-3.45973,3.21832,1.60686,0.0485358, -0.00248451, -0.396692, 0.916664
4293,-3.45732,3.21794,1.60658,0.0487729, -0.00235725, -0.395569, 0.917137
4294,-3.45491,3.21757,1.60631,0.0490189, -0.0022416, -0.394464, 0.9176
4295,-3.45247,3.21719,1.60605,0.0492908, -0.00211839, -0.393382, 0.91805
4296,-3.45822,3.2347,1.60898,0.0492339, -0.00222927, -0.393348, 0.918068
4297,-3.45586,3.23437,1.60872,0.0495288, -0.00211619, -0.392261, 0.918517
4298,-3.45348,3.23405,1.60849,0.0498579, -0.00199669, -0.391186, 0.918958
4299,-3.45109,3.23373,1.60827,0.0501956, -0.00188379, -0.390111, 0.919396
4300,-3.44868,3.23341,1.60807,0.0505616, -0.00177535, -0.389042, 0.91983
4301,-3.44626,3.23309,1.60788,0.050942, -0.00167082, -0.387959, 0.920266
4302,-3.44382,3.23278,1.60772,0.051328, -0.00158159, -0.386852, 0.920711
4303,-3.44137,3.23247,1.60758,0.0517049, -0.00151036, -0.385743, 0.921155
4304,-3.43889,3.23216,1.60745,0.0520929, -0.00144803, -0.38461, 0.921607
4305,-3.4364,3.23187,1.60734,0.0524874, -0.00139489, -0.383464, 0.922062
4306,-3.43389,3.23159,1.60724,0.0528535, -0.00134945, -0.38228, 0.922533
4307,-3.44027,3.24633,1.60973,0.0529809, -0.00142963, -0.38243, 0.922463
4308,-3.43783,3.24608,1.60963,0.0533315, -0.00138641, -0.381251, 0.922931
4309,-3.43537,3.24584,1.60954,0.0536665, -0.00133735, -0.380037, 0.923412
4310,-3.43289,3.24562,1.60946,0.0539799, -0.00128227, -0.378799, 0.923903
4311,-3.43039,3.2454,1.6094,0.0542765, -0.00122004, -0.37754, 0.9244
4312,-3.43578,3.25754,1.6115,0.0543002, -0.00118362, -0.377322, 0.924488
4313,-3.43331,3.2574,1.61144,0.0545711, -0.00111507, -0.37604, 0.924994
4314,-3.43083,3.25727,1.61139,0.0548122, -0.00103581, -0.374736, 0.925509
4315,-3.42832,3.25716,1.61135,0.0550159, -0.00095439, -0.373407, 0.926034
4316,-3.43247,3.26721,1.61322,0.0551702, -0.000757874, -0.372801, 0.926269
4317,-3.42999,3.26716,1.61318,0.0553652, -0.000669588, -0.37148, 0.926789
4318,-3.42748,3.26713,1.61315,0.0555424, -0.000587352, -0.370131, 0.927318
4319,-3.42495,3.26711,1.61311,0.0557129, -0.000511193, -0.368779, 0.927846
4320,-3.42242,3.26709,1.61308,0.0558822, -0.00043131, -0.36741, 0.928379
4321,-3.41986,3.26709,1.61304,0.0560344, -0.000354995, -0.366036, 0.928912
4322,-3.4173,3.2671,1.613,0.0561939, -0.000283021, -0.364638, 0.929452
4323,-3.41472,3.26711,1.61296,0.05635, -0.000201941, -0.363226, 0.929995
4324,-3.41891,3.27691,1.61464,0.0566587, 3.78795e-05, -0.363155, 0.930004
4325,-3.41637,3.27693,1.61458,0.0568255, 0.000135371, -0.361757, 0.930539
4326,-3.41383,3.27696,1.61453,0.0570217, 0.000234859, -0.360345, 0.931074
4327,-3.41127,3.277,1.61448,0.0572245, 0.000333874, -0.358944, 0.931603
4328,-3.4087,3.27704,1.61444,0.0574049, 0.000438977, -0.357501, 0.932147
4329,-3.40612,3.27709,1.6144,0.0575713, 0.000556852, -0.356062, 0.932687
4330,-3.40352,3.27715,1.61437,0.0577254, 0.000652722, -0.354607, 0.933232
4331,-3.40727,3.28684,1.61605,0.0579596, 0.000901934, -0.354347, 0.933316
4332,-3.40471,3.28692,1.61601,0.0580715, 0.000988181, -0.35285, 0.933876
4333,-3.40213,3.28701,1.61599,0.0581539, 0.00107497, -0.351342, 0.934439
4334,-3.39954,3.28712,1.61597,0.0582092, 0.0011607, -0.349814, 0.935008
4335,-3.39693,3.28723,1.61595,0.0582452, 0.0012352, -0.348264, 0.935585
4336,-3.39432,3.28736,1.61594,0.0582679, 0.0013082, -0.346701, 0.936163
4337,-3.39169,3.2875,1.61593,0.0582807, 0.00137626, -0.345115, 0.936748
4338,-3.38906,3.28765,1.61593,0.0582761, 0.00144328, -0.343522, 0.937334
4339,-3.39287,3.29738,1.61772,0.0585141, 0.00168158, -0.343394, 0.937365
4340,-3.39028,3.29754,1.61771,0.058525, 0.00173874, -0.341785, 0.937953
4341,-3.38768,3.29771,1.61771,0.0585377, 0.00180524, -0.340176, 0.938536
4342,-3.38509,3.29789,1.61771,0.0585493, 0.00185321, -0.33856, 0.93912
4343,-3.38248,3.29807,1.61773,0.0585824, 0.00189127, -0.336955, 0.939695
4344,-3.37988,3.29826,1.61776,0.0586197, 0.00192253, -0.335356, 0.940264
4345,-3.37728,3.29845,1.61779,0.0586623, 0.00192781, -0.333734, 0.940838
4346,-3.37467,3.29864,1.61783,0.0587153, 0.00191585, -0.332122, 0.941405
4347,-3.3786,3.30848,1.61956,0.0589454, 0.00211593, -0.332035, 0.941421
4348,-3.37604,3.30868,1.61959,0.0590025, 0.00209074, -0.330419, 0.941986
4349,-3.37349,3.30888,1.61963,0.0590761, 0.00205765, -0.328816, 0.942542
4350,-3.37095,3.30908,1.61967,0.0591499, 0.00201733, -0.327211, 0.943096
4351,-3.3684,3.30928,1.61972,0.0592288, 0.0019678, -0.3256, 0.943649
4352,-3.36586,3.30948,1.61978,0.0592893, 0.00189413, -0.323998, 0.944196
4353,-3.36331,3.30969,1.61984,0.0593382, 0.00181489, -0.322378, 0.944748
4354,-3.36685,3.31964,1.62151,0.0594927, 0.00202252, -0.322112, 0.944828
4355,-3.36435,3.31987,1.62156,0.0595111, 0.00194311, -0.320483, 0.945381
4356,-3.36185,3.3201,1.62162,0.0594806, 0.00186517, -0.318861, 0.945931
4357,-3.35936,3.32035,1.62167,0.059431, 0.00179209, -0.317213, 0.946488
4358,-3.35686,3.3206,1.62172,0.0593397, 0.00171169, -0.315562, 0.947046
4359,-3.35437,3.32085,1.62176,0.0592078, 0.00162697, -0.313896, 0.947608
4360,-3.35188,3.32112,1.6218,0.0590371, 0.00153895, -0.312218, 0.948173
4361,-3.34939,3.32139,1.62184,0.0588373, 0.00144692, -0.310525, 0.948741
4362,-3.35309,3.33149,1.6235,0.0590041, 0.00163207, -0.310383, 0.948777
4363,-3.35065,3.33178,1.62351,0.0587753, 0.00154929, -0.308689, 0.949344
4364,-3.34821,3.33208,1.6235,0.058525, 0.00145996, -0.306981, 0.949913
4365,-3.34578,3.33237,1.62349,0.0582618, 0.00137353, -0.305252, 0.950487
4366,-3.34336,3.33267,1.62347,0.0579802, 0.00130772, -0.303511, 0.951061
4367,-3.34094,3.33297,1.62343,0.0576895, 0.00123953, -0.301753, 0.951638
4368,-3.33853,3.33326,1.62337,0.05738, 0.00118727, -0.299997, 0.952212
4369,-3.33613,3.33355,1.62331,0.0570765, 0.00113506, -0.298204, 0.952793
4370,-3.33374,3.33383,1.62323,0.0567935, 0.00110297, -0.296388, 0.953377
4371,-3.33137,3.33411,1.62313,0.056509, 0.00106804, -0.294586, 0.953952
4372,-3.329,3.33437,1.62303,0.0562347, 0.0010431, -0.292771, 0.954527
4373,-3.33339,3.34623,1.62469,0.0563114, 0.00117296, -0.292575, 0.954582
4374,-3.33109,3.34649,1.62454,0.0560464, 0.00114381, -0.290715, 0.955166
4375,-3.32881,3.34673,1.62439,0.0558016, 0.00110644, -0.288819, 0.955756
4376,-3.32655,3.34696,1.62422,0.0555535, 0.00107188, -0.286906, 0.956346
4377,-3.3243,3.34719,1.62405,0.0553157, 0.00103758, -0.284956, 0.956943
4378,-3.32206,3.3474,1.62387,0.0550862, 0.000999566, -0.283008, 0.957534
4379,-3.31985,3.3476,1.62368,0.0548589, 0.000949583, -0.281032, 0.958129
4380,-3.31765,3.3478,1.62348,0.0546377, 0.000875953, -0.279014, 0.958731
4381,-3.31546,3.34798,1.62328,0.0544051, 0.000796314, -0.276979, 0.959334
4382,-3.31329,3.34816,1.62307,0.0541581, 0.000708225, -0.274893, 0.959948
4383,-3.31113,3.34833,1.62286,0.0538907, 0.000620777, -0.272788, 0.960563
4384,-3.31631,3.36404,1.62518,0.0536507, 0.000603799, -0.273059, 0.9605
4385,-3.31423,3.36424,1.62495,0.0533934, 0.000527914, -0.270929, 0.961117
4386,-3.31216,3.36444,1.62471,0.0531173, 0.000458793, -0.268775, 0.961737
4387,-3.31011,3.36463,1.62448,0.0528371, 0.000399855, -0.26661, 0.962355
4388,-3.30806,3.36482,1.62424,0.0525614, 0.000353023, -0.264436, 0.96297
4389,-3.30603,3.365,1.62402,0.0522877, 0.000332704, -0.262226, 0.963589
4390,-3.30401,3.36517,1.6238,0.0520109, 0.000326056, -0.259998, 0.964207
4391,-3.302,3.36534,1.62358,0.0517553, 0.000331285, -0.257737, 0.964828
4392,-3.30736,3.38002,1.62583,0.0515832, 0.000299347, -0.25755, 0.964887
4393,-3.30542,3.38023,1.62562,0.0513384, 0.000320448, -0.255273, 0.965505
4394,-3.30348,3.38044,1.62541,0.0511112, 0.000351336, -0.252982, 0.96612
4395,-3.30156,3.38065,1.62522,0.0509042, 0.000391448, -0.250678, 0.966731
4396,-3.30607,3.39052,1.62674,0.0510241, 0.000485404, -0.250474, 0.966778
4397,-3.30419,3.39076,1.62655,0.0508458, 0.00053497, -0.248157, 0.967384
4398,-3.30232,3.391,1.62638,0.0506786, 0.000601392, -0.245821, 0.967989
4399,-3.30045,3.39122,1.62622,0.0505375, 0.000674875, -0.243485, 0.968587
4400,-3.30406,3.39972,1.62745,0.0506516, 0.000828405, -0.242823, 0.968747
4401,-3.30223,3.39998,1.6273,0.0505282, 0.000912145, -0.240485, 0.969337
4402,-3.30041,3.40023,1.62717,0.0504243, 0.000981468, -0.238146, 0.969919
4403,-3.29859,3.40048,1.62704,0.0503284, 0.001052, -0.235816, 0.970493
4404,-3.29678,3.40072,1.62692,0.0502258, 0.0011243, -0.233489, 0.971061
4405,-3.29498,3.40096,1.62681,0.050127, 0.00117373, -0.231161, 0.971623
4406,-3.29319,3.40121,1.62671,0.0500189, 0.00121447, -0.228836, 0.972178
4407,-3.29141,3.40145,1.6266,0.049897, 0.00123344, -0.226529, 0.972725
4408,-3.29525,3.40949,1.62778,0.050278, 0.00145209, -0.226439, 0.972726
4409,-3.29351,3.40973,1.62766,0.0501479, 0.00142939, -0.224152, 0.973262
4410,-3.29178,3.40997,1.62754,0.0499996, 0.00140497, -0.221858, 0.973795
4411,-3.29006,3.41021,1.62742,0.0498161, 0.00137956, -0.219601, 0.974316
4412,-3.28835,3.41046,1.6273,0.0496125, 0.00134596, -0.217363, 0.974828
4413,-3.28665,3.41071,1.62717,0.0494297, 0.00132221, -0.215142, 0.97533
4414,-3.28496,3.41097,1.62705,0.0492313, 0.00129191, -0.212939, 0.975824
4415,-3.28327,3.41124,1.62694,0.0490154, 0.00127071, -0.21076, 0.976307
4416,-3.28713,3.41951,1.62802,0.0493511, 0.00147048, -0.210739, 0.976295
4417,-3.28548,3.41977,1.62789,0.0491266, 0.00144901, -0.208612, 0.976763
4418,-3.28383,3.42003,1.62777,0.0488831, 0.00144871, -0.206501, 0.977223
4419,-3.28217,3.42031,1.62766,0.048596, 0.00147646, -0.204412, 0.977677
4420,-3.28051,3.42059,1.62756,0.0482832, 0.00152045, -0.20235, 0.978121
4421,-3.27885,3.42087,1.62745,0.0479255, 0.00160101, -0.200345, 0.978551
4422,-3.28221,3.42927,1.62859,0.0481202, 0.00182561, -0.199946, 0.978623
4423,-3.28057,3.42958,1.62848,0.0477541, 0.00193933, -0.197981, 0.97904
4424,-3.27893,3.42989,1.62837,0.0473818, 0.00205139, -0.196041, 0.979448
4425,-3.27729,3.4302,1.62826,0.0470076, 0.00217837, -0.194148, 0.979843
4426,-3.27566,3.43052,1.62815,0.0466373, 0.00228652, -0.192277, 0.980229
4427,-3.27402,3.43083,1.62804,0.0462692, 0.00240741, -0.190425, 0.980608
4428,-3.27239,3.43115,1.62793,0.0459032, 0.00252185, -0.188619, 0.980974
4429,-3.27077,3.43147,1.62782,0.0455698, 0.00263894, -0.18683, 0.981331
4430,-3.27434,3.44018,1.62895,0.0458212, 0.00283063, -0.186741, 0.981336
4431,-3.27276,3.44049,1.62882,0.0454936, 0.00292822, -0.184975, 0.981685
4432,-3.27118,3.44079,1.6287,0.045194, 0.00300315, -0.183214, 0.982029
4433,-3.26962,3.4411,1.62858,0.0449147, 0.00306632, -0.181486, 0.982362
4434,-3.26807,3.44139,1.62846,0.0446695, 0.003125, -0.179769, 0.982689
4435,-3.26653,3.44169,1.62834,0.0444385, 0.00316056, -0.178079, 0.983007
4436,-3.26501,3.44198,1.62823,0.0442327, 0.00318018, -0.176406, 0.983318
4437,-3.2635,3.44227,1.62812,0.0440494, 0.00317634, -0.174754, 0.983621
4438,-3.26734,3.45134,1.62935,0.0442836, 0.00332859, -0.174757, 0.98361
4439,-3.26587,3.45162,1.62923,0.0441095, 0.00331462, -0.173105, 0.98391
4440,-3.26442,3.45191,1.62911,0.0439404, 0.00327723, -0.171464, 0.984205
4441,-3.26298,3.4522,1.629,0.0437853, 0.00322024, -0.169832, 0.984495
4442,-3.26155,3.45248,1.62888,0.0436228, 0.00314419, -0.168199, 0.984782
4443,-3.26013,3.45277,1.62877,0.0434686, 0.0030624, -0.166561, 0.985068
4444,-3.25873,3.45306,1.62866,0.0433123, 0.00297851, -0.16496, 0.985344
4445,-3.26248,3.46231,1.62993,0.0434987, 0.003113, -0.164789, 0.985364
4446,-3.26111,3.46261,1.62981,0.0433359, 0.00303044, -0.1632, 0.985636
4447,-3.25975,3.46292,1.62968,0.0431779, 0.00293784, -0.161616, 0.985904
4448,-3.25839,3.46323,1.62955,0.0430314, 0.00284267, -0.160048, 0.986167
4449,-3.25705,3.46354,1.62943,0.0428929, 0.00274821, -0.158495, 0.986424
4450,-3.25571,3.46386,1.62931,0.042751, 0.00263427, -0.156947, 0.986678
4451,-3.25437,3.46418,1.62918,0.0426228, 0.00252258, -0.155409, 0.986927
4452,-3.25305,3.4645,1.62905,0.0425024, 0.00240188, -0.153878, 0.987172
4453,-3.25711,3.47643,1.63078,0.0424323, 0.00246512, -0.15401, 0.987155
4454,-3.25582,3.47678,1.63064,0.042323, 0.0023477, -0.152498, 0.987394
4455,-3.25454,3.47714,1.63049,0.0422348, 0.00221072, -0.150985, 0.987631
4456,-3.25326,3.47749,1.63034,0.0421904, 0.00207999, -0.14949, 0.987861
4457,-3.25199,3.47785,1.63019,0.0421618, 0.0019484, -0.148, 0.988086
4458,-3.25072,3.4782,1.63003,0.0421239, 0.00179876, -0.146496, 0.988312
4459,-3.24946,3.47856,1.62987,0.0421089, 0.00164237, -0.145008, 0.988533
4460,-3.24821,3.47891,1.62971,0.042116, 0.00149035, -0.14351, 0.988751
4461,-3.25268,3.49059,1.63155,0.0421405, 0.00151447, -0.143566, 0.988742
4462,-3.25146,3.49098,1.63137,0.0421338, 0.00136076, -0.142077, 0.988958
4463,-3.25024,3.49136,1.63118,0.0421274, 0.00120974, -0.140589, 0.989171
4464,-3.24902,3.49176,1.63099,0.0420997, 0.00106061, -0.139105, 0.989382
4465,-3.2478,3.49216,1.6308,0.0420592, 0.000917293, -0.137621, 0.989591
4466,-3.24659,3.49256,1.6306,0.0419966, 0.000780281, -0.13615, 0.989797
4467,-3.24537,3.49298,1.6304,0.0419172, 0.000639411, -0.134692, 0.99
4468,-3.24993,3.50174,1.63179,0.0421721, 0.000683226, -0.13457, 0.990006
4469,-3.24874,3.50218,1.63157,0.0420848, 0.000543044, -0.133111, 0.990207
4470,-3.24755,3.50262,1.63134,0.0419625, 0.000403461, -0.131652, 0.990407
4471,-3.24635,3.50308,1.63112,0.04184, 0.000282745, -0.130192, 0.990606
4472,-3.24516,3.50354,1.63088,0.0416974, 0.000163756, -0.128743, 0.990801
4473,-3.24944,3.51119,1.63209,0.0419925, 0.000232508, -0.128729, 0.99079
4474,-3.24827,3.51168,1.63184,0.0418484, 0.000111937, -0.127279, 0.990984
4475,-3.2471,3.51217,1.63159,0.041697, -2.16973e-06, -0.125833, 0.991175
4476,-3.24592,3.51268,1.63133,0.0415262, -0.000119087, -0.124422, 0.99136
4477,-3.24966,3.51956,1.63239,0.0418046, -3.8247e-05, -0.124019, 0.991399
4478,-3.24851,3.52009,1.63212,0.0416438, -0.000140668, -0.12261, 0.991581
4479,-3.24735,3.52062,1.63185,0.0414873, -0.000227948, -0.121221, 0.991758
4480,-3.2462,3.52117,1.63157,0.0412947, -0.000313569, -0.119832, 0.991935
4481,-3.24504,3.52171,1.63129,0.0410909, -0.000391258, -0.11847, 0.992107
4482,-3.24388,3.52227,1.631,0.0408565, -0.000454918, -0.117101, 0.992279
4483,-3.24272,3.52283,1.63071,0.0406168, -0.000505364, -0.115743, 0.992448
4484,-3.24156,3.5234,1.63041,0.0403588, -0.000562081, -0.11441, 0.992613
4485,-3.24545,3.53064,1.6314,0.0407196, -0.000430806, -0.114554, 0.992582
4486,-3.24431,3.5312,1.63109,0.0404547, -0.000490031, -0.113249, 0.992743
4487,-3.24317,3.53177,1.63076,0.0401647, -0.000556581, -0.111956, 0.992901
4488,-3.24203,3.53234,1.63044,0.0398665, -0.000610703, -0.110684, 0.993056
4489,-3.24089,3.53292,1.63011,0.0395767, -0.000660949, -0.10943, 0.993206
4490,-3.23976,3.5335,1.62978,0.0392795, -0.000728127, -0.108203, 0.993352
4491,-3.23862,3.53408,1.62946,0.0389903, -0.000794632, -0.10698, 0.993496
4492,-3.24269,3.54419,1.63074,0.0389933, -0.000722066, -0.107098, 0.993483
4493,-3.24158,3.5448,1.6304,0.0387052, -0.000778398, -0.105898, 0.993623
4494,-3.24047,3.54541,1.63007,0.0384041, -0.000829591, -0.104724, 0.993759
4495,-3.23936,3.54602,1.62973,0.0381323, -0.00085389, -0.103599, 0.993888
4496,-3.23825,3.54663,1.6294,0.03787, -0.000876613, -0.102505, 0.994011
4497,-3.23714,3.54723,1.62908,0.0375914, -0.000886519, -0.101423, 0.994133
4498,-3.23603,3.54784,1.62875,0.0373235, -0.000883229, -0.100363, 0.99425
4499,-3.23493,3.54844,1.62843,0.0370586, -0.000874795, -0.0993422, 0.994363
4500,-3.23928,3.55877,1.6297,0.0371489, -0.000801679, -0.0995177, 0.994342
4501,-3.2382,3.55939,1.62937,0.03689, -0.000786407, -0.0985174, 0.994451
4502,-3.23713,3.56001,1.62904,0.0366564, -0.000784888, -0.0975386, 0.994556
4503,-3.23606,3.56062,1.62872,0.0364211, -0.000787556, -0.0965505, 0.994661
4504,-3.235,3.56123,1.6284,0.0362024, -0.000796707, -0.0955758, 0.994763
4505,-3.23394,3.56184,1.62809,0.0360089, -0.000820827, -0.094624, 0.994861
4506,-3.23289,3.56245,1.62778,0.0358469, -0.000837248, -0.0936717, 0.994957
4507,-3.23185,3.56304,1.62748,0.0357291, -0.0008667, -0.0927328, 0.995049
4508,-3.2364,3.57113,1.6284,0.0360593, -0.000810909, -0.0929065, 0.995021
4509,-3.23539,3.57171,1.62808,0.0359699, -0.000836341, -0.0919753, 0.995111
4510,-3.23438,3.57228,1.62778,0.0359359, -0.000855158, -0.0910355, 0.995199
4511,-3.23338,3.57284,1.62747,0.035959, -0.000878006, -0.0900916, 0.995284
4512,-3.23239,3.57338,1.62718,0.0360232, -0.00088864, -0.0891444, 0.995367
4513,-3.2314,3.57391,1.62688,0.0361203, -0.000875449, -0.0881974, 0.995448
4514,-3.23042,3.57443,1.6266,0.0362694, -0.000846837, -0.0872496, 0.995526
4515,-3.22944,3.57493,1.62632,0.0364596, -0.000822211, -0.086291, 0.995602
4516,-3.22847,3.57543,1.62606,0.0366586, -0.00078919, -0.0853267, 0.995678
4517,-3.2275,3.57591,1.6258,0.0368578, -0.000735774, -0.0843722, 0.995752
4518,-3.22654,3.57639,1.62555,0.0370479, -0.00066471, -0.0834038, 0.995827
4519,-3.23165,3.58569,1.62674,0.0373953, -0.00057114, -0.083728, 0.995787
4520,-3.23072,3.58614,1.62648,0.0375969, -0.000490612, -0.082763, 0.99586
4521,-3.22978,3.5866,1.62624,0.0378027, -0.000408938, -0.0818019, 0.995931
4522,-3.22885,3.58706,1.62601,0.0380102, -0.000337435, -0.0808584, 0.996001
4523,-3.22793,3.58753,1.6258,0.0381972, -0.000270897, -0.0799163, 0.996069
4524,-3.227,3.588,1.6256,0.0383774, -0.000204187, -0.0789995, 0.996136
4525,-3.22608,3.58847,1.62541,0.038554, -0.000132059, -0.0781116, 0.996199
4526,-3.22515,3.58895,1.62524,0.0387268, -5.55347e-05, -0.0772261, 0.996261
4527,-3.22424,3.58942,1.62506,0.0389202, 2.90566e-05, -0.0763827, 0.996319
4528,-3.22332,3.5899,1.6249,0.0391338, 0.00011857, -0.0755683, 0.996372
4529,-3.22241,3.59036,1.62474,0.0393692, 0.000215633, -0.074784, 0.996422
4530,-3.22834,3.60054,1.62667,0.0396035, 0.000249302, -0.0752987, 0.996374
4531,-3.22747,3.60099,1.6265,0.0398995, 0.00033613, -0.0745478, 0.996419
4532,-3.22661,3.60143,1.62634,0.0402406, 0.000420858, -0.0738287, 0.996459
4533,-3.22576,3.60187,1.62619,0.04061, 0.000492122, -0.073126, 0.996495
4534,-3.22492,3.60229,1.62606,0.0410089, 0.000531125, -0.0724391, 0.996529
4535,-3.22409,3.60271,1.62595,0.0414302, 0.000549086, -0.0717676, 0.99656
4536,-3.22327,3.60313,1.62586,0.0418684, 0.000541768, -0.0710957, 0.99659
4537,-3.22906,3.61272,1.62809,0.0420679, 0.0005149, -0.0710658, 0.996584
4538,-3.2283,3.61316,1.62801,0.0425071, 0.00046725, -0.0703929, 0.996613
4539,-3.22754,3.61359,1.62795,0.0429713, 0.000396132, -0.0697435, 0.996639
4540,-3.2268,3.61403,1.6279,0.0434312, 0.000302524, -0.0690923, 0.996664
4541,-3.22607,3.61448,1.62788,0.0438953, 0.00017239, -0.0684374, 0.996689
4542,-3.22534,3.61492,1.62788,0.0443681, 1.49236e-05, -0.0677822, 0.996713
4543,-3.22463,3.61537,1.62789,0.0448376, -0.000151297, -0.0671354, 0.996736
4544,-3.22393,3.61582,1.62792,0.0453212, -0.000324362, -0.0665061, 0.996756
4545,-3.22939,3.62529,1.63002,0.0455606, -0.000314952, -0.0665929, 0.996739
4546,-3.22873,3.62576,1.63006,0.0460478, -0.000492876, -0.0659837, 0.996757
4547,-3.22807,3.62623,1.63011,0.0465342, -0.000661645, -0.065398, 0.996773
4548,-3.22741,3.62671,1.63019,0.0470113, -0.000828813, -0.0648335, 0.996788
4549,-3.22676,3.6272,1.63027,0.0474767, -0.000991344, -0.0642662, 0.996802
4550,-3.2261,3.62769,1.63038,0.0479621, -0.00113086, -0.0637322, 0.996813
4551,-3.22545,3.62819,1.6305,0.0484267, -0.00126177, -0.0631832, 0.996826
4552,-3.22479,3.6287,1.63063,0.0488688, -0.00138982, -0.0626635, 0.996837
4553,-3.23025,3.63654,1.63261,0.0492394, -0.00134883, -0.06272, 0.996815
4554,-3.22963,3.63705,1.63274,0.0496781, -0.00146677, -0.0622158, 0.996825
4555,-3.229,3.63756,1.63288,0.0500927, -0.00158621, -0.061705, 0.996835
4556,-3.22837,3.63808,1.63303,0.050486, -0.00170525, -0.0612023, 0.996846
4557,-3.23322,3.64367,1.6348,0.0508521, -0.00165931, -0.0608778, 0.996848
4558,-3.23262,3.64421,1.63495,0.0512371, -0.00176164, -0.0603796, 0.996858
4559,-3.23203,3.64475,1.63511,0.0515944, -0.00185799, -0.0599131, 0.996868
4560,-3.23143,3.6453,1.63528,0.0519484, -0.00194445, -0.0594275, 0.996878
4561,-3.23571,3.65028,1.63701,0.0524045, -0.00186345, -0.0590195, 0.996879
4562,-3.23514,3.65084,1.63718,0.0527255, -0.00194487, -0.0585432, 0.99689
4563,-3.23457,3.65141,1.63735,0.0530255, -0.00201953, -0.0580453, 0.996903
4564,-3.234,3.65198,1.63753,0.0532994, -0.00210922, -0.0575376, 0.996917
4565,-3.23343,3.65255,1.63771,0.0535764, -0.00218878, -0.0570227, 0.996932
4566,-3.23286,3.65313,1.63789,0.0538086, -0.00228603, -0.0564544, 0.996952
4567,-3.2323,3.65371,1.63807,0.0540163, -0.00239115, -0.0558879, 0.996972
4568,-3.23173,3.65429,1.63825,0.0542114, -0.00250715, -0.0553048, 0.996994
4569,-3.23633,3.65967,1.63991,0.0546926, -0.00236801, -0.0554015, 0.996962
4570,-3.23579,3.66022,1.64007,0.054878, -0.00249271, -0.0548016, 0.996985
4571,-3.23525,3.66078,1.64023,0.0550607, -0.00259364, -0.0541698, 0.997009
4572,-3.23471,3.66133,1.64039,0.0552157, -0.00268789, -0.0535351, 0.997035
4573,-3.23416,3.66187,1.64055,0.0553717, -0.00276437, -0.0528847, 0.99706
4574,-3.23362,3.66241,1.64069,0.0555275, -0.00284475, -0.0522119, 0.997087
4575,-3.23307,3.66294,1.64084,0.0556768, -0.00292087, -0.0515375, 0.997114
4576,-3.23252,3.66346,1.64098,0.0558441, -0.00298173, -0.0508422, 0.99714
4577,-3.23742,3.67672,1.64292,0.0555051, -0.00296237, -0.0512203, 0.997139
4578,-3.2369,3.67729,1.64305,0.055679, -0.00299833, -0.0505435, 0.997164
4579,-3.23637,3.67784,1.64316,0.0558611, -0.00303108, -0.0498598, 0.997188
4580,-3.23584,3.67837,1.64328,0.0560678, -0.00304981, -0.0491858, 0.99721
4581,-3.23531,3.6789,1.64338,0.0562885, -0.00308085, -0.0485191, 0.99723
4582,-3.23477,3.67941,1.64349,0.0565391, -0.00312512, -0.0478329, 0.997249
4583,-3.23423,3.6799,1.64359,0.0567903, -0.00315751, -0.0471447, 0.997267
4584,-3.23897,3.69475,1.6452,0.0564619, -0.00311018, -0.0471309, 0.997287
4585,-3.23846,3.69531,1.64528,0.0567363, -0.00312975, -0.0464485, 0.997303
4586,-3.23793,3.69584,1.64535,0.0570329, -0.00315776, -0.0457531, 0.997318
4587,-3.2374,3.69636,1.64541,0.0573508, -0.00318474, -0.0450694, 0.997331
4588,-3.23687,3.69687,1.64547,0.0576772, -0.00317217, -0.0443835, 0.997343
4589,-3.23633,3.69735,1.64551,0.058003, -0.00313916, -0.0437043, 0.997354
4590,-3.23578,3.69782,1.64555,0.058325, -0.00307345, -0.0430792, 0.997363
4591,-3.23522,3.69828,1.64558,0.0586341, -0.00299763, -0.0424349, 0.997373
4592,-3.24006,3.70786,1.64642,0.0588085, -0.00287961, -0.0425894, 0.997356
4593,-3.23952,3.70832,1.64643,0.0591233, -0.00279636, -0.0419646, 0.997364
4594,-3.23896,3.70876,1.64642,0.0594292, -0.0027021, -0.0413392, 0.997373
4595,-3.2384,3.70919,1.64641,0.0597272, -0.00260593, -0.0407177, 0.997381
4596,-3.23784,3.70961,1.6464,0.0600175, -0.00250224, -0.0401051, 0.997388
4597,-3.23726,3.71002,1.64639,0.0602851, -0.00239942, -0.0395074, 0.997396
4598,-3.23668,3.71041,1.64637,0.0605562, -0.00230899, -0.0388836, 0.997404
4599,-3.2361,3.7108,1.64636,0.0608096, -0.00222617, -0.0382551, 0.997414
4600,-3.24123,3.72086,1.64703,0.0609374, -0.00215307, -0.0384092, 0.9974
4601,-3.24067,3.72126,1.647,0.0612017, -0.00210252, -0.0377639, 0.997409
4602,-3.24011,3.72165,1.64697,0.0614638, -0.00207182, -0.0370985, 0.997417
4603,-3.23954,3.72203,1.64695,0.0617163, -0.00208513, -0.0364278, 0.997427
4604,-3.23897,3.7224,1.64694,0.0619724, -0.00210788, -0.0357363, 0.997436
4605,-3.2384,3.72276,1.64693,0.0622077, -0.0021539, -0.0350237, 0.997446
4606,-3.23783,3.72311,1.64692,0.0624563, -0.00219714, -0.0342988, 0.997456
4607,-3.24332,3.73317,1.64766,0.0625689, -0.00217547, -0.0342913, 0.997449
4608,-3.24278,3.73353,1.64765,0.0627931, -0.00223292, -0.0335407, 0.99746
4609,-3.24223,3.73389,1.64764,0.0630188, -0.00228392, -0.0328083, 0.99747
4610,-3.24167,3.73424,1.64764,0.0632391, -0.00233601, -0.0320561, 0.997481
4611,-3.24109,3.73458,1.64764,0.0634496, -0.00236243, -0.0313035, 0.997491
4612,-3.24051,3.7349,1.64764,0.0636565, -0.00237296, -0.0305473, 0.997501
4613,-3.23992,3.73522,1.64765,0.0638692, -0.00236788, -0.0297874, 0.997511
4614,-3.23931,3.73552,1.64767,0.0640704, -0.00234384, -0.0290263, 0.99752
4615,-3.24509,3.74575,1.64815,0.0642103, -0.00231677, -0.0291683, 0.997507
4616,-3.2445,3.74607,1.64815,0.0644148, -0.00227088, -0.0283978, 0.997516
4617,-3.2439,3.74637,1.64816,0.0646236, -0.00221245, -0.027637, 0.997524
4618,-3.24328,3.74667,1.64818,0.0648089, -0.00214162, -0.0268929, 0.997533
4619,-3.24265,3.74695,1.64821,0.0649859, -0.00207629, -0.0261225, 0.997542
4620,-3.24201,3.74722,1.64824,0.0651568, -0.00199276, -0.0253829, 0.99755
4621,-3.24136,3.74749,1.64827,0.0653116, -0.00190923, -0.0246167, 0.997559
4622,-3.24069,3.74774,1.64831,0.0654463, -0.00183566, -0.0238539, 0.997569
4623,-3.24703,3.75804,1.6487,0.0655687, -0.00184997, -0.0240101, 0.997557
4624,-3.2464,3.75831,1.64872,0.0656686, -0.00178363, -0.0232278, 0.99757
4625,-3.24575,3.75858,1.64875,0.0657348, -0.001736, -0.0224335, 0.997583
4626,-3.2451,3.75885,1.64878,0.0657685, -0.00170979, -0.0216474, 0.997599
4627,-3.24444,3.75911,1.64881,0.0657662, -0.00168846, -0.0208563, 0.997616
4628,-3.24377,3.75936,1.64885,0.065716, -0.00166771, -0.0200415, 0.997636
4629,-3.2431,3.75962,1.64889,0.0656565, -0.00164695, -0.0192239, 0.997656
4630,-3.24905,3.77112,1.64978,0.0655313, -0.00167422, -0.0191786, 0.997665
4631,-3.2484,3.77142,1.64981,0.0654782, -0.0016618, -0.0183562, 0.997684
4632,-3.24776,3.77171,1.64986,0.065413, -0.0016505, -0.017534, 0.997703
4633,-3.2471,3.772,1.64993,0.0653517, -0.00164314, -0.0166933, 0.997721
4634,-3.24644,3.77228,1.65001,0.0652912, -0.001662, -0.0158396, 0.997739
4635,-3.25145,3.78344,1.65147,0.0651543, -0.0016501, -0.0157652, 0.997749
4636,-3.25081,3.78378,1.65155,0.0650643, -0.00168448, -0.0148899, 0.997769
4637,-3.25016,3.7841,1.65165,0.0649768, -0.00172391, -0.0139989, 0.997787
4638,-3.2495,3.78442,1.65176,0.064901, -0.00177617, -0.013098, 0.997804
4639,-3.25355,3.79292,1.65284,0.0650014, -0.00169986, -0.0126724, 0.997803
4640,-3.25291,3.79326,1.65295,0.0649548, -0.00175737, -0.0117598, 0.997817
4641,-3.25226,3.79359,1.65308,0.0649509, -0.0018014, -0.0108569, 0.997828
4642,-3.2516,3.79391,1.65321,0.0649617, -0.00183053, -0.00995958, 0.997836
4643,-3.25093,3.79421,1.65335,0.0650004, -0.00184603, -0.00905065, 0.997842
4644,-3.25025,3.79449,1.6535,0.0650779, -0.00183743, -0.00814805, 0.997845
4645,-3.24956,3.79474,1.65365,0.0651716, -0.0017813, -0.00723964, 0.997846
4646,-3.24886,3.79498,1.65381,0.0652947, -0.00171158, -0.00633827, 0.997844
4647,-3.25269,3.80241,1.6546,0.0656055, -0.00150849, -0.00641386, 0.997824
4648,-3.25199,3.80263,1.65475,0.0657554, -0.00141603, -0.00552027, 0.997819
4649,-3.25127,3.80283,1.6549,0.065928, -0.00130288, -0.00463861, 0.997813
4650,-3.25054,3.80302,1.65506,0.0661018, -0.00118175, -0.00373641, 0.997805
4651,-3.2498,3.8032,1.65522,0.0662929, -0.00106077, -0.00283285, 0.997796
4652,-3.24905,3.80336,1.65539,0.0664958, -0.000953023, -0.00191147, 0.997784
4653,-3.24829,3.80352,1.65556,0.0666841, -0.000844183, -0.000986031, 0.997773
4654,-3.25232,3.81112,1.65632,0.0669607, -0.000670628, -0.000877442, 0.997755
4655,-3.25157,3.81128,1.65647,0.0671529, -0.000586039, 6.77425e-05, 0.997743
4656,-3.25082,3.81144,1.65662,0.0673278, -0.000501031, 0.00104631, 0.99773
4657,-3.25006,3.81159,1.65677,0.0674934, -0.00043366, 0.00202902, 0.997718
4658,-3.2493,3.81173,1.65691,0.0676615, -0.000372069, 0.00303803, 0.997704
4659,-3.24853,3.81187,1.65706,0.0678363, -0.000321559, 0.00407298, 0.997688
4660,-3.24777,3.812,1.65719,0.0680109, -0.00026132, 0.00512194, 0.997671
4661,-3.247,3.81213,1.65733,0.0682, -0.000205296, 0.00619462, 0.997652
4662,-3.25137,3.82,1.65814,0.0684773, -4.87684e-05, 0.00619089, 0.997633
4663,-3.25061,3.82013,1.65825,0.0686797, 1.71735e-05, 0.00729094, 0.997612
4664,-3.24985,3.82025,1.65836,0.068886, 8.72188e-05, 0.00838993, 0.997589
4665,-3.24908,3.82036,1.65846,0.0691161, 0.000155172, 0.00952212, 0.997563
4666,-3.2483,3.82046,1.65856,0.0693475, 0.000225797, 0.0106545, 0.997536
4667,-3.24751,3.82055,1.65865,0.0695825, 0.000314635, 0.0118134, 0.997506
4668,-3.24672,3.82064,1.65874,0.0698121, 0.000403596, 0.0129697, 0.997476
4669,-3.24591,3.82073,1.65882,0.0700456, 0.000489045, 0.0141578, 0.997443
4670,-3.25077,3.82896,1.65966,0.0702588, 0.000625625, 0.014147, 0.997428
4671,-3.24998,3.82905,1.65971,0.0704868, 0.000731413, 0.0153258, 0.997395
4672,-3.24917,3.82914,1.65976,0.0706985, 0.000854801, 0.0165166, 0.997361
4673,-3.24834,3.82923,1.65981,0.0709151, 0.000992988, 0.0177257, 0.997324
4674,-3.24751,3.82932,1.65984,0.0711142, 0.00113788, 0.0189299, 0.997288
4675,-3.24666,3.8294,1.65988,0.0713091, 0.0012939, 0.0201456, 0.99725
4676,-3.24581,3.8295,1.6599,0.0714862, 0.00146626, 0.0213705, 0.997212
4677,-3.2509,3.83797,1.66085,0.0716349, 0.00156575, 0.021533, 0.997197
4678,-3.25006,3.83808,1.66086,0.0718011, 0.0017475, 0.0227332, 0.997158
4679,-3.2492,3.8382,1.66085,0.0719457, 0.00194232, 0.0239491, 0.997119
4680,-3.24833,3.83832,1.66085,0.0720811, 0.00212703, 0.0251909, 0.997078
4681,-3.24746,3.83845,1.66083,0.0722179, 0.00230692, 0.0264444, 0.997036
4682,-3.24656,3.83858,1.66082,0.0723547, 0.002481, 0.0277227, 0.996991
4683,-3.24566,3.83872,1.66079,0.0724884, 0.00266506, 0.0289911, 0.996944
4684,-3.24475,3.83886,1.66077,0.07261, 0.00285143, 0.0302597, 0.996897
4685,-3.25027,3.8477,1.66173,0.0727567, 0.00293825, 0.0302841, 0.996886
4686,-3.24937,3.84787,1.66169,0.0728877, 0.00311904, 0.0315388, 0.996836
4687,-3.24846,3.84803,1.66164,0.0730134, 0.00329426, 0.0327944, 0.996786
4688,-3.24754,3.84821,1.6616,0.0731357, 0.00349077, 0.0340676, 0.996734
4689,-3.24661,3.84839,1.66155,0.0732537, 0.00369431, 0.0353159, 0.996681
4690,-3.24567,3.84858,1.66151,0.0733677, 0.00389368, 0.0365825, 0.996626
4691,-3.24472,3.84878,1.66147,0.0734651, 0.00410715, 0.0378489, 0.996571
4692,-3.24376,3.84899,1.66143,0.0735159, 0.00431915, 0.0391114, 0.996517
4693,-3.24915,3.85842,1.66223,0.0736034, 0.00441501, 0.0391623, 0.996509
4694,-3.2482,3.85867,1.66218,0.0736274, 0.00463179, 0.0403987, 0.996456
4695,-3.24724,3.85893,1.66213,0.0736302, 0.00484357, 0.0416188, 0.996405
4696,-3.24626,3.85921,1.66209,0.0735798, 0.00505234, 0.0428497, 0.996356
4697,-3.24528,3.8595,1.66205,0.073494, 0.00524924, 0.0440759, 0.996307
4698,-3.2443,3.85981,1.66201,0.0733748, 0.00544471, 0.0452836, 0.996261
4699,-3.2433,3.86013,1.66197,0.0732134, 0.00563058, 0.0464868, 0.996216
4700,-3.24826,3.86932,1.66279,0.0732247, 0.00573332, 0.0466829, 0.996206
4701,-3.24728,3.8697,1.66274,0.0730148, 0.00590473, 0.0478695, 0.996164
4702,-3.2463,3.87009,1.66269,0.0727701, 0.0060762, 0.049051, 0.996123
4703,-3.24533,3.87049,1.66265,0.0724938, 0.00623767, 0.05022, 0.996084
4704,-3.24434,3.87091,1.66261,0.0722026, 0.00640279, 0.0513654, 0.996046
4705,-3.24336,3.87135,1.66257,0.0718854, 0.00655489, 0.052506, 0.996008
4706,-3.24238,3.87179,1.66254,0.0715618, 0.00669735, 0.0536273, 0.995971
4707,-3.24139,3.87224,1.66251,0.0712362, 0.00682688, 0.0547409, 0.995933
4708,-3.24672,3.88111,1.6635,0.0712878, 0.00692519, 0.0547696, 0.995927
4709,-3.24576,3.88159,1.66345,0.0709656, 0.00704219, 0.0558916, 0.995887
4710,-3.2448,3.88207,1.66341,0.0706464, 0.00714947, 0.0570021, 0.995846
4711,-3.24384,3.88255,1.66337,0.0703385, 0.0072211, 0.0581153, 0.995803
4712,-3.24869,3.89046,1.66433,0.0704107, 0.00723373, 0.0583974, 0.995781
4713,-3.24776,3.89098,1.66429,0.0701065, 0.00728447, 0.0594849, 0.995738
4714,-3.24683,3.89151,1.66424,0.0698172, 0.00732984, 0.0605852, 0.995691
4715,-3.24591,3.89203,1.6642,0.069545, 0.00735477, 0.0616865, 0.995643
4716,-3.24498,3.89254,1.66416,0.0692778, 0.00736273, 0.0628051, 0.995591
4717,-3.24953,3.89983,1.66518,0.069397, 0.00742221, 0.0630957, 0.995564
4718,-3.24864,3.90036,1.66514,0.0691539, 0.0074065, 0.064227, 0.995509
4719,-3.24775,3.90089,1.66509,0.0689324, 0.00738669, 0.0653789, 0.995449
4720,-3.24686,3.90141,1.66504,0.0687078, 0.00735111, 0.066543, 0.995388
4721,-3.24597,3.90193,1.66498,0.0685034, 0.00731282, 0.0677266, 0.995323
4722,-3.24509,3.90243,1.66493,0.068315, 0.00725331, 0.0689231, 0.995254
4723,-3.2442,3.90293,1.66487,0.068123, 0.00720609, 0.070151, 0.995181
4724,-3.24898,3.91066,1.66599,0.0682465, 0.00729322, 0.0702574, 0.995165
4725,-3.24811,3.91117,1.66592,0.0680752, 0.00723823, 0.071519, 0.995087
4726,-3.24725,3.91167,1.66584,0.0679178, 0.00719177, 0.0727876, 0.995006
4727,-3.24638,3.91217,1.66577,0.0677703, 0.00713516, 0.0740779, 0.994921
4728,-3.2455,3.91266,1.6657,0.0676319, 0.00708135, 0.0753761, 0.994834
4729,-3.24463,3.91313,1.66562,0.0675178, 0.00704044, 0.0766881, 0.994742
4730,-3.24374,3.91361,1.66554,0.0674111, 0.00700533, 0.0780215, 0.994645
4731,-3.24285,3.91407,1.66546,0.0673221, 0.00698162, 0.0793646, 0.994545
4732,-3.24808,3.9223,1.66659,0.0674314, 0.00706183, 0.0793447, 0.994539
4733,-3.2472,3.92278,1.66649,0.0673643, 0.00704768, 0.080708, 0.994434
4734,-3.24632,3.92324,1.66639,0.0673112, 0.00702391, 0.0820717, 0.994326
4735,-3.24542,3.9237,1.66628,0.0672783, 0.00699529, 0.0834719, 0.994212
4736,-3.24452,3.92414,1.66618,0.0672604, 0.00697876, 0.0848699, 0.994095
4737,-3.24361,3.92459,1.66607,0.0672465, 0.00696024, 0.0862822, 0.993974
4738,-3.24269,3.92502,1.66596,0.0672363, 0.00694249, 0.0877076, 0.99385
4739,-3.24176,3.92545,1.66584,0.0672474, 0.00694011, 0.0891309, 0.993723
4740,-3.24747,3.93412,1.66706,0.0673167, 0.00698749, 0.0891048, 0.99372
4741,-3.24656,3.93457,1.66693,0.0673225, 0.00696914, 0.0905376, 0.99359
4742,-3.24563,3.93501,1.66679,0.0673341, 0.00695842, 0.0919839, 0.993457
4743,-3.2447,3.93546,1.66665,0.0673519, 0.00693696, 0.0934385, 0.99332
4744,-3.24376,3.9359,1.66651,0.0673725, 0.00692644, 0.0948936, 0.993181
4745,-3.24282,3.93635,1.66637,0.067379, 0.00690842, 0.0963602, 0.993039
4746,-3.24186,3.93679,1.66622,0.0673862, 0.00689605, 0.0978428, 0.992894
4747,-3.24787,3.94709,1.66724,0.0673078, 0.00689764, 0.0979708, 0.992887
4748,-3.24693,3.94758,1.66707,0.0673152, 0.00688062, 0.0994449, 0.99274
4749,-3.24599,3.94808,1.6669,0.0673172, 0.00687712, 0.100909, 0.992592
4750,-3.24503,3.94858,1.66673,0.0673065, 0.00687865, 0.102379, 0.992442
4751,-3.24406,3.94909,1.66656,0.0673011, 0.00690424, 0.103858, 0.992288
4752,-3.24308,3.9496,1.66639,0.067317, 0.00694263, 0.105339, 0.992131
4753,-3.24209,3.95011,1.66622,0.0673217, 0.0069967, 0.106809, 0.991973
4754,-3.24108,3.95064,1.66605,0.0673231, 0.00706795, 0.108277, 0.991813
4755,-3.24644,3.96128,1.66672,0.067319, 0.00719374, 0.108398, 0.991799
4756,-3.24544,3.96185,1.66655,0.0673015, 0.00727943, 0.109841, 0.991641
4757,-3.24443,3.96242,1.66639,0.0672713, 0.00738152, 0.111298, 0.99148
4758,-3.2434,3.96301,1.66624,0.0672491, 0.00750569, 0.11272, 0.99132
4759,-3.24236,3.96361,1.66612,0.0672254, 0.0076311, 0.11414, 0.991158
4760,-3.24131,3.96422,1.66601,0.0671929, 0.00777343, 0.115554, 0.990995
4761,-3.24025,3.96484,1.66592,0.0671498, 0.00792507, 0.116951, 0.990833
4762,-3.23918,3.96548,1.66584,0.0670724, 0.00808266, 0.11834, 0.990672
4763,-3.24382,3.97497,1.66613,0.0671666, 0.00827134, 0.118407, 0.990656
4764,-3.24275,3.97565,1.66605,0.0670879, 0.0084404, 0.11978, 0.990495
4765,-3.24167,3.97634,1.66599,0.0670241, 0.00861834, 0.121128, 0.990334
4766,-3.24059,3.97703,1.66593,0.0669586, 0.00877574, 0.122459, 0.990173
4767,-3.2395,3.97773,1.66587,0.0669412, 0.00894462, 0.123786, 0.990008
4768,-3.2384,3.97844,1.66583,0.0669373, 0.00912154, 0.125099, 0.989842
4769,-3.23729,3.97914,1.6658,0.0669569, 0.00932343, 0.126386, 0.989675
4770,-3.24181,3.98859,1.66614,0.067052, 0.00952455, 0.126604, 0.989639
4771,-3.24071,3.98933,1.6661,0.067085, 0.00973724, 0.127853, 0.989474
4772,-3.23961,3.99007,1.66608,0.0671133, 0.0099856, 0.129084, 0.98931
4773,-3.2385,3.99081,1.66606,0.0671302, 0.0102479, 0.130286, 0.989148
4774,-3.23739,3.99156,1.66607,0.067161, 0.0105358, 0.131455, 0.988988
4775,-3.23627,3.99231,1.6661,0.0671871, 0.0108181, 0.132619, 0.988828
4776,-3.23516,3.99307,1.66615,0.0671953, 0.0111027, 0.133773, 0.988669
4777,-3.23404,3.99385,1.66621,0.067183, 0.0113601, 0.134929, 0.98851
4778,-3.23883,4.00331,1.66669,0.0672776, 0.011551, 0.134975, 0.988495
4779,-3.23773,4.00413,1.66675,0.0672386, 0.0117873, 0.13609, 0.988342
4780,-3.23663,4.00496,1.66684,0.0671878, 0.0120116, 0.137199, 0.988189
4781,-3.23553,4.00581,1.66693,0.06711, 0.0122077, 0.138292, 0.98804
4782,-3.23445,4.00666,1.66703,0.0670415, 0.0123836, 0.139365, 0.987891
4783,-3.23337,4.00752,1.66715,0.0669609, 0.0125504, 0.140446, 0.987742
4784,-3.2323,4.00839,1.66728,0.0668931, 0.0127012, 0.141512, 0.987592
4785,-3.23123,4.00925,1.66743,0.0668223, 0.0128444, 0.142565, 0.987444
4786,-3.2365,4.01879,1.6678,0.0668964, 0.0129719, 0.14257, 0.987436
4787,-3.23546,4.01969,1.66793,0.0668495, 0.013117, 0.143624, 0.987285
4788,-3.23443,4.02059,1.66808,0.0667975, 0.0132501, 0.144665, 0.987134
4789,-3.23341,4.02148,1.66824,0.066757, 0.0133689, 0.145702, 0.986983
4790,-3.23819,4.02986,1.66885,0.0668586, 0.0133639, 0.145971, 0.986937
4791,-3.2372,4.0308,1.66901,0.066815, 0.0134749, 0.147016, 0.986783
4792,-3.23622,4.03173,1.66918,0.0667783, 0.0135753, 0.148053, 0.986629
4793,-3.23524,4.03266,1.66936,0.066739, 0.0136749, 0.149116, 0.98647
4794,-3.23949,4.04026,1.66981,0.0668902, 0.0137399, 0.149543, 0.986394
4795,-3.23854,4.04122,1.66999,0.0668575, 0.0138307, 0.150588, 0.986236
4796,-3.23759,4.04218,1.67016,0.06684, 0.0139088, 0.151614, 0.986079
4797,-3.23666,4.04313,1.67033,0.0668219, 0.0139816, 0.152639, 0.985921
4798,-3.23572,4.04407,1.67051,0.0668154, 0.0140493, 0.153683, 0.985758
4799,-3.2348,4.04501,1.67068,0.0668011, 0.0141142, 0.154714, 0.985597
4800,-3.23388,4.04594,1.67086,0.0668061, 0.0141581, 0.155738, 0.985435
4801,-3.23298,4.04687,1.67103,0.0668045, 0.0142008, 0.156745, 0.985275
4802,-3.23743,4.05486,1.67148,0.0670112, 0.0143613, 0.156731, 0.985261
4803,-3.23654,4.0558,1.67164,0.0670042, 0.0143789, 0.157734, 0.985101
4804,-3.23565,4.05672,1.67179,0.0669994, 0.014399, 0.158745, 0.984938
4805,-3.23477,4.05764,1.67194,0.0669919, 0.0143941, 0.159758, 0.984775
4806,-3.2339,4.05856,1.6721,0.0669836, 0.014385, 0.160752, 0.984614
4807,-3.23303,4.05946,1.67225,0.0669862, 0.0143575, 0.161725, 0.984455
4808,-3.23217,4.06036,1.67241,0.0669944, 0.0143281, 0.162661, 0.984301
4809,-3.23131,4.06125,1.67256,0.0670052, 0.0142822, 0.163607, 0.984144
4810,-3.23604,4.06958,1.67308,0.0671482, 0.0144044, 0.163548, 0.984142
4811,-3.2352,4.07049,1.67322,0.0671717, 0.014355, 0.164475, 0.983987
4812,-3.23436,4.07139,1.67337,0.0672063, 0.0143024, 0.165377, 0.983834
4813,-3.23352,4.07228,1.67353,0.067226, 0.0142423, 0.166254, 0.983686
4814,-3.23268,4.07317,1.67369,0.0672595, 0.0141706, 0.167099, 0.983541
4815,-3.23184,4.07405,1.67385,0.0673036, 0.0141242, 0.167937, 0.983396
4816,-3.231,4.07492,1.67403,0.0673375, 0.0140731, 0.168739, 0.983257
4817,-3.23604,4.08345,1.67479,0.0674367, 0.014146, 0.168785, 0.983242
4818,-3.23521,4.08434,1.67495,0.0674833, 0.0141072, 0.169558, 0.983106
4819,-3.23438,4.08523,1.67512,0.0675416, 0.0140777, 0.170304, 0.982973
4820,-3.23355,4.08611,1.67528,0.0676161, 0.0140634, 0.171028, 0.982843
4821,-3.23271,4.08697,1.67545,0.0676891, 0.014057, 0.171733, 0.982715
4822,-3.23187,4.08783,1.67562,0.0677794, 0.0140665, 0.172409, 0.98259
4823,-3.23103,4.08867,1.67578,0.0678766, 0.0140748, 0.173061, 0.982469
4824,-3.23019,4.0895,1.67595,0.0679814, 0.0140858, 0.173676, 0.982353
4825,-3.23562,4.09821,1.67673,0.068099, 0.0141584, 0.173559, 0.982364
4826,-3.23479,4.09906,1.67688,0.0682343, 0.0141643, 0.174185, 0.982244
4827,-3.23396,4.09989,1.67703,0.0683753, 0.0141613, 0.174799, 0.982125
4828,-3.23313,4.10071,1.67717,0.068535, 0.0141434, 0.175402, 0.982007
4829,-3.23231,4.10151,1.67732,0.0686946, 0.014103, 0.175997, 0.98189
4830,-3.23149,4.10231,1.67747,0.0688478, 0.0140535, 0.176588, 0.981773
4831,-3.23067,4.1031,1.67762,0.0690093, 0.0139871, 0.17719, 0.981655
4832,-3.22985,4.10388,1.67776,0.0691397, 0.0139064, 0.177782, 0.98154
4833,-3.23573,4.11267,1.67863,0.0692202, 0.0139412, 0.177649, 0.981557
4834,-3.23494,4.11348,1.67876,0.0693319, 0.0138594, 0.178247, 0.981442
4835,-3.23415,4.11428,1.67889,0.0694192, 0.0137773, 0.178843, 0.981329
4836,-3.23337,4.11508,1.67902,0.0694879, 0.0137087, 0.17945, 0.981214
4837,-3.2326,4.11587,1.67915,0.0695278, 0.0136276, 0.180063, 0.9811
4838,-3.23182,4.11666,1.67928,0.0695425, 0.0135515, 0.180674, 0.980988
4839,-3.23105,4.11744,1.67941,0.0695275, 0.0134676, 0.181319, 0.980871
4840,-3.23705,4.12634,1.68042,0.069555, 0.013461, 0.181337, 0.980866
4841,-3.23631,4.12715,1.68053,0.0695154, 0.0133857, 0.181986, 0.980749
4842,-3.23557,4.12796,1.68066,0.0694566, 0.0133049, 0.182644, 0.980632
4843,-3.23484,4.12876,1.68078,0.0693941, 0.013229, 0.183317, 0.980512
4844,-3.23411,4.12955,1.6809,0.069356, 0.0131524, 0.184007, 0.980387
4845,-3.23338,4.13032,1.68103,0.0693121, 0.0130706, 0.184735, 0.980254
4846,-3.23266,4.13108,1.68115,0.0692925, 0.0129961, 0.185481, 0.980116
4847,-3.23194,4.13181,1.68128,0.0693007, 0.0129104, 0.186246, 0.979971
4848,-3.23771,4.1408,1.682,0.0694056, 0.0129622, 0.186284, 0.979956
4849,-3.23701,4.14155,1.68211,0.0694401, 0.0128871, 0.187084, 0.979802
4850,-3.23631,4.14227,1.68221,0.0694995, 0.012816, 0.187893, 0.979644
4851,-3.23562,4.14298,1.68232,0.0695817, 0.0127242, 0.188727, 0.979479
4852,-3.23492,4.14366,1.68243,0.0697161, 0.0126283, 0.189588, 0.979304
4853,-3.23423,4.14431,1.68254,0.069882, 0.0125361, 0.190498, 0.979117
4854,-3.23353,4.14495,1.68264,0.0700526, 0.0124477, 0.191425, 0.978925
4855,-3.23285,4.14556,1.68274,0.0702372, 0.0123562, 0.192375, 0.978727
4856,-3.23842,4.15463,1.68335,0.0703334, 0.0124207, 0.192407, 0.978713
4857,-3.23775,4.15525,1.68344,0.0705143, 0.0123267, 0.193379, 0.978509
4858,-3.23709,4.15585,1.68352,0.0706914, 0.0122243, 0.194363, 0.978303
4859,-3.23643,4.15644,1.6836,0.070865, 0.0121254, 0.195399, 0.978085
4860,-3.23578,4.15701,1.68368,0.0710328, 0.012007, 0.196444, 0.977865
4861,-3.23513,4.15757,1.68376,0.0711702, 0.0118848, 0.197513, 0.977641
4862,-3.23449,4.15812,1.68383,0.0712893, 0.0117643, 0.198619, 0.97741
4863,-3.24022,4.16695,1.68452,0.0713732, 0.0117877, 0.198815, 0.977363
4864,-3.2396,4.16753,1.68457,0.071468, 0.0116665, 0.199936, 0.977129
4865,-3.23899,4.1681,1.68462,0.0715691, 0.0115532, 0.201078, 0.976889
4866,-3.23838,4.16866,1.68468,0.0716233, 0.0114369, 0.202239, 0.976647
4867,-3.23778,4.16922,1.68473,0.0716401, 0.0113035, 0.203416, 0.976403
4868,-3.24309,4.17695,1.68539,0.0717635, 0.0113081, 0.203548, 0.976366
4869,-3.24252,4.17753,1.68543,0.0717641, 0.0112058, 0.204755, 0.976115
4870,-3.24196,4.17811,1.68548,0.0717326, 0.0111072, 0.205968, 0.975863
4871,-3.24139,4.17868,1.68553,0.0716797, 0.0110385, 0.207194, 0.975608
4872,-3.2462,4.18559,1.68615,0.0718411, 0.0110294, 0.207647, 0.9755
4873,-3.24567,4.18619,1.6862,0.0717505, 0.0109636, 0.208906, 0.975238
4874,-3.24514,4.18678,1.68626,0.0716142, 0.0109208, 0.210166, 0.974978
4875,-3.24462,4.18737,1.68632,0.0714683, 0.0108773, 0.211459, 0.97471
4876,-3.2441,4.18796,1.68639,0.0713116, 0.0108514, 0.212762, 0.974438
4877,-3.24358,4.18853,1.68647,0.0711286, 0.0108326, 0.214075, 0.974164
4878,-3.24307,4.1891,1.68656,0.0709505, 0.0108096, 0.215404, 0.973884
4879,-3.24256,4.18966,1.68666,0.0707594, 0.0107953, 0.216741, 0.973602
4880,-3.24783,4.1967,1.68721,0.0709792, 0.0108775, 0.216716, 0.97359
4881,-3.24734,4.19727,1.6873,0.0707891, 0.0108635, 0.218084, 0.973299
4882,-3.24685,4.19781,1.68739,0.0706274, 0.0108556, 0.219473, 0.972998
4883,-3.24637,4.19835,1.6875,0.070463, 0.0108525, 0.220864, 0.972695
4884,-3.2459,4.19887,1.68761,0.0703211, 0.0108518, 0.222252, 0.972389
4885,-3.24542,4.19937,1.68774,0.0702003, 0.0108591, 0.223653, 0.972077
4886,-3.24496,4.19985,1.68789,0.0701068, 0.0108719, 0.225046, 0.971762
4887,-3.25096,4.20815,1.68859,0.0701688, 0.0108747, 0.225186, 0.971725
4888,-3.25052,4.20865,1.68873,0.070117, 0.0108945, 0.226593, 0.971401
4889,-3.25009,4.20913,1.68888,0.0700691, 0.0109026, 0.228005, 0.971074
4890,-3.24966,4.2096,1.68904,0.0700233, 0.0109013, 0.229419, 0.970744
4891,-3.24924,4.21005,1.6892,0.0699921, 0.0109004, 0.230837, 0.97041
4892,-3.24882,4.21048,1.68938,0.0699323, 0.0109046, 0.232261, 0.970075
4893,-3.24841,4.2109,1.68955,0.0698517, 0.0109095, 0.233683, 0.969739
4894,-3.248,4.21131,1.68972,0.0697641, 0.0109253, 0.235119, 0.969398
4895,-3.2538,4.22012,1.69046,0.0698159, 0.0110093, 0.235194, 0.969375
4896,-3.25342,4.22056,1.69062,0.0697091, 0.0110258, 0.236611, 0.969038
4897,-3.25304,4.22099,1.69078,0.0695688, 0.0110559, 0.238015, 0.968704
4898,-3.25268,4.22142,1.69095,0.0694026, 0.0110736, 0.239425, 0.968368
4899,-3.25232,4.22184,1.69112,0.0691981, 0.0110905, 0.240848, 0.968029
4900,-3.25197,4.22226,1.69128,0.0689619, 0.0110964, 0.242276, 0.96769
4901,-3.25163,4.22268,1.69145,0.068695, 0.011099, 0.243681, 0.967356
4902,-3.2513,4.22309,1.69161,0.0683984, 0.0110828, 0.245091, 0.967021
4903,-3.25635,4.231,1.69223,0.0684955, 0.0111826, 0.245137, 0.967001
4904,-3.25604,4.23144,1.69236,0.0681861, 0.0111682, 0.246551, 0.966664
4905,-3.25573,4.23187,1.6925,0.0678556, 0.0111604, 0.247969, 0.966324
4906,-3.25544,4.2323,1.69263,0.067521, 0.011152, 0.249381, 0.965984
4907,-3.25515,4.23271,1.69275,0.0672002, 0.0111586, 0.250788, 0.965642
4908,-3.25487,4.23311,1.69287,0.0668901, 0.0111559, 0.252169, 0.965304
4909,-3.25459,4.2335,1.69298,0.0665734, 0.011162, 0.253559, 0.964962
4910,-3.25974,4.24116,1.69382,0.0666511, 0.0112273, 0.253726, 0.964912
4911,-3.25949,4.24157,1.69391,0.066338, 0.0112201, 0.255079, 0.964577
4912,-3.25924,4.24196,1.69399,0.066043, 0.0112273, 0.256415, 0.964242
4913,-3.259,4.24234,1.69407,0.0657595, 0.0112326, 0.257741, 0.963908
4914,-3.25876,4.2427,1.69414,0.065468, 0.0112364, 0.259058, 0.963575
4915,-3.25854,4.24304,1.69421,0.0651905, 0.0112448, 0.260344, 0.963247
4916,-3.25832,4.24337,1.69427,0.0649128, 0.011259, 0.261625, 0.962918
4917,-3.25811,4.24368,1.69433,0.0646459, 0.0112536, 0.262872, 0.962597
4918,-3.26377,4.25153,1.69525,0.0646182, 0.0112159, 0.262844, 0.962607
4919,-3.26359,4.25186,1.69529,0.0643514, 0.0112105, 0.264071, 0.962289
4920,-3.26342,4.25217,1.69532,0.0640859, 0.0111996, 0.265304, 0.961967
4921,-3.26326,4.25247,1.69535,0.0638114, 0.0111659, 0.26653, 0.961647
4922,-3.26311,4.25276,1.69538,0.063536, 0.011125, 0.267757, 0.961325
4923,-3.26298,4.25303,1.6954,0.0632529, 0.0110673, 0.268973, 0.961005
4924,-3.26286,4.25328,1.69542,0.0629724, 0.0110002, 0.270177, 0.960686
4925,-3.26275,4.25351,1.69544,0.0627049, 0.0109209, 0.271369, 0.960369
4926,-3.26857,4.26143,1.69639,0.0627671, 0.010969, 0.271328, 0.960375
4927,-3.26849,4.26167,1.69639,0.0625173, 0.0108945, 0.272541, 0.960049
4928,-3.26842,4.2619,1.69639,0.0623001, 0.0108175, 0.273743, 0.959722
4929,-3.26837,4.26211,1.69638,0.0621037, 0.0107394, 0.274946, 0.959392
4930,-3.26832,4.2623,1.69637,0.06193, 0.010664, 0.276141, 0.959061
4931,-3.26828,4.26246,1.69636,0.0617841, 0.0105875, 0.277349, 0.958722
4932,-3.26825,4.26261,1.69635,0.0616731, 0.0105294, 0.278536, 0.958386
4933,-3.27401,4.27031,1.69765,0.0617096, 0.0105305, 0.278625, 0.958358
4934,-3.27401,4.27047,1.69762,0.0616401, 0.0104768, 0.279801, 0.95802
4935,-3.27401,4.27059,1.69759,0.0616105, 0.0104373, 0.280999, 0.957672
4936,-3.27402,4.2707,1.69757,0.0616064, 0.0104012, 0.282176, 0.957326
4937,-3.27403,4.27078,1.69754,0.0616442, 0.0103773, 0.283353, 0.956976
4938,-3.27405,4.27084,1.69751,0.0617114, 0.0103473, 0.284524, 0.956625
4939,-3.27408,4.27088,1.69749,0.0617904, 0.010338, 0.285706, 0.956267
4940,-3.27412,4.2709,1.69747,0.0618984, 0.0103194, 0.286885, 0.955907
4941,-3.28129,4.27892,1.69865,0.0619786, 0.0102448, 0.28668, 0.955965
4942,-3.28136,4.27896,1.69861,0.0620943, 0.0102269, 0.287883, 0.955596
4943,-3.28145,4.27899,1.69858,0.0622059, 0.0101941, 0.2891, 0.955221
4944,-3.28155,4.27901,1.69856,0.0623197, 0.0101353, 0.290322, 0.954844
4945,-3.28934,4.28648,1.69934,0.0623389, 0.00989239, 0.290327, 0.954844
4946,-3.28951,4.28654,1.69932,0.0624176, 0.00982423, 0.291549, 0.954467
4947,-3.28969,4.28659,1.69929,0.0624708, 0.00976621, 0.292776, 0.954088
4948,-3.28988,4.28663,1.69926,0.0625107, 0.0096925, 0.293988, 0.953714
4949,-3.29009,4.28667,1.69923,0.0625228, 0.00963227, 0.295204, 0.953338
4950,-3.29549,4.29372,1.69987,0.0626648, 0.00962447, 0.295498, 0.953237
4951,-3.29574,4.29379,1.69982,0.0626816, 0.00955738, 0.29671, 0.95286
4952,-3.296,4.29386,1.69978,0.0626712, 0.00949282, 0.297905, 0.952489
4953,-3.29627,4.29393,1.69973,0.0626277, 0.00943163, 0.299103, 0.952117
4954,-3.29656,4.294,1.69967,0.0625871, 0.00938291, 0.300297, 0.951744
4955,-3.29685,4.29406,1.69962,0.062517, 0.00934362, 0.301482, 0.951374
4956,-3.29716,4.29413,1.69956,0.0624287, 0.00930518, 0.302652, 0.951009
4957,-3.30104,4.30162,1.70009,0.0625638, 0.00950009, 0.302758, 0.950964
4958,-3.30136,4.30172,1.70002,0.0624432, 0.00946734, 0.303916, 0.950603
4959,-3.30169,4.30181,1.69994,0.0623071, 0.00943081, 0.305057, 0.950247
4960,-3.30203,4.30191,1.69986,0.0621405, 0.00940322, 0.30617, 0.9499
4961,-3.30238,4.302,1.69977,0.0619759, 0.00938611, 0.307283, 0.949551
4962,-3.30274,4.30208,1.69968,0.0618094, 0.00937166, 0.308368, 0.949211
4963,-3.30311,4.30216,1.69959,0.0616305, 0.00933881, 0.309459, 0.948868
4964,-3.3035,4.30223,1.6995,0.0614589, 0.00931426, 0.310523, 0.948531
4965,-3.30766,4.30994,1.70012,0.0615737, 0.00952298, 0.31049, 0.948533
4966,-3.30806,4.31004,1.70001,0.0614021, 0.00949492, 0.311541, 0.948199
4967,-3.30846,4.31012,1.69989,0.0612188, 0.00943879, 0.312577, 0.947871
4968,-3.30888,4.3102,1.69978,0.0610407, 0.00938394, 0.313599, 0.947545
4969,-3.30931,4.31027,1.69967,0.0608515, 0.0093164, 0.314608, 0.947223
4970,-3.30976,4.31033,1.69956,0.0606658, 0.00922214, 0.315593, 0.946909
4971,-3.31021,4.31038,1.69945,0.0604831, 0.00914041, 0.316553, 0.946601
4972,-3.31068,4.31042,1.69935,0.0602978, 0.00904982, 0.317505, 0.946294
4973,-3.31116,4.31045,1.69924,0.0601005, 0.00898278, 0.318445, 0.945991
4974,-3.31164,4.31047,1.69914,0.0598827, 0.00891516, 0.319354, 0.9457
4975,-3.31214,4.31048,1.69905,0.0596754, 0.0088707, 0.320243, 0.945412
4976,-3.31742,4.31943,1.69972,0.0596915, 0.00906473, 0.319993, 0.945494
4977,-3.31792,4.31947,1.6996,0.0594918, 0.00901549, 0.320865, 0.945212
4978,-3.31844,4.31949,1.6995,0.0592821, 0.00894616, 0.321733, 0.94493
4979,-3.31896,4.31951,1.69939,0.059094, 0.00890364, 0.322606, 0.944645
4980,-3.31949,4.3195,1.6993,0.0589269, 0.00884531, 0.323463, 0.944363
4981,-3.32004,4.31949,1.69921,0.0587716, 0.00877301, 0.324315, 0.944081
4982,-3.32059,4.31945,1.69913,0.0586298, 0.00868959, 0.325171, 0.943796
4983,-3.32116,4.3194,1.69905,0.058508, 0.00860073, 0.326042, 0.943504
4984,-3.32174,4.31934,1.69898,0.05841, 0.00851193, 0.326908, 0.943211
4985,-3.32232,4.31925,1.69891,0.0583414, 0.00840239, 0.327794, 0.942909
4986,-3.32292,4.31914,1.69885,0.0582764, 0.00830599, 0.328692, 0.942601
4987,-3.32946,4.32893,1.69955,0.0582472, 0.00841735, 0.328309, 0.942735
4988,-3.33008,4.32884,1.69946,0.0582187, 0.00830527, 0.329209, 0.942424
4989,-3.3307,4.32874,1.69938,0.0581912, 0.00818905, 0.330135, 0.942103
4990,-3.33134,4.32861,1.6993,0.0581745, 0.00807704, 0.331098, 0.941767
4991,-3.33199,4.32846,1.69922,0.0581611, 0.00796644, 0.332078, 0.941423
4992,-3.33265,4.32829,1.69914,0.0581345, 0.00784466, 0.333072, 0.941075
4993,-3.33332,4.32811,1.69907,0.0581003, 0.00772799, 0.334077, 0.940722
4994,-3.334,4.32791,1.69901,0.058075, 0.00762501, 0.335093, 0.940362
4995,-3.34029,4.33774,1.69972,0.0580036, 0.00768993, 0.335106, 0.940362
4996,-3.341,4.33759,1.69965,0.0579802, 0.00758459, 0.336149, 0.939992
4997,-3.34173,4.33742,1.6996,0.0579482, 0.00747533, 0.337204, 0.939617
4998,-3.34247,4.33724,1.69955,0.0579142, 0.00733918, 0.33827, 0.939237
4999,-3.34322,4.33705,1.69951,0.0578452, 0.00720924, 0.339351, 0.938852
5000,-3.34399,4.33685,1.69948,0.0577936, 0.00708593, 0.340427, 0.938466
5001,-3.34477,4.33664,1.69945,0.0577451, 0.00697332, 0.341508, 0.938077
5002,-3.35065,4.3463,1.70029,0.0576963, 0.00704268, 0.341673, 0.93802
5003,-3.35146,4.34614,1.70027,0.0576645, 0.00695018, 0.342756, 0.937627
5004,-3.35227,4.34596,1.70025,0.0576533, 0.00687887, 0.343826, 0.937237
5005,-3.35309,4.34576,1.70025,0.0576507, 0.00681137, 0.344885, 0.936848
5006,-3.35392,4.34554,1.70025,0.057681, 0.00675769, 0.345961, 0.93645
5007,-3.35475,4.34531,1.70027,0.0577331, 0.00670187, 0.347042, 0.936047
5008,-3.35559,4.34505,1.7003,0.0578124, 0.00664584, 0.348104, 0.935648
5009,-3.35643,4.34478,1.70034,0.0579098, 0.00659001, 0.34918, 0.935241
5010,-3.36229,4.35415,1.70099,0.0579315, 0.00664138, 0.349207, 0.935229
5011,-3.36315,4.35391,1.70103,0.0580504, 0.00656931, 0.350283, 0.93482
5012,-3.36402,4.35365,1.70107,0.0581859, 0.00649138, 0.351347, 0.934413
5013,-3.36491,4.35337,1.70113,0.0583338, 0.00639821, 0.352431, 0.933996
5014,-3.36579,4.35307,1.70119,0.0584896, 0.00629479, 0.353522, 0.933575
5015,-3.36669,4.35276,1.70126,0.058623, 0.0061898, 0.354617, 0.933152
5016,-3.3676,4.35244,1.70134,0.0587531, 0.00607507, 0.355709, 0.932728
5017,-3.36851,4.3521,1.70142,0.0588551, 0.00597331, 0.356811, 0.932302
5018,-3.37413,4.3613,1.70221,0.058892, 0.00607725, 0.356831, 0.932291
5019,-3.37506,4.361,1.70228,0.0589798, 0.00598608, 0.357948, 0.931858
5020,-3.376,4.36069,1.70236,0.0590382, 0.00589318, 0.359072, 0.931422
5021,-3.37694,4.36037,1.70245,0.0590855, 0.00579964, 0.360185, 0.93099
5022,-3.37789,4.36003,1.70254,0.0591124, 0.00572588, 0.361289, 0.930561
5023,-3.37885,4.35969,1.70264,0.0591064, 0.00565227, 0.362393, 0.930132
5024,-3.38448,4.36841,1.70335,0.0591417, 0.00567478, 0.362708, 0.930007
5025,-3.38546,4.36811,1.70344,0.0591356, 0.00561924, 0.363818, 0.929574
5026,-3.38644,4.36779,1.70354,0.0591035, 0.00555328, 0.364932, 0.92914
5027,-3.38742,4.36747,1.70364,0.0590715, 0.00551355, 0.366018, 0.928715
5028,-3.3884,4.36713,1.70374,0.0590573, 0.00548371, 0.367083, 0.928296
5029,-3.39336,4.37481,1.7044,0.0591815, 0.00550813, 0.367217, 0.928234
5030,-3.39436,4.3745,1.7045,0.0591733, 0.00550609, 0.368285, 0.927812
5031,-3.39535,4.37417,1.70459,0.0591857, 0.00551036, 0.369337, 0.927392
5032,-3.39633,4.37381,1.70469,0.0592333, 0.00553831, 0.370373, 0.926976
5033,-3.40071,4.38061,1.70531,0.0594156, 0.00556755, 0.370784, 0.9268
5034,-3.40171,4.38028,1.70541,0.0595006, 0.00560252, 0.371806, 0.926385
5035,-3.4027,4.37992,1.7055,0.0595995, 0.00564232, 0.372818, 0.925971
5036,-3.40368,4.37954,1.7056,0.0597209, 0.00568362, 0.373813, 0.925562
5037,-3.40466,4.37913,1.7057,0.0598562, 0.00571595, 0.374791, 0.925158
5038,-3.40563,4.37869,1.7058,0.0600308, 0.00577904, 0.375761, 0.924752
5039,-3.4066,4.37823,1.7059,0.0602086, 0.0058237, 0.376724, 0.924348
5040,-3.40756,4.37774,1.70601,0.060411, 0.00586431, 0.377683, 0.923944
5041,-3.41179,4.38488,1.70672,0.0606274, 0.00603559, 0.377686, 0.923927
5042,-3.41275,4.38441,1.70682,0.0608244, 0.00606483, 0.378647, 0.92352
5043,-3.4137,4.38392,1.70692,0.0610123, 0.00608862, 0.379592, 0.92312
5044,-3.41465,4.38341,1.70703,0.0611996, 0.00609144, 0.380565, 0.922707
5045,-3.4156,4.38288,1.70714,0.0613658, 0.00607568, 0.381534, 0.922296
5046,-3.41656,4.38233,1.70725,0.0615185, 0.00604636, 0.382515, 0.921879
5047,-3.41751,4.38177,1.70737,0.0616507, 0.00600368, 0.383503, 0.92146
5048,-3.42173,4.38911,1.7082,0.0618, 0.00612719, 0.383653, 0.921387
5049,-3.42269,4.38858,1.70831,0.0619083, 0.00608937, 0.384654, 0.920962
5050,-3.42364,4.38804,1.70843,0.0620203, 0.00607407, 0.385644, 0.920541
5051,-3.42459,4.38749,1.70856,0.0621022, 0.00605004, 0.386662, 0.920108
5052,-3.42554,4.38692,1.70869,0.0621728, 0.00603427, 0.3877, 0.919667
5053,-3.42648,4.38635,1.70883,0.0622322, 0.0060322, 0.388723, 0.919231
5054,-3.42742,4.38577,1.70898,0.0622871, 0.00605348, 0.389758, 0.918789
5055,-3.42835,4.38517,1.70913,0.0623548, 0.00606735, 0.39081, 0.918337
5056,-3.43277,4.39279,1.71001,0.062482, 0.006219, 0.390867, 0.918303
5057,-3.43369,4.39222,1.71016,0.0625574, 0.00625838, 0.39193, 0.917844
5058,-3.4346,4.39164,1.71031,0.062672, 0.00632384, 0.393003, 0.917377
5059,-3.4355,4.39104,1.71046,0.0627851, 0.00638454, 0.394094, 0.916901
5060,-3.43639,4.39043,1.71062,0.0629307, 0.0064656, 0.395217, 0.916407
5061,-3.43728,4.3898,1.71078,0.0630906, 0.00656915, 0.396355, 0.915903
5062,-3.43815,4.38916,1.71095,0.0632767, 0.00668222, 0.397498, 0.915394
5063,-3.43901,4.3885,1.71111,0.0634725, 0.00680372, 0.398683, 0.914865
5064,-3.44362,4.39636,1.71194,0.0635717, 0.00695866, 0.398763, 0.914821
5065,-3.44447,4.39573,1.71209,0.0637728, 0.00708352, 0.399971, 0.914279
5066,-3.44532,4.39509,1.71223,0.0639614, 0.00719549, 0.4012, 0.913726
5067,-3.44616,4.39443,1.71237,0.0641363, 0.00730108, 0.402453, 0.913162
5068,-3.44699,4.39376,1.71251,0.0642843, 0.0073901, 0.403731, 0.912586
5069,-3.44783,4.39308,1.71263,0.0644027, 0.0074386, 0.405045, 0.911995
5070,-3.44867,4.3924,1.71274,0.0644599, 0.00747296, 0.40638, 0.911397
5071,-3.4537,4.4001,1.71356,0.0644933, 0.00754029, 0.406558, 0.911314
5072,-3.45455,4.39946,1.71365,0.0645034, 0.00755167, 0.407918, 0.910706
5073,-3.45541,4.39882,1.71372,0.0644607, 0.00753569, 0.409309, 0.910085
5074,-3.45627,4.39817,1.71378,0.064379, 0.00749494, 0.410718, 0.909456
5075,-3.45714,4.39752,1.71382,0.0642458, 0.00743164, 0.412137, 0.908823
5076,-3.458,4.39686,1.71385,0.0640865, 0.00736684, 0.413575, 0.908182
5077,-3.45887,4.3962,1.71387,0.0638985, 0.00729958, 0.415028, 0.907533
5078,-3.45973,4.39553,1.71388,0.0636882, 0.00721829, 0.416512, 0.906868
5079,-3.46494,4.4033,1.71482,0.0636484, 0.00728479, 0.41661, 0.906825
5080,-3.46581,4.40267,1.71481,0.0634431, 0.00721507, 0.418088, 0.90616
5081,-3.46666,4.40203,1.71479,0.0632503, 0.00716432, 0.419586, 0.905481
5082,-3.46751,4.40138,1.71476,0.063076, 0.00713568, 0.421099, 0.904791
5083,-3.46835,4.40072,1.71473,0.0629291, 0.00713606, 0.422611, 0.904096
5084,-3.46916,4.40004,1.7147,0.0628056, 0.00714084, 0.42415, 0.903383
5085,-3.46996,4.39935,1.71467,0.0627376, 0.00717991, 0.425698, 0.902659
5086,-3.47074,4.39864,1.71464,0.0627117, 0.00724755, 0.427246, 0.901929
5087,-3.476,4.40655,1.71589,0.0626759, 0.00735219, 0.427313, 0.901899
5088,-3.47676,4.40588,1.71585,0.0626825, 0.00743744, 0.428871, 0.901158
5089,-3.4775,4.4052,1.71583,0.0627126, 0.0075709, 0.430447, 0.900403
5090,-3.47822,4.4045,1.71581,0.062767, 0.00774278, 0.43202, 0.899644
5091,-3.47892,4.4038,1.7158,0.0628071, 0.00793184, 0.433588, 0.898885
5092,-3.4796,4.4031,1.7158,0.0628171, 0.00814296, 0.435161, 0.898122
5093,-3.48027,4.40239,1.71581,0.0627977, 0.0083696, 0.436714, 0.897367
5094,-3.48582,4.41024,1.71716,0.0627044, 0.00844497, 0.43692, 0.897272
5095,-3.48649,4.40958,1.71716,0.0626595, 0.00868076, 0.438483, 0.89651
5096,-3.48715,4.40892,1.71718,0.0625772, 0.00891033, 0.440063, 0.89574
5097,-3.4878,4.40826,1.7172,0.0624599, 0.00915485, 0.441611, 0.894983
5098,-3.48844,4.4076,1.71723,0.0623103, 0.0093894, 0.443158, 0.894226
5099,-3.48908,4.40694,1.71726,0.0621443, 0.00961506, 0.444695, 0.893472
5100,-3.48972,4.40627,1.7173,0.0619603, 0.00984699, 0.446228, 0.892718
5101,-3.49036,4.4056,1.71735,0.0617797, 0.0100596, 0.447761, 0.89196
5102,-3.49612,4.41357,1.71879,0.0616611, 0.010146, 0.447812, 0.891942
5103,-3.49677,4.41295,1.71883,0.0614789, 0.0103343, 0.449362, 0.891172
5104,-3.49742,4.41232,1.71888,0.0613197, 0.0105149, 0.450909, 0.890399
5105,-3.49807,4.41167,1.71894,0.0611878, 0.0106711, 0.452447, 0.889626
5106,-3.50332,4.41851,1.72029,0.0611508, 0.0105975, 0.452593, 0.889555
5107,-3.50399,4.4179,1.72036,0.0610366, 0.010749, 0.454154, 0.888765
5108,-3.50467,4.41728,1.72043,0.0609551, 0.0108888, 0.455715, 0.887969
5109,-3.50534,4.41664,1.7205,0.0609164, 0.0110114, 0.457277, 0.887167
5110,-3.50601,4.41599,1.72059,0.0608911, 0.0111372, 0.458826, 0.886367
5111,-3.51027,4.42221,1.72139,0.0610364, 0.0111727, 0.459097, 0.886216
5112,-3.51095,4.42159,1.72147,0.0610049, 0.0112983, 0.460644, 0.885414
5113,-3.51163,4.42095,1.72155,0.0609914, 0.011414, 0.462205, 0.8846
5114,-3.51231,4.42031,1.72163,0.0609611, 0.0115136, 0.463742, 0.883795
5115,-3.51298,4.41965,1.72172,0.0608951, 0.01158, 0.465292, 0.882984
5116,-3.51366,4.41899,1.7218,0.0608079, 0.0116527, 0.466831, 0.882177
5117,-3.51435,4.41832,1.72187,0.0606585, 0.0116885, 0.468382, 0.881364
5118,-3.51848,4.4247,1.72237,0.0607376, 0.0117917, 0.468509, 0.88129
5119,-3.51917,4.42407,1.72243,0.0605344, 0.0118125, 0.470057, 0.880479
5120,-3.51987,4.42343,1.72248,0.0602694, 0.0118122, 0.471628, 0.879656
5121,-3.52058,4.4228,1.72254,0.0599554, 0.0117828, 0.473176, 0.878847
5122,-3.52131,4.42216,1.72259,0.0596092, 0.0117339, 0.474732, 0.878031
5123,-3.52204,4.42152,1.72265,0.0591949, 0.0116565, 0.476298, 0.877212
5124,-3.52279,4.42087,1.72271,0.0587499, 0.0115462, 0.477859, 0.876394
5125,-3.52355,4.42023,1.72277,0.0582764, 0.0114299, 0.479413, 0.875578
5126,-3.52803,4.42684,1.72338,0.0582962, 0.0115055, 0.479413, 0.875575
5127,-3.5288,4.42623,1.72342,0.0578102, 0.0113727, 0.480973, 0.874754
5128,-3.52957,4.42562,1.72347,0.0573157, 0.0112663, 0.482523, 0.873934
5129,-3.53034,4.42499,1.72352,0.0568314, 0.0111686, 0.484072, 0.873109
5130,-3.5311,4.42435,1.72357,0.0563516, 0.0110844, 0.485617, 0.872283
5131,-3.53186,4.4237,1.72363,0.0559041, 0.0110345, 0.487167, 0.871448
5132,-3.5326,4.42303,1.7237,0.0554545, 0.0110104, 0.488702, 0.870617
5133,-3.53334,4.42234,1.72377,0.0550318, 0.0110171, 0.490229, 0.869785
5134,-3.5378,4.42916,1.72447,0.0550536, 0.0111485, 0.490207, 0.869794
5135,-3.53852,4.42851,1.72453,0.0546645, 0.0111876, 0.491736, 0.868955
5136,-3.53924,4.42784,1.72461,0.0542973, 0.0112559, 0.493243, 0.868122
5137,-3.53994,4.42716,1.72469,0.0539755, 0.0113298, 0.494753, 0.867282
5138,-3.54063,4.42646,1.72478,0.0536804, 0.0114086, 0.496234, 0.866453
5139,-3.54131,4.42574,1.72487,0.0534037, 0.0114894, 0.497726, 0.865612
5140,-3.54198,4.425,1.72496,0.0531631, 0.0115982, 0.499201, 0.864776
5141,-3.54649,4.43171,1.72574,0.0531881, 0.0116841, 0.499308, 0.864711
5142,-3.54716,4.431,1.72583,0.052983, 0.0117703, 0.500802, 0.863858
5143,-3.54782,4.43026,1.72591,0.0528226, 0.0118349, 0.502291, 0.863002
5144,-3.54848,4.4295,1.72601,0.0526869, 0.0118666, 0.503794, 0.862134
5145,-3.54914,4.42872,1.7261,0.052552, 0.0118937, 0.505301, 0.861259
5146,-3.5498,4.42792,1.72621,0.052413, 0.011891, 0.506802, 0.860386
5147,-3.55046,4.4271,1.72631,0.0522709, 0.0118814, 0.508331, 0.859492
5148,-3.55112,4.42625,1.72641,0.0521213, 0.0118446, 0.509874, 0.858587
5149,-3.55588,4.43314,1.72731,0.0521111, 0.0119269, 0.509869, 0.85859
5150,-3.55655,4.43233,1.72741,0.0519645, 0.0118722, 0.511404, 0.857686
5151,-3.55723,4.43151,1.7275,0.0518029, 0.0118081, 0.512945, 0.856776
5152,-3.55792,4.43067,1.7276,0.0516244, 0.0117324, 0.514507, 0.85585
5153,-3.55861,4.42982,1.7277,0.0514396, 0.011649, 0.516058, 0.854928
5154,-3.55931,4.42895,1.72781,0.0512358, 0.0115575, 0.517626, 0.853993
5155,-3.56001,4.42807,1.72792,0.0510352, 0.0114816, 0.519177, 0.853064
5156,-3.56072,4.42718,1.72804,0.050854, 0.0114201, 0.520711, 0.852141
5157,-3.56534,4.4346,1.72877,0.0508508, 0.0115387, 0.520701, 0.852145
5158,-3.56605,4.43375,1.72888,0.0506523, 0.0114942, 0.522264, 0.8512
5159,-3.56677,4.4329,1.729,0.0504422, 0.0114561, 0.523813, 0.850261
5160,-3.56748,4.43204,1.72913,0.0502503, 0.0114336, 0.525364, 0.849315
5161,-3.56819,4.43116,1.72926,0.0500683, 0.011436, 0.526893, 0.848379
5162,-3.5689,4.43028,1.72939,0.0498999, 0.0114461, 0.528431, 0.847431
5163,-3.56961,4.42938,1.72954,0.049748, 0.0114554, 0.529945, 0.846494
5164,-3.57381,4.43715,1.73022,0.0497096, 0.0116124, 0.530102, 0.846396
5165,-3.57452,4.4363,1.73036,0.049583, 0.0116514, 0.531618, 0.845451
5166,-3.57523,4.43543,1.7305,0.0494775, 0.0116866, 0.53313, 0.844504
5167,-3.57595,4.43456,1.73065,0.0493926, 0.0117221, 0.534618, 0.843568
5168,-3.57666,4.43367,1.73079,0.0493239, 0.0117547, 0.53609, 0.842637
5169,-3.57738,4.43278,1.73095,0.0492646, 0.0117887, 0.537583, 0.841688
5170,-3.5781,4.43187,1.7311,0.0492031, 0.0118081, 0.539081, 0.840732
5171,-3.57883,4.43095,1.73126,0.0491361, 0.0118148, 0.540552, 0.839791
5172,-3.58399,4.43893,1.73203,0.0490364, 0.0119149, 0.540536, 0.839806
5173,-3.58474,4.43807,1.73217,0.0489649, 0.0118899, 0.541987, 0.838875
5174,-3.5855,4.4372,1.73231,0.0488674, 0.0118611, 0.543434, 0.837945
5175,-3.58627,4.43633,1.73246,0.0487666, 0.0118108, 0.54486, 0.837025
5176,-3.58705,4.43545,1.73259,0.0486385, 0.0117397, 0.54626, 0.83612
5177,-3.58785,4.43456,1.73273,0.0484874, 0.011648, 0.547649, 0.835221
5178,-3.58865,4.43367,1.73286,0.0483144, 0.0115482, 0.549039, 0.834319
5179,-3.58947,4.43277,1.73299,0.0481303, 0.0114342, 0.550411, 0.833427
5180,-3.59482,4.44075,1.73355,0.0480354, 0.0115022, 0.550352, 0.833471
5181,-3.59566,4.43991,1.73366,0.0478399, 0.0113868, 0.551706, 0.832588
5182,-3.59652,4.43906,1.73377,0.0476229, 0.011254, 0.553035, 0.83172
5183,-3.59738,4.43822,1.73387,0.0473808, 0.0111056, 0.55437, 0.830846
5184,-3.60125,4.44498,1.73438,0.0474402, 0.0111053, 0.554417, 0.830812
5185,-3.60214,4.44417,1.73447,0.0471859, 0.0109549, 0.555707, 0.829966
5186,-3.60304,4.44337,1.73456,0.0469137, 0.0107931, 0.556986, 0.829125
5187,-3.60395,4.44255,1.73465,0.0466403, 0.0106212, 0.558262, 0.828285
5188,-3.60753,4.44854,1.73507,0.0467105, 0.0105809, 0.558525, 0.828104
5189,-3.60846,4.44777,1.73515,0.0464256, 0.0104259, 0.559787, 0.827269
5190,-3.60939,4.44699,1.73523,0.0461506, 0.0102683, 0.561044, 0.826435
5191,-3.61034,4.4462,1.73531,0.0458716, 0.0101306, 0.562298, 0.825599
5192,-3.61128,4.4454,1.73538,0.045595, 0.0100088, 0.563532, 0.824774
5193,-3.61223,4.4446,1.73546,0.0453216, 0.00989854, 0.564769, 0.823944
5194,-3.61317,4.44379,1.73554,0.0450603, 0.00979459, 0.565986, 0.823124
5195,-3.61412,4.44297,1.73561,0.0448226, 0.00970127, 0.567189, 0.82231
5196,-3.61811,4.4492,1.7359,0.0449054, 0.00979583, 0.567055, 0.822396
5197,-3.61906,4.44842,1.73596,0.0446729, 0.00970422, 0.568259, 0.821579
5198,-3.62,4.44764,1.73601,0.0444559, 0.00961743, 0.569478, 0.820747
5199,-3.62095,4.44684,1.73607,0.0442653, 0.00953005, 0.570688, 0.819918
5200,-3.6219,4.44602,1.73612,0.0440927, 0.0094421, 0.571899, 0.819084
5201,-3.62284,4.4452,1.73616,0.0439375, 0.00934563, 0.573102, 0.818252
5202,-3.62379,4.44436,1.73621,0.0437837, 0.00923636, 0.574342, 0.817392
5203,-3.62474,4.4435,1.73624,0.0436348, 0.00910876, 0.575566, 0.81654
5204,-3.62875,4.45009,1.73658,0.0436949, 0.00920805, 0.575452, 0.816615
5205,-3.6297,4.44928,1.73659,0.0435313, 0.00905917, 0.576691, 0.815751
5206,-3.63066,4.44845,1.7366,0.0433639, 0.00889934, 0.577931, 0.814884
5207,-3.63162,4.44762,1.7366,0.043183, 0.00871645, 0.579178, 0.81401
5208,-3.63258,4.44677,1.7366,0.0429922, 0.00853555, 0.580437, 0.813125
5209,-3.63355,4.44591,1.73658,0.0428001, 0.0083468, 0.581701, 0.812233
5210,-3.63453,4.44505,1.73656,0.0425817, 0.00815556, 0.582967, 0.811338
5211,-3.63832,4.45182,1.73703,0.0425992, 0.00822827, 0.582973, 0.811333
5212,-3.6393,4.45101,1.737,0.0423902, 0.00804663, 0.584243, 0.810431
5213,-3.64028,4.45019,1.73695,0.0421535, 0.00786413, 0.585523, 0.809521
5214,-3.64126,4.44936,1.7369,0.0419037, 0.00770162, 0.586806, 0.808606
5215,-3.64225,4.44852,1.73684,0.0416582, 0.00754221, 0.588087, 0.807689
5216,-3.64323,4.44768,1.73677,0.0414115, 0.00739966, 0.589376, 0.806763
5217,-3.64422,4.44683,1.7367,0.0411737, 0.0072759, 0.590679, 0.805823
5218,-3.64519,4.44598,1.73662,0.0409468, 0.00715062, 0.591975, 0.804884
5219,-3.64922,4.45287,1.73708,0.0409611, 0.00724912, 0.591874, 0.804957
5220,-3.65019,4.45207,1.73699,0.0407485, 0.00714672, 0.593182, 0.804005
5221,-3.65116,4.45126,1.73689,0.0405529, 0.0070498, 0.594498, 0.803043
5222,-3.65213,4.45044,1.7368,0.0403699, 0.00696666, 0.595822, 0.802071
5223,-3.65309,4.44961,1.7367,0.0401978, 0.00688644, 0.597148, 0.801094
5224,-3.65405,4.44878,1.7366,0.0400223, 0.00682067, 0.598498, 0.800095
5225,-3.65501,4.44794,1.73651,0.0398577, 0.00675434, 0.599824, 0.79911
5226,-3.65596,4.44709,1.73642,0.039705, 0.00669173, 0.601154, 0.798118
5227,-3.65989,4.45434,1.73694,0.039709, 0.0068367, 0.601084, 0.79817
5228,-3.66084,4.45355,1.73684,0.0395589, 0.00677759, 0.602411, 0.797177
5229,-3.6618,4.45276,1.73674,0.0394014, 0.00674068, 0.60375, 0.796171
5230,-3.66276,4.45195,1.73665,0.0392557, 0.00671494, 0.605078, 0.79517
5231,-3.66372,4.45115,1.73657,0.0391029, 0.00668114, 0.606393, 0.794175
5232,-3.66468,4.45033,1.73649,0.038956, 0.0066476, 0.607724, 0.793165
5233,-3.66565,4.44951,1.73642,0.0388182, 0.00661374, 0.609033, 0.792167
5234,-3.66946,4.45675,1.73678,0.0388171, 0.00673524, 0.609057, 0.792148
5235,-3.67043,4.45598,1.73671,0.0386906, 0.00671512, 0.610364, 0.791147
5236,-3.67141,4.45521,1.73664,0.0385714, 0.00669153, 0.611681, 0.790135
5237,-3.67239,4.45443,1.73659,0.0384806, 0.00667089, 0.612977, 0.789135
5238,-3.67338,4.45365,1.73654,0.0383858, 0.00664827, 0.614283, 0.788123
5239,-3.67437,4.45286,1.73651,0.0383122, 0.00662249, 0.615578, 0.787116
5240,-3.67537,4.45206,1.73648,0.0382374, 0.00659623, 0.616863, 0.786113
5241,-3.67638,4.45125,1.73646,0.0381657, 0.0065574, 0.618143, 0.785111
5242,-3.68018,4.4583,1.73679,0.0382007, 0.0066953, 0.618041, 0.785189
5243,-3.68119,4.45754,1.73676,0.0381465, 0.00666656, 0.619321, 0.784182
5244,-3.68221,4.45678,1.73674,0.038085, 0.00663385, 0.620601, 0.783173
5245,-3.68323,4.45601,1.73673,0.0380074, 0.00657909, 0.621864, 0.782175
5246,-3.68426,4.45524,1.73673,0.0379062, 0.00654112, 0.623128, 0.781173
5247,-3.6853,4.45446,1.73674,0.0378348, 0.00653627, 0.624379, 0.780177
5248,-3.68634,4.45367,1.73676,0.037756, 0.0065578, 0.625629, 0.779179
5249,-3.68739,4.45288,1.73678,0.037672, 0.00657409, 0.6269, 0.778161
5250,-3.69124,4.46037,1.73709,0.0376789, 0.00676546, 0.62682, 0.778223
5251,-3.69229,4.45964,1.73712,0.037598, 0.00680253, 0.628064, 0.777223
5252,-3.69336,4.45891,1.73717,0.0375077, 0.00683165, 0.629314, 0.776215
5253,-3.69443,4.45817,1.73723,0.0374338, 0.00684391, 0.630582, 0.775189
5254,-3.69552,4.45743,1.73732,0.037383, 0.00686945, 0.631855, 0.774154
5255,-3.69662,4.45669,1.73742,0.0373406, 0.0068954, 0.63312, 0.773122
5256,-3.69772,4.45594,1.73753,0.0373232, 0.00690487, 0.634397, 0.772075
5257,-3.70169,4.46353,1.7378,0.0373069, 0.00704813, 0.634421, 0.772055
5258,-3.70281,4.46285,1.73791,0.0372901, 0.00704446, 0.635693, 0.771009
5259,-3.70394,4.46216,1.73803,0.0372553, 0.00703121, 0.636962, 0.769962
5260,-3.70506,4.46147,1.73815,0.0372248, 0.00705447, 0.638229, 0.768914
5261,-3.70619,4.46077,1.73827,0.0371915, 0.00713385, 0.639472, 0.767881
5262,-3.70975,4.46732,1.73858,0.0372717, 0.00714474, 0.63936, 0.76797
5263,-3.71089,4.46668,1.7387,0.0372411, 0.00726459, 0.640598, 0.766939
5264,-3.71202,4.46602,1.73883,0.0372238, 0.00743095, 0.641825, 0.765911
5265,-3.71316,4.46536,1.73896,0.0372206, 0.00763008, 0.643049, 0.764882
5266,-3.71623,4.47139,1.73916,0.0373472, 0.00770044, 0.643265, 0.764693
5267,-3.71738,4.47078,1.73931,0.037351, 0.0079288, 0.644472, 0.763674
5268,-3.71852,4.47016,1.73946,0.0373574, 0.00817898, 0.64567, 0.762658
5269,-3.71966,4.46955,1.73963,0.0373659, 0.00843282, 0.646865, 0.761642
5270,-3.72081,4.46893,1.73981,0.0373836, 0.00868583, 0.648059, 0.760623
5271,-3.72196,4.4683,1.74,0.0374086, 0.00893432, 0.649253, 0.759599
5272,-3.72312,4.46767,1.7402,0.0374359, 0.00916788, 0.650438, 0.758581
5273,-3.72429,4.46704,1.74041,0.0374465, 0.00940399, 0.651634, 0.757551
5274,-3.72726,4.47344,1.74057,0.0375607, 0.00963529, 0.651481, 0.757673
5275,-3.72842,4.47286,1.74076,0.037573, 0.00989249, 0.652663, 0.756651
5276,-3.72959,4.47227,1.74097,0.0375762, 0.0101466, 0.653822, 0.755647
5277,-3.73077,4.47167,1.74117,0.0375808, 0.0104094, 0.654975, 0.754643
5278,-3.73196,4.47106,1.74139,0.0375687, 0.010667, 0.656119, 0.753647
5279,-3.73315,4.47044,1.74161,0.0375519, 0.0109355, 0.657279, 0.752632
5280,-3.73435,4.46981,1.74184,0.0375412, 0.0111849, 0.65843, 0.751622
5281,-3.73727,4.47597,1.74219,0.0376478, 0.0113777, 0.658388, 0.75165
5282,-3.73848,4.47539,1.74241,0.0376382, 0.0116378, 0.659547, 0.75063
5283,-3.73969,4.47481,1.74265,0.0376555, 0.0118795, 0.660695, 0.749615
5284,-3.74092,4.47421,1.74289,0.0376757, 0.0121098, 0.66184, 0.7486
5285,-3.74216,4.47359,1.74314,0.0376948, 0.0123323, 0.663006, 0.747563
5286,-3.7434,4.47297,1.74339,0.0376967, 0.012534, 0.664175, 0.746521
5287,-3.74466,4.47234,1.74365,0.0377059, 0.0127397, 0.665328, 0.74549
5288,-3.74592,4.47169,1.74391,0.0377209, 0.0129512, 0.666469, 0.744465
5289,-3.74902,4.47834,1.74404,0.037798, 0.0131805, 0.666373, 0.744543
5290,-3.75028,4.47775,1.74428,0.0377985, 0.0133919, 0.667528, 0.743504
5291,-3.75155,4.47715,1.74453,0.0378146, 0.0136242, 0.66866, 0.742481
5292,-3.75283,4.47653,1.74479,0.0378164, 0.0138566, 0.669784, 0.741463
5293,-3.75411,4.4759,1.74504,0.0378173, 0.0140982, 0.670892, 0.740456
5294,-3.75539,4.47526,1.74531,0.0378121, 0.0143526, 0.671994, 0.739451
5295,-3.75668,4.47461,1.74557,0.0378249, 0.0146147, 0.673091, 0.738447
5296,-3.75797,4.47394,1.74584,0.0378144, 0.0148889, 0.674174, 0.737453
5297,-3.76147,4.48096,1.74582,0.0378279, 0.0150997, 0.674015, 0.737594
5298,-3.76276,4.48035,1.74607,0.0378249, 0.0153618, 0.675106, 0.73659
5299,-3.76406,4.47974,1.74633,0.037831, 0.0156281, 0.676176, 0.735602
5300,-3.76537,4.47911,1.7466,0.0378421, 0.0159087, 0.677236, 0.73462
5301,-3.76669,4.47847,1.74686,0.0378532, 0.0161779, 0.678278, 0.733652
5302,-3.76801,4.47782,1.74712,0.0378492, 0.0164324, 0.679304, 0.732696
5303,-3.76933,4.47716,1.74739,0.0378507, 0.0166868, 0.680325, 0.731743
5304,-3.77294,4.48399,1.7474,0.0378775, 0.0168474, 0.680272, 0.731787
5305,-3.77427,4.48338,1.74765,0.0378801, 0.0170897, 0.681269, 0.730853
5306,-3.77561,4.48275,1.74791,0.0378872, 0.0173368, 0.682258, 0.729923
5307,-3.77696,4.4821,1.74816,0.0378772, 0.0175515, 0.683246, 0.728994
5308,-3.77832,4.48143,1.74842,0.0378683, 0.0177516, 0.684223, 0.728072
5309,-3.77969,4.48074,1.74868,0.0378489, 0.0179362, 0.685176, 0.727172
5310,-3.78106,4.48004,1.74894,0.0378166, 0.0181032, 0.686129, 0.726271
5311,-3.78244,4.47932,1.7492,0.0377709, 0.01825, 0.68706, 0.725388
5312,-3.78604,4.48659,1.74905,0.0377625, 0.0184592, 0.686916, 0.72552
5313,-3.78743,4.48592,1.74929,0.0377151, 0.0185793, 0.687835, 0.724649
5314,-3.78882,4.48523,1.74954,0.0376711, 0.0186959, 0.688745, 0.723783
5315,-3.79022,4.48452,1.74978,0.0376272, 0.0187991, 0.689639, 0.722931
5316,-3.79163,4.48378,1.75003,0.0375834, 0.0188754, 0.690525, 0.722085
5317,-3.79305,4.48303,1.75029,0.037533, 0.0189281, 0.691393, 0.721255
5318,-3.79447,4.48225,1.75055,0.0374753, 0.0189615, 0.692255, 0.72043
5319,-3.79589,4.48145,1.75081,0.0374135, 0.0189821, 0.693109, 0.71961
5320,-3.79963,4.48878,1.7507,0.0373766, 0.0191433, 0.692911, 0.7198
5321,-3.80106,4.48803,1.75096,0.0373152, 0.0191465, 0.693755, 0.718988
5322,-3.8025,4.48726,1.75121,0.037244, 0.0191272, 0.6946, 0.718176
5323,-3.80395,4.48647,1.75148,0.0371637, 0.0190869, 0.695435, 0.717373
5324,-3.80539,4.48566,1.75175,0.0370884, 0.0190223, 0.696262, 0.716576
5325,-3.80684,4.48482,1.75203,0.0370143, 0.0189435, 0.697071, 0.715795
5326,-3.8083,4.48397,1.75231,0.0369456, 0.0188496, 0.697877, 0.715016
5327,-3.81227,4.49074,1.75226,0.036923, 0.0189114, 0.697759, 0.71513
5328,-3.81373,4.48993,1.75253,0.0368513, 0.0188072, 0.698564, 0.71435
5329,-3.8152,4.48909,1.75281,0.0367838, 0.0186819, 0.699357, 0.713581
5330,-3.81666,4.48823,1.7531,0.036736, 0.0185609, 0.700152, 0.712807
5331,-3.81812,4.48734,1.75339,0.0367052, 0.0184454, 0.700945, 0.712031
5332,-3.81957,4.48643,1.75368,0.0366914, 0.0183277, 0.701738, 0.711253
5333,-3.82102,4.4855,1.75398,0.0366859, 0.0182167, 0.702528, 0.710477
5334,-3.82246,4.48455,1.75428,0.036684, 0.0181174, 0.703308, 0.709707
5335,-3.82648,4.4912,1.75421,0.036679, 0.0182066, 0.70308, 0.709931
5336,-3.82791,4.4903,1.7545,0.0366733, 0.0181264, 0.703854, 0.709166
5337,-3.82934,4.48937,1.75479,0.0366552, 0.0180513, 0.704622, 0.708406
5338,-3.83076,4.48843,1.75508,0.0366229, 0.0180055, 0.705386, 0.707648
5339,-3.8345,4.49405,1.75509,0.0366893, 0.0179232, 0.705321, 0.707711
5340,-3.83592,4.49314,1.75536,0.0366322, 0.0178739, 0.706079, 0.706959
5341,-3.83734,4.49221,1.75564,0.0365515, 0.0178371, 0.706832, 0.706211
5342,-3.83875,4.49127,1.75591,0.0364688, 0.0177835, 0.707581, 0.705466
5343,-3.84015,4.49031,1.75617,0.0363625, 0.0177291, 0.708328, 0.704723
5344,-3.84298,4.49612,1.75599,0.0364665, 0.0177721, 0.708364, 0.70468
5345,-3.84438,4.49519,1.75624,0.0363543, 0.0177311, 0.709102, 0.703944
5346,-3.84577,4.49423,1.75648,0.0362337, 0.0176589, 0.709843, 0.703206
5347,-3.84715,4.49326,1.75672,0.0361144, 0.0175795, 0.710591, 0.702458
5348,-3.84852,4.49226,1.75695,0.0359978, 0.0174862, 0.711336, 0.701712
5349,-3.84988,4.49124,1.75718,0.0358783, 0.017379, 0.712074, 0.700971
5350,-3.85123,4.49019,1.7574,0.0357559, 0.0172656, 0.712804, 0.700238
5351,-3.85391,4.49654,1.75712,0.0358475, 0.0173874, 0.712698, 0.700339
5352,-3.85525,4.49553,1.75733,0.0357244, 0.0172539, 0.713431, 0.699602
5353,-3.85657,4.49449,1.75754,0.0356166, 0.0171015, 0.714168, 0.698859
5354,-3.85789,4.49343,1.75775,0.0355332, 0.016957, 0.7149, 0.698117
5355,-3.85918,4.49233,1.75795,0.0354752, 0.016819, 0.715637, 0.697368
5356,-3.86047,4.49121,1.75816,0.035439, 0.0166596, 0.716373, 0.696618
5357,-3.86173,4.49005,1.75836,0.0354346, 0.0165194, 0.717108, 0.695864
5358,-3.86298,4.48887,1.75856,0.0354751, 0.0163838, 0.717838, 0.695112
5359,-3.86576,4.49527,1.75835,0.035592, 0.0165254, 0.717654, 0.695293
5360,-3.86698,4.49412,1.75853,0.0356643, 0.0164052, 0.718381, 0.694541
5361,-3.86817,4.49294,1.75871,0.0357677, 0.0162921, 0.719109, 0.693785
5362,-3.86934,4.49173,1.75889,0.0358937, 0.0161823, 0.719848, 0.693014
5363,-3.87049,4.4905,1.75907,0.0360501, 0.0160993, 0.720572, 0.692255
5364,-3.87162,4.48924,1.75926,0.0362282, 0.0160415, 0.721288, 0.691501
5365,-3.87273,4.48795,1.75944,0.0364219, 0.0160147, 0.72201, 0.690738
5366,-3.87382,4.48663,1.75962,0.0366341, 0.0159922, 0.722728, 0.689976
5367,-3.87678,4.49314,1.75937,0.0367559, 0.016141, 0.722533, 0.69017
5368,-3.87785,4.49187,1.75954,0.036972, 0.0161329, 0.723261, 0.689396
5369,-3.8789,4.49058,1.75971,0.0372078, 0.0161169, 0.723983, 0.688625
5370,-3.87995,4.48926,1.75989,0.037447, 0.0160883, 0.724713, 0.687844
5371,-3.88098,4.48792,1.76006,0.0376831, 0.0160419, 0.725456, 0.687049
5372,-3.882,4.48656,1.76024,0.037919, 0.0159977, 0.726192, 0.686259
5373,-3.88302,4.48518,1.76041,0.0381468, 0.0159168, 0.72694, 0.685456
5374,-3.88631,4.49151,1.76021,0.0382495, 0.0159805, 0.726853, 0.685541
5375,-3.88733,4.49016,1.76037,0.0384654, 0.015892, 0.727608, 0.684729
5376,-3.88834,4.48879,1.76051,0.0386765, 0.0157854, 0.72838, 0.683898
5377,-3.88935,4.48739,1.76065,0.0388639, 0.0156642, 0.729164, 0.683055
5378,-3.89036,4.48597,1.76078,0.0390589, 0.0155391, 0.729951, 0.682205
5379,-3.89136,4.48453,1.76091,0.0392528, 0.015424, 0.730745, 0.681346
5380,-3.89235,4.48306,1.76103,0.0394454, 0.0153187, 0.731544, 0.68048
5381,-3.89334,4.48158,1.76114,0.0396499, 0.0152038, 0.732353, 0.679599
5382,-3.89639,4.48887,1.7608,0.0397022, 0.0154341, 0.73226, 0.679692
5383,-3.89737,4.48744,1.7609,0.0399005, 0.0153308, 0.733057, 0.678823
5384,-3.89834,4.48599,1.76099,0.0401121, 0.0152328, 0.733867, 0.677936
5385,-3.89931,4.48452,1.76108,0.0403096, 0.0151313, 0.734677, 0.67705
5386,-3.90027,4.48304,1.76117,0.0405079, 0.0150378, 0.735496, 0.67615
5387,-3.90124,4.48153,1.76125,0.0407006, 0.0149554, 0.736296, 0.675269
5388,-3.9022,4.48001,1.76134,0.0408819, 0.0148561, 0.737102, 0.674381
5389,-3.90316,4.47847,1.76142,0.0410339, 0.0147746, 0.737902, 0.673497
5390,-3.90605,4.48651,1.76092,0.0410319, 0.0150452, 0.737795, 0.673609
5391,-3.90701,4.48504,1.76099,0.041168, 0.0149445, 0.738588, 0.672733
5392,-3.90797,4.48355,1.76107,0.0412803, 0.0148358, 0.739402, 0.671834
5393,-3.90893,4.48205,1.76115,0.0413834, 0.0146996, 0.74021, 0.67094
5394,-3.90991,4.48053,1.76125,0.0414723, 0.0145441, 0.741013, 0.67005
5395,-3.91089,4.47899,1.76135,0.0415524, 0.0143617, 0.741831, 0.669144
5396,-3.91188,4.47743,1.76146,0.0416267, 0.014145, 0.74265, 0.668235
5397,-3.9152,4.48479,1.76097,0.0416457, 0.0142618, 0.74262, 0.668265
5398,-3.91621,4.48329,1.76107,0.041724, 0.0140268, 0.743445, 0.667346
5399,-3.91722,4.48177,1.76118,0.041791, 0.0137538, 0.744264, 0.666434
5400,-3.91824,4.48023,1.7613,0.0418505, 0.0134654, 0.745095, 0.665508
5401,-3.91926,4.47867,1.76142,0.0419053, 0.0131937, 0.745924, 0.66458
5402,-3.92029,4.47709,1.76155,0.0419523, 0.0129191, 0.746732, 0.663675
5403,-3.92132,4.4755,1.76168,0.041989, 0.0126747, 0.747544, 0.662763
5404,-3.92234,4.47389,1.76183,0.0420153, 0.0124547, 0.748332, 0.661875
5405,-3.92589,4.48102,1.76139,0.0420376, 0.0125795, 0.748206, 0.662014
5406,-3.92692,4.47947,1.76152,0.04206, 0.0123916, 0.748988, 0.661131
5407,-3.92794,4.4779,1.76166,0.0420802, 0.012238, 0.749764, 0.660253
5408,-3.92896,4.47632,1.76182,0.0420987, 0.0121104, 0.750541, 0.65937
5409,-3.92997,4.47472,1.76198,0.0421241, 0.0119912, 0.751312, 0.658493
5410,-3.93097,4.47312,1.76215,0.0421765, 0.0119044, 0.752088, 0.657604
5411,-3.93197,4.47149,1.76233,0.0422586, 0.0118284, 0.752873, 0.656702
5412,-3.93297,4.46986,1.76252,0.0423512, 0.0117592, 0.753648, 0.655807
5413,-3.93612,4.47784,1.76205,0.0423544, 0.0120295, 0.753562, 0.655901
5414,-3.9371,4.47628,1.76223,0.0424566, 0.0119784, 0.754344, 0.654996
5415,-3.93809,4.4747,1.76241,0.0425523, 0.0119229, 0.755112, 0.654104
5416,-3.93907,4.4731,1.7626,0.0426648, 0.0118921, 0.755866, 0.653227
5417,-3.94161,4.48059,1.76219,0.0427177, 0.0120154, 0.755911, 0.653168
5418,-3.9426,4.47904,1.76237,0.0428187, 0.0119918, 0.756684, 0.652267
5419,-3.94358,4.47748,1.76255,0.0429241, 0.0119809, 0.757441, 0.651381
5420,-3.94457,4.4759,1.76273,0.0430045, 0.0119649, 0.758202, 0.65049
5421,-3.94701,4.48225,1.76237,0.04314, 0.0119841, 0.758359, 0.650297
5422,-3.948,4.48071,1.76253,0.0432199, 0.0119938, 0.7591, 0.649427
5423,-3.94899,4.47916,1.7627,0.0432768, 0.011997, 0.759841, 0.648555
5424,-3.94998,4.47759,1.76286,0.0433228, 0.0120043, 0.760576, 0.64769
5425,-3.95098,4.47601,1.76301,0.0433469, 0.0120022, 0.761314, 0.646822
5426,-3.95197,4.4744,1.76315,0.0433608, 0.0120072, 0.762044, 0.64596
5427,-3.95297,4.47279,1.76329,0.0433758, 0.0120202, 0.762769, 0.645102
5428,-3.95396,4.47115,1.76343,0.0433886, 0.0120567, 0.763479, 0.644261
5429,-3.95662,4.47772,1.7631,0.0434686, 0.0122612, 0.763349, 0.644406
5430,-3.95761,4.47614,1.76321,0.0434867, 0.012316, 0.764056, 0.643564
5431,-3.9586,4.47455,1.76331,0.0435155, 0.0123984, 0.76476, 0.642724
5432,-3.95959,4.47295,1.76341,0.0435447, 0.0125043, 0.765437, 0.641914
5433,-3.96057,4.47132,1.76351,0.0435867, 0.0126241, 0.766107, 0.641109
5434,-3.96155,4.46969,1.7636,0.0436297, 0.0127834, 0.766764, 0.640317
5435,-3.96253,4.46803,1.76369,0.0437079, 0.0129591, 0.767408, 0.639536
5436,-3.96349,4.46637,1.76377,0.0437995, 0.0131617, 0.768047, 0.638758
5437,-3.96639,4.4731,1.76345,0.0438595, 0.01338, 0.767893, 0.638935
5438,-3.96735,4.4715,1.76351,0.0439602, 0.0136164, 0.768505, 0.638186
5439,-3.96831,4.46988,1.76357,0.0440602, 0.0138793, 0.769115, 0.637439
5440,-3.96927,4.46825,1.76362,0.0441656, 0.014164, 0.769715, 0.6367
5441,-3.97022,4.46661,1.76367,0.0442879, 0.0144488, 0.770311, 0.635965
5442,-3.97117,4.46496,1.76371,0.0444095, 0.0147586, 0.770897, 0.635239
5443,-3.97212,4.46329,1.76375,0.0445379, 0.0150941, 0.771477, 0.634517
5444,-3.97486,4.4704,1.76337,0.0446101, 0.0153658, 0.771433, 0.634559
5445,-3.97581,4.46879,1.76339,0.0447654, 0.0157189, 0.772012, 0.633834
5446,-3.97675,4.46717,1.7634,0.044912, 0.016103, 0.772594, 0.633105
5447,-3.9777,4.46554,1.7634,0.0450521, 0.0164929, 0.773164, 0.632389
5448,-3.97866,4.46389,1.7634,0.0451723, 0.016892, 0.773738, 0.631668
5449,-3.97962,4.46222,1.7634,0.0452662, 0.0172786, 0.774304, 0.630957
5450,-3.98059,4.46054,1.76339,0.0453292, 0.0176787, 0.774861, 0.630256
5451,-3.98158,4.45885,1.76336,0.0453634, 0.0180706, 0.775403, 0.629576
5452,-3.98428,4.46664,1.76283,0.0453508, 0.0184103, 0.775265, 0.629736
5453,-3.98528,4.46502,1.76277,0.0453347, 0.0187969, 0.775808, 0.629058
5454,-3.98629,4.46339,1.7627,0.0452676, 0.0191881, 0.776333, 0.628403
5455,-3.98732,4.46174,1.76263,0.0451692, 0.0195778, 0.776848, 0.62776
5456,-3.98837,4.46007,1.76254,0.0450413, 0.0199661, 0.777352, 0.627134
5457,-3.98944,4.45838,1.76244,0.044891, 0.0203446, 0.77783, 0.62654
5458,-3.99053,4.45667,1.76234,0.0447157, 0.0207063, 0.778294, 0.625964
5459,-3.99164,4.45494,1.76224,0.0445062, 0.0210511, 0.778759, 0.625389
5460,-3.99466,4.46273,1.76182,0.0444328, 0.0213387, 0.778607, 0.625573
5461,-3.99579,4.46106,1.76171,0.0442106, 0.0216348, 0.779059, 0.625015
5462,-3.99694,4.45936,1.76159,0.0440101, 0.0219136, 0.779507, 0.624461
5463,-3.99811,4.45764,1.76147,0.0437876, 0.0221391, 0.779938, 0.62393
5464,-3.9993,4.45589,1.76134,0.0435633, 0.0223131, 0.780372, 0.623398
5465,-4.00052,4.4541,1.76121,0.0433203, 0.0224493, 0.780802, 0.62287
5466,-4.00174,4.45228,1.76108,0.0430995, 0.022539, 0.781226, 0.62235
5467,-4.00506,4.45966,1.7607,0.0430232, 0.0227036, 0.78115, 0.622446
5468,-4.00631,4.45788,1.76054,0.0428134, 0.0227643, 0.781575, 0.621924
5469,-4.00758,4.45607,1.76038,0.042609, 0.022792, 0.781991, 0.621414
5470,-4.00885,4.45421,1.7602,0.0424156, 0.0227919, 0.782415, 0.620892
5471,-4.01013,4.45232,1.76002,0.0422148, 0.022792, 0.782813, 0.620404
5472,-4.01142,4.45039,1.75984,0.0420143, 0.0227674, 0.783223, 0.619902
5473,-4.01271,4.44843,1.75965,0.041815, 0.022719, 0.783611, 0.619427
5474,-4.014,4.44642,1.75946,0.041621, 0.0226704, 0.783984, 0.618969
5475,-4.01754,4.45362,1.75909,0.0415569, 0.0227939, 0.783821, 0.619176
5476,-4.01885,4.45167,1.75888,0.0413493, 0.0227114, 0.784208, 0.618702
5477,-4.02016,4.44968,1.75867,0.0411473, 0.0225961, 0.784586, 0.61824
5478,-4.02147,4.44765,1.75846,0.0409301, 0.0224794, 0.784959, 0.617785
5479,-4.02279,4.44559,1.75824,0.0407371, 0.0223365, 0.785339, 0.61732
5480,-4.02412,4.4435,1.75803,0.0405552, 0.0221812, 0.785725, 0.616847
5481,-4.02544,4.44137,1.75783,0.0403819, 0.0219952, 0.786118, 0.616364
5482,-4.02677,4.4392,1.75762,0.0402141, 0.0217865, 0.786503, 0.61589
5483,-4.03051,4.44623,1.75736,0.0401639, 0.021879, 0.786331, 0.61611
5484,-4.03185,4.44411,1.75715,0.0400265, 0.0216784, 0.786721, 0.615629
5485,-4.03318,4.44196,1.75693,0.0399262, 0.0214772, 0.787115, 0.615138
5486,-4.03451,4.43977,1.75673,0.03987, 0.0212748, 0.78752, 0.614631
5487,-4.03583,4.43754,1.75654,0.0398523, 0.0210639, 0.787937, 0.614104
5488,-4.03714,4.43528,1.75635,0.0398651, 0.0208634, 0.788378, 0.613543
5489,-4.03844,4.43299,1.75617,0.0398842, 0.0206526, 0.788829, 0.61297
5490,-4.04167,4.44058,1.75579,0.0399212, 0.0208084, 0.788803, 0.612995
5491,-4.04296,4.43833,1.7556,0.0399825, 0.0206405, 0.789255, 0.612415
5492,-4.04424,4.43606,1.75543,0.0400877, 0.0205104, 0.789719, 0.611814
5493,-4.0455,4.43375,1.75526,0.040237, 0.0204094, 0.790197, 0.61119
5494,-4.04675,4.43142,1.75511,0.0404079, 0.0203279, 0.790691, 0.610542
5495,-4.04908,4.43923,1.75457,0.0404747, 0.02049, 0.790675, 0.610552
5496,-4.05032,4.43694,1.75442,0.0406869, 0.0204355, 0.791168, 0.609902
5497,-4.05154,4.43463,1.75428,0.04092, 0.0204032, 0.791665, 0.609242
5498,-4.05275,4.4323,1.75414,0.0411788, 0.0204159, 0.792175, 0.60856
5499,-4.05486,4.43898,1.75366,0.0413535, 0.020491, 0.792317, 0.608362
5500,-4.05605,4.43668,1.75353,0.041635, 0.0205143, 0.792836, 0.607665
5501,-4.05723,4.43436,1.7534,0.0419217, 0.0205565, 0.793366, 0.606952
5502,-4.0584,4.43203,1.75327,0.042213, 0.0206288, 0.793893, 0.60624
5503,-4.05955,4.42967,1.75314,0.0425008, 0.0207323, 0.794415, 0.605532
5504,-4.06069,4.42729,1.75301,0.0428061, 0.0208529, 0.794929, 0.604831
5505,-4.06182,4.4249,1.75287,0.0431146, 0.0209762, 0.795436, 0.604138
5506,-4.06293,4.42248,1.75273,0.0434389, 0.0211132, 0.795928, 0.603462
5507,-4.06515,4.42965,1.75232,0.0435493, 0.0213822, 0.795822, 0.603585
5508,-4.06625,4.4273,1.75216,0.0438573, 0.0215283, 0.796312, 0.60291
5509,-4.06734,4.42493,1.75201,0.0441585, 0.021653, 0.796796, 0.602244
5510,-4.06843,4.42254,1.75185,0.0444539, 0.0217855, 0.797279, 0.601577
5511,-4.06951,4.42013,1.75171,0.044734, 0.0219085, 0.797747, 0.600931
5512,-4.0706,4.4177,1.75157,0.0450217, 0.0220096, 0.798205, 0.600298
5513,-4.07168,4.41525,1.75144,0.0452985, 0.0221151, 0.798669, 0.599655
5514,-4.07429,4.42259,1.7512,0.045379, 0.0223209, 0.798658, 0.599656
5515,-4.07538,4.4202,1.75106,0.0456487, 0.0224075, 0.799108, 0.599033
5516,-4.07647,4.41779,1.75094,0.0459416, 0.0224769, 0.799551, 0.598417
5517,-4.07757,4.41536,1.75084,0.0462293, 0.0225459, 0.799978, 0.59782
5518,-4.07866,4.41292,1.75074,0.0465344, 0.0226335, 0.800406, 0.597221
5519,-4.07976,4.41045,1.75065,0.046839, 0.0227336, 0.800817, 0.596641
5520,-4.08085,4.40796,1.75058,0.0471516, 0.0228499, 0.80122, 0.596071
5521,-4.08194,4.40546,1.75052,0.0474542, 0.0229856, 0.801612, 0.595515
5522,-4.0851,4.41248,1.75023,0.0475044, 0.023169, 0.801464, 0.595703
5523,-4.08619,4.41005,1.75016,0.0478091, 0.023347, 0.801841, 0.595164
5524,-4.08727,4.4076,1.75011,0.0481197, 0.0235423, 0.802214, 0.594629
5525,-4.08835,4.40513,1.75007,0.0484347, 0.0237697, 0.802575, 0.594107
5526,-4.08942,4.40265,1.75004,0.0487369, 0.0240222, 0.802919, 0.593606
5527,-4.09048,4.40016,1.75002,0.0490547, 0.0242964, 0.80326, 0.593108
5528,-4.09154,4.39765,1.75002,0.049376, 0.0245717, 0.803594, 0.592617
5529,-4.0926,4.39512,1.75003,0.0496954, 0.024852, 0.80392, 0.592136
5530,-4.09553,4.40239,1.74952,0.0497722, 0.0251012, 0.803805, 0.592275
5531,-4.09659,4.39993,1.74952,0.0500883, 0.0253607, 0.804133, 0.591792
5532,-4.09765,4.39746,1.74954,0.050389, 0.0256187, 0.804453, 0.59132
5533,-4.09871,4.39497,1.74956,0.0506702, 0.0258498, 0.804775, 0.590848
5534,-4.09978,4.39245,1.74959,0.0509358, 0.0260693, 0.805093, 0.590382
5535,-4.10085,4.38992,1.74964,0.0511807, 0.0262641, 0.805419, 0.589907
5536,-4.10193,4.38737,1.74968,0.0514166, 0.0264309, 0.805744, 0.589436
5537,-4.10459,4.39517,1.74893,0.05147, 0.0266734, 0.805694, 0.589489
5538,-4.10568,4.39269,1.74896,0.0516805, 0.0267988, 0.806034, 0.589
5539,-4.10677,4.39018,1.74899,0.051879, 0.0268876, 0.806357, 0.588535
5540,-4.10788,4.38766,1.74903,0.0520751, 0.0269462, 0.806694, 0.588054
5541,-4.10899,4.38511,1.74907,0.0522654, 0.0269589, 0.807044, 0.587556
5542,-4.11011,4.38253,1.74911,0.0524602, 0.0269333, 0.807402, 0.587047
5543,-4.11123,4.37994,1.74914,0.0526399, 0.0268836, 0.807768, 0.58653
5544,-4.11236,4.37733,1.74918,0.0528184, 0.0268234, 0.808133, 0.586014
5545,-4.11518,4.38521,1.7485,0.0528423, 0.027067, 0.808038, 0.586131
5546,-4.11631,4.38266,1.74851,0.053019, 0.0269871, 0.808426, 0.585584
5547,-4.11744,4.3801,1.74852,0.0531919, 0.0268887, 0.808809, 0.585043
5548,-4.11857,4.37752,1.74853,0.0533569, 0.0267991, 0.809198, 0.584494
5549,-4.1197,4.37493,1.74855,0.053509, 0.0267019, 0.809595, 0.583935
5550,-4.12083,4.37232,1.74857,0.0536502, 0.026614, 0.809995, 0.583371
5551,-4.12196,4.3697,1.74859,0.0537764, 0.0265378, 0.810407, 0.58279
5552,-4.12308,4.36707,1.74862,0.0538885, 0.0264654, 0.810816, 0.582214
5553,-4.12603,4.37501,1.74796,0.053881, 0.0267031, 0.810723, 0.582334
5554,-4.12716,4.37247,1.74798,0.0539808, 0.0266377, 0.811136, 0.581752
5555,-4.12828,4.36991,1.748,0.0540567, 0.0265706, 0.811537, 0.581188
5556,-4.12941,4.36735,1.74803,0.0540938, 0.0265183, 0.811939, 0.580626
5557,-4.13054,4.36479,1.74806,0.0541094, 0.0264673, 0.81233, 0.580079
5558,-4.13166,4.36222,1.74809,0.0540804, 0.026413, 0.81271, 0.579551
5559,-4.13279,4.35964,1.74813,0.0540167, 0.0263541, 0.81309, 0.579027
5560,-4.13582,4.36756,1.74746,0.053967, 0.0265559, 0.813067, 0.579054
5561,-4.13696,4.36507,1.74748,0.0538621, 0.0265017, 0.813429, 0.578559
5562,-4.1381,4.36257,1.7475,0.0536995, 0.0264444, 0.813793, 0.578064
5563,-4.13924,4.36007,1.74752,0.0535037, 0.0263709, 0.814141, 0.577596
5564,-4.14038,4.35756,1.74755,0.0532848, 0.0263058, 0.814462, 0.577165
5565,-4.14151,4.35504,1.74757,0.0530576, 0.0262359, 0.814769, 0.576756
5566,-4.14264,4.35251,1.7476,0.0528188, 0.0261714, 0.815069, 0.576357
5567,-4.14377,4.34997,1.74763,0.0525926, 0.0260985, 0.81536, 0.575969
5568,-4.14686,4.35832,1.74689,0.052519, 0.026344, 0.815259, 0.576108
5569,-4.14799,4.35587,1.7469,0.0522939, 0.0262567, 0.815533, 0.575745
5570,-4.1491,4.3534,1.74692,0.0520771, 0.0261692, 0.815794, 0.575399
5571,-4.1502,4.35093,1.74693,0.0518874, 0.0260777, 0.816044, 0.575064
5572,-4.15317,4.3578,1.74635,0.0519387, 0.0260815, 0.81612, 0.574952
5573,-4.15428,4.35538,1.74636,0.0517521, 0.0259818, 0.816362, 0.57463
5574,-4.15537,4.35294,1.74637,0.0515691, 0.025874, 0.816614, 0.574294
5575,-4.15644,4.35049,1.74637,0.051397, 0.0257774, 0.816847, 0.573981
5576,-4.15749,4.34802,1.74638,0.0512378, 0.0256882, 0.817077, 0.573672
5577,-4.16017,4.35433,1.7459,0.0513105, 0.0256883, 0.817112, 0.573616
5578,-4.16121,4.35192,1.7459,0.0511477, 0.0256021, 0.817334, 0.573319
5579,-4.16224,4.3495,1.7459,0.0509738, 0.0255389, 0.817543, 0.573038
5580,-4.16325,4.34706,1.7459,0.0508278, 0.0254728, 0.817745, 0.572766
5581,-4.16424,4.34462,1.74591,0.050693, 0.0254099, 0.817951, 0.572486
5582,-4.1652,4.34216,1.74592,0.0505609, 0.0253629, 0.818156, 0.572207
5583,-4.16615,4.33969,1.74593,0.0504318, 0.0253107, 0.818362, 0.571927
5584,-4.16912,4.34576,1.74537,0.0505023, 0.0253692, 0.81829, 0.57202
5585,-4.17005,4.34335,1.74537,0.0503936, 0.0253153, 0.8185, 0.571732
5586,-4.17096,4.34094,1.74537,0.050297, 0.025279, 0.818706, 0.571447
5587,-4.17186,4.33851,1.74537,0.0502165, 0.0252331, 0.818912, 0.571161
5588,-4.17273,4.33607,1.74537,0.0501424, 0.0252064, 0.819129, 0.570857
5589,-4.17358,4.33362,1.74538,0.0500924, 0.0251862, 0.819361, 0.57053
5590,-4.17441,4.33115,1.7454,0.0500533, 0.025192, 0.8196, 0.570189
5591,-4.17522,4.32868,1.74541,0.0500424, 0.0252017, 0.81985, 0.56983
5592,-4.1787,4.3348,1.74505,0.0500874, 0.0252567, 0.81975, 0.569968
5593,-4.17951,4.33239,1.74505,0.0500875, 0.0252822, 0.820015, 0.569586
5594,-4.18029,4.32996,1.74506,0.0501158, 0.0253168, 0.820285, 0.569193
5595,-4.18106,4.32753,1.74506,0.0501689, 0.0253693, 0.820564, 0.568783
5596,-4.1818,4.32508,1.74508,0.0502534, 0.025441, 0.82086, 0.568346
5597,-4.18253,4.32263,1.74509,0.0503446, 0.025509, 0.821165, 0.567893
5598,-4.18325,4.32016,1.74511,0.0504479, 0.0255905, 0.821482, 0.567421
5599,-4.18395,4.31768,1.74514,0.050554, 0.0256708, 0.821817, 0.566923
5600,-4.18796,4.32385,1.74497,0.0505536, 0.0257115, 0.82173, 0.567047
5601,-4.18866,4.32144,1.74498,0.0506736, 0.0257849, 0.822072, 0.566537
5602,-4.18936,4.31902,1.745,0.0507819, 0.0258213, 0.822438, 0.565995
5603,-4.19006,4.31659,1.74502,0.0508744, 0.0258358, 0.822813, 0.565441
5604,-4.19075,4.31414,1.74504,0.0509573, 0.0258196, 0.823188, 0.564888
5605,-4.19144,4.31168,1.74505,0.0510152, 0.0257639, 0.82357, 0.564328
5606,-4.19214,4.30922,1.74507,0.0510531, 0.0256878, 0.823956, 0.563765
5607,-4.19549,4.31632,1.7447,0.051046, 0.0258153, 0.823969, 0.563741
5608,-4.19621,4.31392,1.74469,0.051054, 0.0257134, 0.824347, 0.563192
5609,-4.19694,4.31152,1.74469,0.0510387, 0.025568, 0.824725, 0.562646
5610,-4.19767,4.3091,1.74469,0.0509927, 0.0253995, 0.825086, 0.562128
5611,-4.19841,4.30667,1.74468,0.0509333, 0.0252149, 0.825438, 0.561624
5612,-4.19915,4.30423,1.74468,0.0508731, 0.0250062, 0.825771, 0.561149
5613,-4.1999,4.30178,1.74468,0.0508172, 0.0247886, 0.826096, 0.560685
5614,-4.20066,4.29932,1.74468,0.0507707, 0.0245557, 0.826408, 0.56024
5615,-4.20322,4.30787,1.74409,0.0507511, 0.0248474, 0.826351, 0.560313
5616,-4.20398,4.3055,1.74408,0.0507191, 0.0246084, 0.826656, 0.559877
5617,-4.20474,4.30313,1.74407,0.0507132, 0.0243736, 0.826967, 0.559429
5618,-4.20549,4.30074,1.74406,0.0507311, 0.0241449, 0.82728, 0.558974
5619,-4.20624,4.29834,1.74406,0.0507784, 0.0239159, 0.827613, 0.558486
5620,-4.20698,4.29594,1.74407,0.0508343, 0.0236824, 0.82795, 0.557991
5621,-4.20772,4.29352,1.74407,0.0508952, 0.0234651, 0.828305, 0.557467
5622,-4.20844,4.2911,1.74409,0.0509583, 0.0232665, 0.82867, 0.556927
5623,-4.21109,4.29951,1.74364,0.0509605, 0.0235496, 0.828621, 0.556987
5624,-4.2118,4.29719,1.74365,0.0510414, 0.023386, 0.829006, 0.556415
5625,-4.2125,4.29485,1.74366,0.0511366, 0.0232594, 0.829411, 0.555807
5626,-4.21319,4.2925,1.74369,0.0512363, 0.0231401, 0.829827, 0.555181
5627,-4.21388,4.29015,1.74374,0.0513299, 0.0230108, 0.830264, 0.554524
5628,-4.21456,4.28778,1.7438,0.0514306, 0.0228759, 0.830713, 0.553848
5629,-4.21523,4.28541,1.74386,0.0515378, 0.0227061, 0.831186, 0.553134
5630,-4.21806,4.29301,1.74342,0.05158, 0.0228667, 0.831224, 0.553067
5631,-4.21874,4.29071,1.74348,0.0516866, 0.0226872, 0.831706, 0.552339
5632,-4.21941,4.28841,1.74353,0.0518065, 0.0225151, 0.832206, 0.551582
5633,-4.22009,4.28609,1.74359,0.0519267, 0.0223412, 0.832704, 0.550826
5634,-4.22076,4.28377,1.74365,0.0520441, 0.0221815, 0.833207, 0.550059
5635,-4.22142,4.28143,1.74371,0.0521544, 0.0220411, 0.833704, 0.549301
5636,-4.22207,4.27908,1.74377,0.052261, 0.0219047, 0.834201, 0.548541
5637,-4.22272,4.27673,1.74384,0.0523701, 0.0218122, 0.834705, 0.547767
5638,-4.226,4.28383,1.74343,0.0524037, 0.021963, 0.834668, 0.547814
5639,-4.22665,4.28156,1.74348,0.0525145, 0.021881, 0.835166, 0.547048
5640,-4.22729,4.27929,1.74354,0.0526471, 0.0218312, 0.835654, 0.546292
5641,-4.22792,4.277,1.7436,0.0527899, 0.0217738, 0.836133, 0.545546
5642,-4.22855,4.27472,1.74365,0.0529413, 0.0217033, 0.836625, 0.54478
5643,-4.22918,4.27243,1.74371,0.0530847, 0.0216253, 0.837116, 0.544014
5644,-4.2298,4.27013,1.74377,0.0532352, 0.0215447, 0.8376, 0.543257
5645,-4.23043,4.26782,1.74382,0.0533749, 0.0214778, 0.838078, 0.542509
5646,-4.2342,4.27445,1.74354,0.0533952, 0.0215579, 0.83802, 0.542592
5647,-4.23484,4.27222,1.74357,0.0535238, 0.021475, 0.83849, 0.541857
5648,-4.23548,4.26998,1.74361,0.0536502, 0.0213757, 0.838963, 0.541115
5649,-4.23613,4.26773,1.74363,0.0537717, 0.0212681, 0.839442, 0.540364
5650,-4.23949,4.27322,1.74343,0.0538678, 0.0211553, 0.839504, 0.540263
5651,-4.24016,4.27102,1.74344,0.0539947, 0.0210441, 0.839979, 0.539515
5652,-4.24083,4.26879,1.74346,0.0541266, 0.0209018, 0.840467, 0.538748
5653,-4.2415,4.26656,1.74346,0.0542597, 0.0207709, 0.84094, 0.538
5654,-4.24447,4.27127,1.74328,0.0544375, 0.0206041, 0.841085, 0.537761
5655,-4.24515,4.26907,1.74327,0.0545825, 0.0204662, 0.841564, 0.537002
5656,-4.24584,4.26686,1.74326,0.054736, 0.0203256, 0.842049, 0.536231
5657,-4.24653,4.26463,1.74325,0.0549103, 0.0201827, 0.84255, 0.535432
5658,-4.24721,4.2624,1.74324,0.0550995, 0.0200514, 0.843062, 0.53461
5659,-4.24789,4.26015,1.74322,0.0552931, 0.0199392, 0.843575, 0.533785
5660,-4.24856,4.25789,1.74321,0.0554863, 0.0198549, 0.844096, 0.532944
5661,-4.24923,4.25562,1.74319,0.0556722, 0.0197937, 0.844618, 0.532098
5662,-4.25223,4.26077,1.74298,0.0558084, 0.0198344, 0.844556, 0.532181
5663,-4.25291,4.25857,1.74295,0.0559928, 0.0197889, 0.845088, 0.531318
5664,-4.25359,4.25636,1.74292,0.0561827, 0.0197706, 0.845629, 0.530438
5665,-4.25426,4.25415,1.74289,0.0563694, 0.0197868, 0.846173, 0.529549
5666,-4.25494,4.25193,1.74287,0.0565499, 0.0198264, 0.846728, 0.528641
5667,-4.25561,4.2497,1.74284,0.0567375, 0.0199061, 0.847291, 0.527715
5668,-4.25628,4.24747,1.74282,0.0569237, 0.0200082, 0.847857, 0.526781
5669,-4.25696,4.24524,1.7428,0.0571183, 0.0201407, 0.848426, 0.525838
5670,-4.26003,4.25074,1.74268,0.0572192, 0.020237, 0.848368, 0.525917
5671,-4.26072,4.24858,1.74264,0.0574183, 0.0203922, 0.848948, 0.524953
5672,-4.2614,4.24641,1.74261,0.0576225, 0.0205581, 0.849527, 0.523986
5673,-4.26209,4.24423,1.74257,0.0578206, 0.0207456, 0.850116, 0.523001
5674,-4.26277,4.24204,1.74253,0.0580231, 0.0209393, 0.850708, 0.522007
5675,-4.26346,4.23984,1.74249,0.0582205, 0.0211497, 0.851303, 0.521004
5676,-4.26416,4.23763,1.74245,0.0584071, 0.0213333, 0.851906, 0.51999
5677,-4.26736,4.24315,1.74231,0.0584847, 0.0213904, 0.851934, 0.519933
5678,-4.26808,4.241,1.74226,0.0586506, 0.0215679, 0.852553, 0.518891
5679,-4.26881,4.23884,1.7422,0.0587942, 0.0217101, 0.853178, 0.517841
5680,-4.26955,4.23666,1.74215,0.0589154, 0.0217977, 0.853815, 0.516772
5681,-4.27031,4.23446,1.74208,0.0590111, 0.021855, 0.85446, 0.515692
5682,-4.27108,4.23225,1.74202,0.0590861, 0.0218675, 0.855119, 0.514589
5683,-4.27187,4.23002,1.74194,0.0591476, 0.0218442, 0.855781, 0.513482
5684,-4.27268,4.22776,1.74185,0.0591882, 0.0218123, 0.856454, 0.512355
5685,-4.27603,4.23386,1.74166,0.0592087, 0.0219189, 0.856446, 0.512361
5686,-4.27687,4.23167,1.74155,0.059248, 0.0218575, 0.857126, 0.511222
5687,-4.27772,4.22947,1.74143,0.0592841, 0.0217978, 0.857822, 0.510051
5688,-4.27859,4.22724,1.74131,0.0593391, 0.021713, 0.858514, 0.508882
5689,-4.27946,4.225,1.74118,0.0593845, 0.0216392, 0.859214, 0.507698
5690,-4.28035,4.22274,1.74104,0.0594327, 0.021554, 0.859915, 0.506508
5691,-4.28124,4.22047,1.7409,0.0594806, 0.0214662, 0.860626, 0.505296
5692,-4.28214,4.21818,1.74076,0.0595369, 0.0213683, 0.86134, 0.504076
5693,-4.28563,4.22481,1.74054,0.0595189, 0.0215119, 0.861332, 0.504086
5694,-4.28656,4.2226,1.74037,0.0595693, 0.0214, 0.86205, 0.502855
5695,-4.28749,4.22037,1.7402,0.0595966, 0.0212725, 0.862782, 0.5016
5696,-4.28844,4.21813,1.74002,0.0595915, 0.0211352, 0.863522, 0.500331
5697,-4.28939,4.21587,1.73984,0.0595783, 0.0209879, 0.864269, 0.499047
5698,-4.29035,4.2136,1.73965,0.0595369, 0.0208184, 0.865017, 0.497763
5699,-4.29133,4.21131,1.73946,0.0594829, 0.0206375, 0.865779, 0.49645
5700,-4.29504,4.21795,1.73914,0.0594413, 0.0207099, 0.865868, 0.496297
5701,-4.29605,4.21573,1.73893,0.0593726, 0.0205079, 0.866633, 0.494976
5702,-4.29707,4.2135,1.73871,0.0592777, 0.0202983, 0.867408, 0.493637
5703,-4.29811,4.21126,1.73849,0.0591578, 0.0200872, 0.868186, 0.492291
5704,-4.29915,4.20901,1.73827,0.0590107, 0.0198716, 0.868963, 0.490945
5705,-4.3002,4.20675,1.73805,0.0588367, 0.0196609, 0.869749, 0.489581
5706,-4.30127,4.20447,1.73783,0.0586557, 0.0194506, 0.870537, 0.488208
5707,-4.30234,4.20219,1.73762,0.05849, 0.0192337, 0.871331, 0.486818
5708,-4.30616,4.2093,1.73721,0.0584098, 0.0193889, 0.871365, 0.48676
5709,-4.30726,4.2071,1.73698,0.0582517, 0.0191671, 0.872165, 0.485352
5710,-4.30837,4.20489,1.73675,0.0580903, 0.0189456, 0.872976, 0.48392
5711,-4.30949,4.20267,1.73653,0.0579175, 0.0187226, 0.873787, 0.482484
5712,-4.31061,4.20044,1.73631,0.0577407, 0.0184994, 0.874603, 0.481033
5713,-4.31174,4.1982,1.73609,0.057573, 0.0182548, 0.875428, 0.479561
5714,-4.31287,4.19594,1.73588,0.0574023, 0.0180261, 0.876256, 0.478075
5715,-4.314,4.19368,1.73567,0.057242, 0.0178151, 0.877089, 0.476572
5716,-4.31792,4.20106,1.73511,0.0571528, 0.0179961, 0.877114, 0.47653
5717,-4.31909,4.19888,1.73489,0.0569913, 0.0177995, 0.877945, 0.475025
5718,-4.32026,4.1967,1.73467,0.0568121, 0.0176257, 0.878777, 0.473511
5719,-4.32143,4.19451,1.73446,0.0566305, 0.0174557, 0.87961, 0.47199
5720,-4.3226,4.19232,1.73426,0.0564557, 0.0173213, 0.880439, 0.470468
5721,-4.32378,4.19013,1.73406,0.0562774, 0.0172238, 0.881276, 0.468923
5722,-4.32496,4.18793,1.73387,0.0560767, 0.017144, 0.882112, 0.467376
5723,-4.32825,4.19655,1.73341,0.0559492, 0.0174566, 0.882221, 0.467174
5724,-4.32946,4.19446,1.73322,0.055725, 0.0174197, 0.88304, 0.465652
5725,-4.33067,4.19237,1.73302,0.0554878, 0.0174049, 0.883854, 0.464134
5726,-4.33189,4.19028,1.73284,0.0552406, 0.0174406, 0.884663, 0.462618
5727,-4.33311,4.18819,1.73267,0.0549936, 0.0175348, 0.885468, 0.461102
5728,-4.33522,4.19727,1.73242,0.0549993, 0.0178359, 0.885465, 0.461095
5729,-4.33646,4.19528,1.73226,0.0547408, 0.0179582, 0.886273, 0.459567
5730,-4.3377,4.19329,1.7321,0.0544703, 0.0180961, 0.887073, 0.458047
5731,-4.33896,4.19131,1.73195,0.0541678, 0.018241, 0.887877, 0.456518
5732,-4.34186,4.19782,1.73149,0.0542101, 0.018308, 0.888057, 0.456159
5733,-4.34313,4.19591,1.73135,0.0538907, 0.0184833, 0.888847, 0.454648
5734,-4.34442,4.19399,1.73122,0.0535661, 0.0187168, 0.889631, 0.453141
5735,-4.34572,4.19206,1.7311,0.0532141, 0.0189702, 0.890428, 0.451605
5736,-4.34702,4.19014,1.73101,0.0528672, 0.0192436, 0.891217, 0.450074
5737,-4.34834,4.18821,1.73093,0.0525024, 0.0195287, 0.892007, 0.448538
5738,-4.34967,4.18628,1.73087,0.0521164, 0.0198238, 0.8928, 0.446989
5739,-4.35102,4.18434,1.73084,0.0517129, 0.0201231, 0.893592, 0.445438
5740,-4.35505,4.18993,1.73014,0.0516634, 0.0202315, 0.89359, 0.445442
5741,-4.35645,4.18806,1.73011,0.0512264, 0.0205477, 0.894378, 0.443895
5742,-4.35786,4.18619,1.73009,0.0507674, 0.0208642, 0.895165, 0.442344
5743,-4.35929,4.18431,1.73009,0.0502976, 0.0211917, 0.895951, 0.440786
5744,-4.36074,4.18242,1.7301,0.0498086, 0.0215248, 0.896726, 0.439246
5745,-4.3622,4.18053,1.73012,0.0492939, 0.02188, 0.897492, 0.437721
5746,-4.36369,4.17864,1.73014,0.0487751, 0.0222666, 0.898239, 0.436224
5747,-4.36808,4.18423,1.72949,0.048663, 0.0223712, 0.898296, 0.436115
5748,-4.36961,4.18241,1.72949,0.0481221, 0.0227866, 0.899037, 0.434624
5749,-4.37117,4.18058,1.7295,0.0475725, 0.0232603, 0.899762, 0.433156
5750,-4.37273,4.17875,1.72952,0.0470112, 0.0237887, 0.900462, 0.431731
5751,-4.37431,4.17691,1.72954,0.0464255, 0.0243348, 0.901158, 0.430311
5752,-4.3759,4.17507,1.72957,0.045796, 0.0249162, 0.901837, 0.42892
5753,-4.37751,4.17323,1.72961,0.0451393, 0.0255139, 0.902507, 0.427543
5754,-4.37913,4.17137,1.72966,0.0444743, 0.0261341, 0.903162, 0.426189
5755,-4.38195,4.17826,1.72937,0.0443885, 0.0264003, 0.903106, 0.426301
5756,-4.3836,4.17649,1.72942,0.0437123, 0.027021, 0.903746, 0.424972
5757,-4.38528,4.17471,1.72947,0.0430145, 0.0276394, 0.904374, 0.423666
5758,-4.38697,4.17291,1.72954,0.0423049, 0.028242, 0.904987, 0.422387
5759,-4.38868,4.17109,1.72961,0.0415915, 0.0288109, 0.905601, 0.421102
5760,-4.39041,4.16925,1.72969,0.0408382, 0.0293408, 0.906217, 0.419813
5761,-4.39216,4.16738,1.72977,0.0400804, 0.0298161, 0.906821, 0.418545
5762,-4.39393,4.16548,1.72986,0.0392929, 0.0302444, 0.907433, 0.417262
5763,-4.39573,4.16356,1.72995,0.0384884, 0.0306396, 0.908041, 0.415983
5764,-4.39753,4.16161,1.73003,0.0376783, 0.0310055, 0.908639, 0.414722
5765,-4.39935,4.15963,1.73011,0.0368678, 0.0313497, 0.90923, 0.413472
5766,-4.40113,4.16875,1.73006,0.0365763, 0.0319615, 0.909144, 0.41364
5767,-4.40298,4.16688,1.73011,0.0357643, 0.0322854, 0.909731, 0.412393
5768,-4.40484,4.16499,1.73016,0.0349648, 0.0325977, 0.910317, 0.411143
5769,-4.40671,4.16306,1.73022,0.0341433, 0.0328934, 0.910903, 0.409887
5770,-4.40859,4.16111,1.73027,0.0333237, 0.0331695, 0.911481, 0.408647
5771,-4.41048,4.15914,1.73032,0.0325192, 0.0334465, 0.912043, 0.407432
5772,-4.41236,4.15713,1.73037,0.0317206, 0.033702, 0.9126, 0.406226
5773,-4.41424,4.15511,1.73042,0.0309289, 0.0339601, 0.913153, 0.40502
5774,-4.41613,4.15305,1.73048,0.0301537, 0.0342065, 0.913704, 0.403814
5775,-4.41801,4.15098,1.73054,0.0293877, 0.0344619, 0.914247, 0.402619
5776,-4.41988,4.14888,1.7306,0.0286401, 0.0347165, 0.914785, 0.401426
5777,-4.42201,4.15853,1.7306,0.0284499, 0.035261, 0.914585, 0.401848
5778,-4.4239,4.15654,1.73064,0.0277171, 0.0355056, 0.91512, 0.400659
5779,-4.42578,4.15453,1.73068,0.0269986, 0.035748, 0.915658, 0.399454
5780,-4.42766,4.1525,1.73073,0.0262787, 0.0359632, 0.916198, 0.398243
5781,-4.42954,4.15044,1.73079,0.0255677, 0.0361642, 0.91674, 0.397021
5782,-4.4314,4.14835,1.73085,0.0248678, 0.0363577, 0.917268, 0.395828
5783,-4.43326,4.14623,1.73091,0.0241717, 0.0365278, 0.917788, 0.394648
5784,-4.43512,4.14409,1.73098,0.0234986, 0.0366763, 0.91831, 0.393457
5785,-4.43718,4.15341,1.73121,0.0233913, 0.0370295, 0.918242, 0.39359
5786,-4.43904,4.15136,1.73127,0.0227279, 0.0371712, 0.918767, 0.392389
5787,-4.44089,4.14928,1.73133,0.0220785, 0.0372951, 0.919291, 0.391186
5788,-4.44273,4.14717,1.7314,0.0214353, 0.0374353, 0.919805, 0.389998
5789,-4.44456,4.14504,1.73148,0.0208203, 0.0375445, 0.920324, 0.388794
5790,-4.44637,4.14288,1.73156,0.0202415, 0.0376947, 0.920841, 0.387585
5791,-4.44816,4.1407,1.73165,0.0197088, 0.0378571, 0.921346, 0.386394
5792,-4.44994,4.1385,1.73175,0.0192042, 0.0380496, 0.921844, 0.38521
5793,-4.45169,4.13628,1.73186,0.0187567, 0.0382715, 0.922339, 0.384023
5794,-4.45342,4.13404,1.73198,0.0183437, 0.0384673, 0.922838, 0.382824
5795,-4.45513,4.13178,1.73212,0.0179383, 0.0386657, 0.923329, 0.381637
5796,-4.45757,4.14247,1.73223,0.0177431, 0.0392275, 0.923247, 0.381786
5797,-4.45928,4.14033,1.73235,0.0173692, 0.0394192, 0.923728, 0.380619
5798,-4.46096,4.13817,1.73247,0.017003, 0.0395918, 0.924206, 0.379455
5799,-4.46262,4.13598,1.73261,0.0166616, 0.0397326, 0.924687, 0.378284
5800,-4.46427,4.13377,1.73275,0.0163315, 0.0398586, 0.925166, 0.37711
5801,-4.46589,4.13153,1.7329,0.0160232, 0.0399657, 0.925639, 0.37595
5802,-4.4675,4.12926,1.73305,0.0157175, 0.0400543, 0.926111, 0.37479
5803,-4.46909,4.12697,1.73321,0.0154309, 0.0400993, 0.926589, 0.373613
5804,-4.47065,4.12464,1.73338,0.0151637, 0.0401435, 0.927062, 0.372444
5805,-4.4722,4.1223,1.73354,0.0149116, 0.0401902, 0.927532, 0.371278
5806,-4.47373,4.11992,1.73372,0.0146486, 0.0402354, 0.927997, 0.370118
5807,-4.47668,4.13116,1.7337,0.0144883, 0.0407556, 0.927829, 0.370489
5808,-4.47821,4.12892,1.73386,0.0142511, 0.0407996, 0.928293, 0.36933
5809,-4.47972,4.12665,1.73402,0.0140217, 0.0408462, 0.928752, 0.368178
5810,-4.48121,4.12437,1.73419,0.0138075, 0.0408838, 0.92921, 0.367024
5811,-4.48268,4.12207,1.73436,0.0136025, 0.0409263, 0.929667, 0.365867
5812,-4.48412,4.11976,1.73454,0.0134161, 0.0409601, 0.930128, 0.364699
5813,-4.48553,4.11742,1.73472,0.0132608, 0.0409772, 0.930579, 0.36355
5814,-4.4885,4.12718,1.73476,0.0132155, 0.0412161, 0.930587, 0.363503
5815,-4.48991,4.12494,1.73492,0.0130742, 0.0412336, 0.931042, 0.362339
5816,-4.49129,4.12267,1.73508,0.0129529, 0.0412261, 0.931493, 0.361182
5817,-4.49264,4.12039,1.73524,0.0128523, 0.0412177, 0.931951, 0.360003
5818,-4.49396,4.11809,1.73539,0.0127636, 0.041179, 0.932415, 0.358809
5819,-4.4964,4.12644,1.73546,0.0128487, 0.0412373, 0.932386, 0.358876
5820,-4.49771,4.12421,1.73559,0.0127966, 0.0411844, 0.932852, 0.35767
5821,-4.49899,4.12196,1.73571,0.0127604, 0.0411339, 0.933321, 0.356451
5822,-4.50023,4.11969,1.73582,0.0127502, 0.0410919, 0.933787, 0.355233
5823,-4.50143,4.1174,1.73592,0.0127551, 0.0410471, 0.934267, 0.353975
5824,-4.5026,4.1151,1.736,0.0127642, 0.041002, 0.934745, 0.352715
5825,-4.50374,4.11279,1.73607,0.0127926, 0.0409766, 0.935224, 0.351446
5826,-4.50618,4.12134,1.73609,0.0128297, 0.0411553, 0.935371, 0.351031
5827,-4.5073,4.11911,1.73613,0.0128623, 0.0411396, 0.935849, 0.349755
5828,-4.50837,4.11688,1.73615,0.0129103, 0.041131, 0.936336, 0.348448
5829,-4.50942,4.11463,1.73616,0.0129622, 0.0411322, 0.936822, 0.347138
5830,-4.51042,4.11237,1.73617,0.0130238, 0.0411595, 0.937316, 0.345796
5831,-4.5114,4.1101,1.73616,0.0130837, 0.0412017, 0.937817, 0.344427
5832,-4.51234,4.10782,1.73614,0.0131481, 0.0412563, 0.938326, 0.343029
5833,-4.51326,4.10553,1.73613,0.013212, 0.0413266, 0.938839, 0.341612
5834,-4.51415,4.10323,1.73611,0.0132813, 0.0414005, 0.939358, 0.340169
5835,-4.51501,4.10091,1.73608,0.0133497, 0.0414776, 0.939881, 0.338711
5836,-4.51585,4.09858,1.73607,0.0134, 0.0415342, 0.940417, 0.33721
5837,-4.51892,4.10884,1.73611,0.0132828, 0.0419399, 0.940351, 0.337348
5838,-4.51977,4.10664,1.73607,0.0133235, 0.0420045, 0.940893, 0.335825
5839,-4.5206,4.10442,1.73603,0.0133364, 0.0420578, 0.941446, 0.334264
5840,-4.52141,4.10218,1.736,0.0133559, 0.0420974, 0.941997, 0.332702
5841,-4.52219,4.09992,1.73597,0.0133819, 0.0421247, 0.942553, 0.33112
5842,-4.52296,4.09764,1.73595,0.013393, 0.0421304, 0.943115, 0.329514
5843,-4.5237,4.09535,1.73593,0.0134232, 0.0421306, 0.943684, 0.32788
5844,-4.52442,4.09303,1.73591,0.0134513, 0.0421259, 0.944256, 0.326228
5845,-4.52738,4.10264,1.73603,0.0134066, 0.042375, 0.944286, 0.326113
5846,-4.52811,4.10042,1.736,0.0134359, 0.0423614, 0.944853, 0.324466
5847,-4.52881,4.09818,1.73598,0.013478, 0.0423406, 0.945425, 0.322795
5848,-4.5295,4.09592,1.73596,0.0135296, 0.042336, 0.945993, 0.321126
5849,-4.53015,4.09364,1.73596,0.0135892, 0.0423398, 0.946554, 0.319466
5850,-4.53079,4.09135,1.73596,0.0136289, 0.0423488, 0.947108, 0.317817
5851,-4.5314,4.08903,1.73597,0.013665, 0.0423658, 0.947654, 0.316181
5852,-4.53199,4.0867,1.73598,0.0136982, 0.0424174, 0.948203, 0.314522
5853,-4.53256,4.08435,1.736,0.0137337, 0.0424596, 0.948739, 0.312893
5854,-4.53311,4.08198,1.73603,0.0137644, 0.042499, 0.949274, 0.31126
5855,-4.53364,4.07959,1.73606,0.0137916, 0.0425339, 0.949803, 0.309636
5856,-4.53657,4.08979,1.73622,0.013681, 0.0429038, 0.949837, 0.309485
5857,-4.53712,4.08752,1.73623,0.0137028, 0.0429295, 0.950363, 0.307863
5858,-4.53765,4.08522,1.73625,0.0137157, 0.0429593, 0.950882, 0.30625
5859,-4.53818,4.08291,1.73627,0.0137364, 0.0429865, 0.951391, 0.30466
5860,-4.53868,4.08057,1.7363,0.0137574, 0.0429841, 0.951899, 0.30307
5861,-4.53917,4.0782,1.73633,0.0137637, 0.0429541, 0.952403, 0.301486
5862,-4.53965,4.0758,1.73636,0.0137747, 0.0428765, 0.952899, 0.299925
5863,-4.54012,4.07338,1.7364,0.0137752, 0.04277, 0.953394, 0.298364
5864,-4.54058,4.07092,1.73644,0.0137418, 0.0426112, 0.953893, 0.29679
5865,-4.54103,4.06844,1.73647,0.0136845, 0.0424291, 0.954382, 0.295242
5866,-4.54148,4.06593,1.7365,0.0135987, 0.0422098, 0.954869, 0.293699
5867,-4.54515,4.07641,1.73666,0.0134068, 0.0425274, 0.954811, 0.293851
5868,-4.54562,4.07401,1.73666,0.0133297, 0.0422793, 0.955291, 0.292326
5869,-4.54609,4.07158,1.73666,0.0132516, 0.0419869, 0.955778, 0.290774
5870,-4.54655,4.06912,1.73666,0.0131809, 0.0416865, 0.956255, 0.289248
5871,-4.54699,4.06663,1.73665,0.013117, 0.04137, 0.956734, 0.287708
5872,-4.54741,4.06412,1.73663,0.0130185, 0.0410639, 0.957209, 0.286174
5873,-4.54782,4.06158,1.73661,0.0129412, 0.0407512, 0.957678, 0.284647
5874,-4.5482,4.05903,1.73659,0.0128474, 0.0404364, 0.958151, 0.283103
5875,-4.55207,4.06872,1.7369,0.0126898, 0.0405787, 0.958165, 0.28304
5876,-4.55249,4.06626,1.73685,0.0125976, 0.040272, 0.958628, 0.281516
5877,-4.55288,4.06378,1.73681,0.0124983, 0.0399589, 0.959092, 0.279982
5878,-4.55326,4.06128,1.73676,0.0123768, 0.0396342, 0.959557, 0.278435
5879,-4.55362,4.05876,1.73671,0.0122435, 0.0393072, 0.960011, 0.27692
5880,-4.55396,4.05622,1.73665,0.0120981, 0.0389532, 0.960462, 0.275406
5881,-4.55429,4.05366,1.7366,0.011949, 0.0385849, 0.960914, 0.273883
5882,-4.55459,4.05108,1.73654,0.0118072, 0.0382089, 0.961363, 0.272365
5883,-4.55488,4.04847,1.73647,0.0116611, 0.0378325, 0.961808, 0.270846
5884,-4.55515,4.04584,1.7364,0.0115147, 0.0374396, 0.962253, 0.269322
5885,-4.5554,4.04319,1.73632,0.0113737, 0.0370271, 0.962695, 0.267801
5886,-4.55943,4.05335,1.73664,0.0111341, 0.0372024, 0.962722, 0.267692
5887,-4.55971,4.05081,1.73654,0.0109996, 0.0367925, 0.963161, 0.266171
5888,-4.55996,4.04825,1.73643,0.0108643, 0.0363828, 0.963601, 0.264636
5889,-4.56019,4.04568,1.73631,0.0107432, 0.0359994, 0.964028, 0.263131
5890,-4.56039,4.04308,1.73619,0.0106331, 0.0356295, 0.964456, 0.261615
5891,-4.56057,4.04047,1.73607,0.0105334, 0.0352787, 0.964877, 0.260108
5892,-4.56073,4.03785,1.73595,0.0104269, 0.0349587, 0.965287, 0.25863
5893,-4.56085,4.03521,1.73582,0.0103385, 0.0346461, 0.965691, 0.257164
5894,-4.56095,4.03255,1.7357,0.0102573, 0.0343783, 0.966088, 0.25571
5895,-4.56103,4.02989,1.73558,0.0101868, 0.0341269, 0.966477, 0.254271
5896,-4.56108,4.0272,1.73545,0.010104, 0.0338787, 0.966859, 0.252851
5897,-4.56525,4.03767,1.73597,0.00990855, 0.034151, 0.966787, 0.253096
5898,-4.56533,4.03511,1.73582,0.00985306, 0.0339276, 0.967157, 0.251714
5899,-4.56539,4.03254,1.73567,0.00980218, 0.0337195, 0.967518, 0.250351
5900,-4.56542,4.02995,1.73552,0.00975147, 0.03351, 0.967872, 0.249009
5901,-4.56543,4.02735,1.73537,0.00970757, 0.0333247, 0.968218, 0.247688
5902,-4.56542,4.02473,1.73522,0.009679, 0.0331423, 0.968558, 0.246381
5903,-4.56538,4.02209,1.73506,0.00966151, 0.0329695, 0.968889, 0.2451
5904,-4.5689,4.03088,1.73542,0.00963542, 0.0330191, 0.968908, 0.245019
5905,-4.56888,4.02833,1.73525,0.00961779, 0.0328463, 0.969226, 0.243781
5906,-4.56883,4.02575,1.73508,0.00960804, 0.0326812, 0.969536, 0.242568
5907,-4.56876,4.02316,1.73491,0.0096079, 0.03253, 0.969839, 0.241375
5908,-4.56867,4.02055,1.73473,0.00961981, 0.0323676, 0.970139, 0.240188
5909,-4.56855,4.01792,1.73456,0.00964541, 0.0322087, 0.970431, 0.239027
5910,-4.56841,4.01527,1.73438,0.0096757, 0.032043, 0.970718, 0.237879
5911,-4.56825,4.0126,1.7342,0.00972273, 0.0319103, 0.970996, 0.236757
5912,-4.56807,4.00991,1.73403,0.00977365, 0.0317752, 0.971276, 0.235624
5913,-4.56786,4.0072,1.73385,0.00984092, 0.0316526, 0.97155, 0.234502
5914,-4.56763,4.00448,1.73367,0.00990659, 0.0315508, 0.971815, 0.233412
5915,-4.57116,4.0139,1.73379,0.00980445, 0.0317737, 0.971792, 0.233482
5916,-4.57096,4.01129,1.73359,0.00987944, 0.0317027, 0.972058, 0.232382
5917,-4.57074,4.00865,1.73339,0.00995035, 0.031645, 0.972319, 0.231292
5918,-4.57049,4.006,1.73319,0.0100201, 0.0315902, 0.972575, 0.230217
5919,-4.57023,4.00333,1.73299,0.0100679, 0.0315599, 0.972827, 0.229152
5920,-4.56995,4.00065,1.7328,0.0100932, 0.0315649, 0.973073, 0.228104
5921,-4.56966,3.99795,1.7326,0.0101098, 0.0315774, 0.973311, 0.227083
5922,-4.56934,3.99523,1.73241,0.0101136, 0.0316038, 0.97355, 0.226052
5923,-4.57274,4.00395,1.73269,0.0100927, 0.0317032, 0.973479, 0.226346
5924,-4.57246,4.00132,1.73248,0.0101007, 0.0317383, 0.973712, 0.225332
5925,-4.57216,3.99867,1.73228,0.0100903, 0.0317694, 0.973948, 0.224308
5926,-4.57184,3.99599,1.73208,0.0100817, 0.0318014, 0.974174, 0.223319
5927,-4.57453,4.0029,1.73235,0.010191, 0.0316463, 0.974234, 0.223077
5928,-4.57423,4.00026,1.73214,0.0101808, 0.0316568, 0.974455, 0.222106
5929,-4.57391,3.9976,1.73194,0.0101587, 0.03167, 0.974675, 0.221139
5930,-4.57358,3.9949,1.73174,0.0101255, 0.0316611, 0.974891, 0.22019
5931,-4.57323,3.99218,1.73154,0.0100858, 0.0316347, 0.975098, 0.219274
5932,-4.57287,3.98943,1.73133,0.0100389, 0.0316236, 0.975298, 0.218389
5933,-4.5725,3.98665,1.73112,0.00999887, 0.0315905, 0.975493, 0.21752
5934,-4.57211,3.98384,1.73092,0.0099615, 0.0315487, 0.975683, 0.216675
5935,-4.57474,3.99089,1.73115,0.0100098, 0.0315314, 0.975643, 0.216855
5936,-4.57437,3.98814,1.73093,0.00998513, 0.0314949, 0.975827, 0.216031
5937,-4.57399,3.98536,1.7307,0.00996544, 0.0314356, 0.976006, 0.215232
5938,-4.57359,3.98256,1.73047,0.00995667, 0.031359, 0.976174, 0.214482
5939,-4.57317,3.97973,1.73024,0.00994301, 0.0312945, 0.976336, 0.213751
5940,-4.57272,3.97687,1.73001,0.00994103, 0.0312397, 0.976489, 0.213061
5941,-4.57226,3.97398,1.72978,0.00995756, 0.0311947, 0.976632, 0.212409
5942,-4.57178,3.97107,1.72954,0.0099872, 0.0311618, 0.976772, 0.21177
5943,-4.57127,3.96814,1.72931,0.0100173, 0.0311385, 0.976901, 0.211176
5944,-4.57074,3.96517,1.72907,0.0100526, 0.0311059, 0.977022, 0.210615
5945,-4.57019,3.96219,1.72883,0.0101002, 0.0310845, 0.977138, 0.210079
5946,-4.5733,3.96999,1.72897,0.0101065, 0.0312232, 0.977046, 0.210483
5947,-4.57277,3.9671,1.72871,0.0101733, 0.0312127, 0.977155, 0.209976
5948,-4.57222,3.96418,1.72845,0.0102651, 0.0312077, 0.977259, 0.209489
5949,-4.57164,3.96123,1.72818,0.0103928, 0.0312019, 0.977357, 0.209024
5950,-4.57103,3.95826,1.72791,0.0105458, 0.0312002, 0.977455, 0.208561
5951,-4.57039,3.95526,1.72764,0.0107486, 0.0311811, 0.977546, 0.208127
5952,-4.56972,3.95223,1.72737,0.010969, 0.0311747, 0.977635, 0.207696
5953,-4.56901,3.94918,1.7271,0.0112265, 0.0311495, 0.977726, 0.207259
5954,-4.56828,3.94609,1.72682,0.0114983, 0.0311104, 0.977814, 0.206834
5955,-4.56751,3.94298,1.72654,0.0118053, 0.031072, 0.977899, 0.206417
5956,-4.56671,3.93984,1.72625,0.0121352, 0.0310573, 0.977984, 0.205998
5957,-4.57061,3.94845,1.72639,0.0120804, 0.0312586, 0.977883, 0.20645
5958,-4.56984,3.94541,1.72608,0.0124342, 0.0312549, 0.977973, 0.206002
5959,-4.56903,3.94234,1.72577,0.0128059, 0.0312665, 0.978062, 0.205557
5960,-4.5682,3.93925,1.72547,0.0131944, 0.0312801, 0.978149, 0.205113
5961,-4.56734,3.93613,1.72518,0.0135829, 0.0312907, 0.978241, 0.204649
5962,-4.56645,3.93299,1.72489,0.0140011, 0.0313102, 0.978327, 0.204208
5963,-4.56555,3.92982,1.7246,0.0144082, 0.0313169, 0.978419, 0.203734
5964,-4.56461,3.92663,1.72432,0.014823, 0.0313302, 0.978508, 0.203274
5965,-4.56837,3.93507,1.72456,0.0148204, 0.0314512, 0.978462, 0.203478
5966,-4.56746,3.93198,1.72425,0.0152257, 0.0315099, 0.97855, 0.203016
5967,-4.56653,3.92886,1.72394,0.0156294, 0.0315991, 0.978629, 0.202587
5968,-4.56558,3.92573,1.72362,0.0160287, 0.0317233, 0.978704, 0.202176
5969,-4.5646,3.9226,1.7233,0.0164146, 0.0318802, 0.978778, 0.20176
5970,-4.56359,3.91945,1.72297,0.0168236, 0.0320649, 0.97885, 0.20135
5971,-4.56256,3.9163,1.72264,0.0172413, 0.0322695, 0.978923, 0.200927
5972,-4.56579,3.92404,1.72278,0.0173325, 0.0323466, 0.978898, 0.201025
5973,-4.56477,3.92097,1.72243,0.0177598, 0.0325791, 0.978969, 0.200608
5974,-4.56372,3.91789,1.72209,0.0181986, 0.0328243, 0.979034, 0.200207
5975,-4.56264,3.9148,1.72175,0.0186485, 0.0330601, 0.979104, 0.199785
5976,-4.56154,3.9117,1.72141,0.0191364, 0.0332896, 0.979172, 0.199366
5977,-4.56041,3.90858,1.72107,0.019616, 0.0335142, 0.979238, 0.198962
5978,-4.55926,3.90544,1.72073,0.0201263, 0.0337245, 0.9793, 0.198567
5979,-4.55808,3.90228,1.7204,0.0206468, 0.0339094, 0.979365, 0.19816
5980,-4.55689,3.8991,1.72006,0.0211631, 0.0340802, 0.97943, 0.197754
5981,-4.55568,3.89591,1.71973,0.0216908, 0.0342504, 0.979491, 0.197368
5982,-4.55444,3.89269,1.7194,0.0222277, 0.0344147, 0.979549, 0.196991
5983,-4.55806,3.90153,1.71946,0.0223211, 0.034717, 0.979463, 0.197355
5984,-4.55686,3.89843,1.71912,0.0228503, 0.0348939, 0.979515, 0.197002
5985,-4.55565,3.89531,1.71878,0.0233716, 0.0350642, 0.979569, 0.196646
5986,-4.55442,3.89217,1.71844,0.0238792, 0.0352404, 0.979616, 0.196317
5987,-4.55317,3.88903,1.71812,0.0243798, 0.0354281, 0.979657, 0.196018
5988,-4.55191,3.88587,1.7178,0.0248769, 0.0356342, 0.979694, 0.19573
5989,-4.55064,3.88271,1.71749,0.0253737, 0.0358458, 0.979732, 0.195441
5990,-4.54935,3.87954,1.71719,0.0258684, 0.0361042, 0.979764, 0.195164
5991,-4.54804,3.87636,1.71689,0.026364, 0.0363883, 0.979795, 0.19489
5992,-4.54672,3.87318,1.7166,0.0268716, 0.0367081, 0.979822, 0.194626
5993,-4.54537,3.87,1.71632,0.0273939, 0.0370436, 0.979851, 0.194345
5994,-4.54965,3.87953,1.71645,0.027309, 0.0374102, 0.979753, 0.194781
5995,-4.54835,3.87648,1.71616,0.0278263, 0.0377767, 0.979777, 0.194512
5996,-4.54703,3.87342,1.71587,0.0283474, 0.0381583, 0.979804, 0.194226
5997,-4.54569,3.87036,1.7156,0.0288768, 0.0385627, 0.979829, 0.193944
5998,-4.54434,3.8673,1.71533,0.0294102, 0.0389844, 0.979849, 0.193679
5999,-4.54296,3.86423,1.71507,0.0299422, 0.0394109, 0.979875, 0.193378
6000,-4.54157,3.86115,1.71482,0.0304783, 0.0398282, 0.979904, 0.193064
6001,-4.54016,3.85806,1.71459,0.0310241, 0.0402176, 0.979934, 0.192744
6002,-4.54427,3.8668,1.71486,0.0310031, 0.0404073, 0.979897, 0.192893
6003,-4.5429,3.86381,1.71461,0.0315617, 0.0407853, 0.979932, 0.192546
6004,-4.54151,3.8608,1.71438,0.0321321, 0.0411496, 0.97997, 0.192178
6005,-4.54012,3.85778,1.71416,0.032711, 0.0414931, 0.98001, 0.191805
6006,-4.53871,3.85473,1.71395,0.0333059, 0.0418152, 0.980054, 0.191409
6007,-4.53729,3.85167,1.71376,0.0338952, 0.0421159, 0.980103, 0.190985
6008,-4.53587,3.84859,1.71358,0.0344915, 0.042385, 0.980156, 0.190545
6009,-4.53443,3.84549,1.71341,0.0350733, 0.0426374, 0.980214, 0.190085
6010,-4.53299,3.84238,1.71325,0.0356446, 0.042894, 0.980275, 0.189604
6011,-4.53153,3.83925,1.71311,0.0362355, 0.0431303, 0.980337, 0.189118
6012,-4.53007,3.8361,1.71298,0.03684, 0.0433604, 0.980404, 0.188604
6013,-4.53432,3.8456,1.71313,0.036854, 0.0437303, 0.980343, 0.188832
6014,-4.53291,3.84257,1.71299,0.0374644, 0.0439506, 0.980411, 0.188306
6015,-4.5315,3.83953,1.71285,0.0380675, 0.0441809, 0.980484, 0.187748
6016,-4.53007,3.83649,1.71272,0.0386627, 0.0444277, 0.980556, 0.187192
6017,-4.52863,3.83344,1.7126,0.0392756, 0.0446906, 0.98063, 0.186614
6018,-4.52719,3.83038,1.71248,0.0398811, 0.0449772, 0.980699, 0.186055
6019,-4.52574,3.82731,1.71237,0.0404723, 0.0452552, 0.980771, 0.185481
6020,-4.52429,3.82424,1.71227,0.041046, 0.0455481, 0.980837, 0.184928
6021,-4.52867,3.83308,1.71246,0.0409012, 0.0456733, 0.980797, 0.185142
6022,-4.52728,3.83011,1.71235,0.0414405, 0.0459557, 0.98087, 0.184566
6023,-4.52589,3.82714,1.71225,0.0419495, 0.0462282, 0.980939, 0.184015
6024,-4.52451,3.82416,1.71215,0.0424472, 0.0464952, 0.981006, 0.183476
6025,-4.52787,3.8312,1.71233,0.0425678, 0.0464027, 0.981048, 0.183245
6026,-4.52652,3.82828,1.71222,0.0430458, 0.0466533, 0.981115, 0.182711
6027,-4.52517,3.82535,1.71212,0.0435236, 0.046866, 0.981183, 0.18218
6028,-4.52384,3.8224,1.71201,0.0439917, 0.0470479, 0.981252, 0.181645
6029,-4.5225,3.81945,1.71191,0.0444386, 0.0471923, 0.981321, 0.181125
6030,-4.52117,3.81648,1.7118,0.0448822, 0.0473004, 0.981394, 0.180595
6031,-4.51985,3.8135,1.71169,0.0453029, 0.0473772, 0.98147, 0.180056
6032,-4.51853,3.81051,1.71157,0.0457072, 0.0474268, 0.981549, 0.179506
6033,-4.52204,3.81773,1.71163,0.0457087, 0.0474503, 0.981524, 0.179637
6034,-4.52078,3.81482,1.71149,0.0460914, 0.0474633, 0.981606, 0.179089
6035,-4.51952,3.8119,1.71134,0.0464505, 0.0474575, 0.981689, 0.178538
6036,-4.51826,3.80897,1.71118,0.0467868, 0.0474266, 0.981773, 0.178
6037,-4.517,3.80602,1.71102,0.0471027, 0.0473789, 0.981858, 0.177457
6038,-4.51575,3.80308,1.71084,0.0474019, 0.0473269, 0.981941, 0.176933
6039,-4.51451,3.80012,1.71066,0.0476811, 0.047267, 0.982021, 0.176427
6040,-4.51327,3.79716,1.71048,0.0479412, 0.0471902, 0.982104, 0.175917
6041,-4.51204,3.7942,1.71029,0.0481878, 0.0471095, 0.982184, 0.17542
6042,-4.51082,3.79124,1.71009,0.0484222, 0.0470216, 0.982266, 0.174923
6043,-4.50959,3.78827,1.70989,0.0486334, 0.0469339, 0.982347, 0.174432
6044,-4.51411,3.79691,1.71011,0.04845, 0.0471203, 0.982299, 0.174705
6045,-4.51296,3.79407,1.70988,0.0486529, 0.0470361, 0.982377, 0.174227
6046,-4.51182,3.79122,1.70966,0.0488492, 0.0469516, 0.982457, 0.173745
6047,-4.51069,3.78838,1.70943,0.0490457, 0.0468668, 0.982537, 0.17326
6048,-4.50956,3.78553,1.70921,0.0492402, 0.0467636, 0.982617, 0.172776
6049,-4.50843,3.78268,1.70899,0.0494449, 0.0466577, 0.982701, 0.172272
6050,-4.50731,3.77983,1.70876,0.0496503, 0.0465357, 0.982783, 0.171777
6051,-4.5062,3.77698,1.70855,0.0498523, 0.0464012, 0.98287, 0.171256
6052,-4.50509,3.77412,1.70833,0.0500668, 0.0462699, 0.982955, 0.170738
6053,-4.50398,3.77127,1.70812,0.0502961, 0.0461309, 0.983044, 0.170197
6054,-4.50287,3.7684,1.70792,0.0505387, 0.0459864, 0.983134, 0.169642
6055,-4.50823,3.77821,1.70838,0.0502426, 0.0462782, 0.983079, 0.169968
6056,-4.50721,3.77548,1.70816,0.050498, 0.0461306, 0.983172, 0.169394
6057,-4.50619,3.77274,1.70795,0.0507489, 0.0459802, 0.983269, 0.168797
6058,-4.50517,3.77001,1.70774,0.0509983, 0.0458497, 0.983367, 0.168187
6059,-4.50416,3.76728,1.70754,0.0512564, 0.0457312, 0.983463, 0.167579
6060,-4.50315,3.76454,1.70735,0.0514991, 0.0456332, 0.983562, 0.166946
6061,-4.50215,3.76181,1.70717,0.0517345, 0.0455404, 0.983662, 0.166312
6062,-4.50699,3.77049,1.70763,0.0515724, 0.0456394, 0.983675, 0.166255
6063,-4.50606,3.76786,1.70745,0.0517839, 0.045569, 0.983772, 0.165634
6064,-4.50514,3.76524,1.70729,0.0519702, 0.0455434, 0.983867, 0.165014
6065,-4.50422,3.76261,1.70713,0.0521386, 0.045556, 0.983962, 0.164394
6066,-4.50332,3.75999,1.70699,0.0522812, 0.0455932, 0.984056, 0.163776
6067,-4.50242,3.75737,1.70686,0.0524151, 0.0456557, 0.98415, 0.163147
6068,-4.50154,3.75475,1.70674,0.0525418, 0.0457475, 0.984244, 0.162513
6069,-4.50067,3.75213,1.70663,0.0526579, 0.0458588, 0.984336, 0.161884
6070,-4.50539,3.76073,1.70693,0.0524853, 0.0460203, 0.984328, 0.161944
6071,-4.50459,3.75822,1.70682,0.0525972, 0.0461536, 0.984416, 0.161334
6072,-4.5038,3.75571,1.70671,0.052709, 0.0462791, 0.984507, 0.160703
6073,-4.50302,3.75319,1.70661,0.0528308, 0.0464164, 0.984597, 0.160071
6074,-4.50224,3.75066,1.70651,0.0529485, 0.0465434, 0.984688, 0.159435
6075,-4.50148,3.74813,1.70641,0.05306, 0.0466645, 0.98478, 0.158796
6076,-4.50072,3.74558,1.70631,0.0531683, 0.0467739, 0.984872, 0.158156
6077,-4.49997,3.74303,1.70621,0.0532484, 0.046847, 0.984968, 0.157507
6078,-4.49922,3.74046,1.70611,0.0533248, 0.0469027, 0.985062, 0.156877
6079,-4.49849,3.73788,1.706,0.053405, 0.0469371, 0.985157, 0.156239
6080,-4.49777,3.73527,1.7059,0.0534599, 0.0469278, 0.985253, 0.155618
6081,-4.50273,3.74456,1.70617,0.0531883, 0.0471406, 0.985224, 0.155825
6082,-4.50209,3.74206,1.70605,0.0532353, 0.047095, 0.985327, 0.155175
6083,-4.50147,3.73955,1.70592,0.0532727, 0.0469906, 0.985431, 0.154532
6084,-4.50085,3.73701,1.7058,0.0532919, 0.0468679, 0.985535, 0.1539
6085,-4.50025,3.73446,1.70567,0.0532912, 0.0466896, 0.98564, 0.153277
6086,-4.49966,3.73188,1.70554,0.0532598, 0.0464943, 0.985748, 0.152652
6087,-4.49909,3.72928,1.70542,0.0532035, 0.0462885, 0.985856, 0.152033
6088,-4.49852,3.72667,1.70529,0.0531269, 0.0460801, 0.985966, 0.151408
6089,-4.49797,3.72404,1.70516,0.0530271, 0.0458745, 0.986075, 0.150797
6090,-4.49743,3.7214,1.70503,0.0529249, 0.0456878, 0.986179, 0.150205
6091,-4.4969,3.71875,1.70491,0.0527974, 0.045521, 0.98628, 0.149641
6092,-4.50217,3.72885,1.70545,0.0524613, 0.0458412, 0.986235, 0.149956
6093,-4.50174,3.72633,1.70531,0.052334, 0.0457314, 0.986332, 0.149395
6094,-4.5013,3.7238,1.70518,0.0521845, 0.0456517, 0.986429, 0.148829
6095,-4.50088,3.72128,1.70505,0.0520197, 0.0456131, 0.986522, 0.148286
6096,-4.50046,3.71875,1.70493,0.051836, 0.0456142, 0.986611, 0.147752
6097,-4.50004,3.71622,1.70482,0.0516396, 0.0456655, 0.986699, 0.147215
6098,-4.49963,3.71369,1.70471,0.0514195, 0.0457534, 0.986785, 0.146692
6099,-4.49922,3.71115,1.7046,0.0512027, 0.0458633, 0.986865, 0.146194
6100,-4.49881,3.70862,1.70449,0.050975, 0.0459928, 0.986948, 0.145673
6101,-4.4984,3.70608,1.70439,0.0507516, 0.0461402, 0.98703, 0.145147
6102,-4.49799,3.70353,1.70429,0.0505519, 0.0462873, 0.987113, 0.144604
6103,-4.50395,3.71439,1.7048,0.0501453, 0.0466895, 0.987092, 0.144755
6104,-4.50364,3.71198,1.70468,0.049975, 0.0468323, 0.987175, 0.144207
6105,-4.50332,3.70955,1.70456,0.0498035, 0.0469488, 0.987261, 0.143638
6106,-4.503,3.7071,1.70443,0.0496339, 0.0470455, 0.987349, 0.143054
6107,-4.50268,3.70463,1.70431,0.0494711, 0.0471192, 0.98744, 0.14246
6108,-4.50236,3.70215,1.70419,0.0493218, 0.0471608, 0.987532, 0.141855
6109,-4.50203,3.69963,1.70406,0.0491711, 0.0472079, 0.987629, 0.141215
6110,-4.5017,3.6971,1.70394,0.0490312, 0.0472233, 0.987728, 0.140565
6111,-4.50137,3.69453,1.70382,0.0488822, 0.0472276, 0.987829, 0.139908
6112,-4.50105,3.69195,1.7037,0.0487293, 0.0471966, 0.987934, 0.139229
6113,-4.50072,3.68934,1.70357,0.0485678, 0.047166, 0.988037, 0.138563
6114,-4.50682,3.70052,1.70407,0.0481809, 0.047547, 0.988002, 0.138814
6115,-4.50659,3.69803,1.70393,0.0480104, 0.0475179, 0.988106, 0.138145
6116,-4.50637,3.69553,1.70379,0.047825, 0.0475055, 0.988209, 0.137474
6117,-4.50615,3.693,1.70366,0.047623, 0.0474919, 0.988315, 0.136782
6118,-4.51083,3.70152,1.70411,0.0475566, 0.0474225, 0.988351, 0.136575
6119,-4.51067,3.69905,1.70397,0.0473144, 0.0474352, 0.988455, 0.135894
6120,-4.51051,3.69656,1.70384,0.0470484, 0.0474556, 0.988559, 0.135225
6121,-4.51036,3.69406,1.70371,0.0467618, 0.0474814, 0.988663, 0.134553
6122,-4.51023,3.69153,1.70359,0.0464646, 0.047524, 0.988764, 0.133893
6123,-4.51009,3.68899,1.70346,0.0461731, 0.047565, 0.988863, 0.133248
6124,-4.50997,3.68643,1.70334,0.0458758, 0.0476262, 0.988963, 0.132586
6125,-4.50985,3.68385,1.70322,0.045601, 0.0476936, 0.989062, 0.13192
6126,-4.51387,3.69183,1.70364,0.045446, 0.047707, 0.989075, 0.131865
6127,-4.51382,3.68933,1.70351,0.0451669, 0.0477707, 0.989175, 0.131193
6128,-4.51377,3.6868,1.70337,0.044893, 0.0478138, 0.989273, 0.130526
6129,-4.51372,3.68425,1.70322,0.0446239, 0.047838, 0.98937, 0.129872
6130,-4.51367,3.68167,1.70308,0.0443609, 0.047865, 0.989467, 0.129212
6131,-4.51362,3.67907,1.70293,0.044103, 0.0478685, 0.989565, 0.128548
6132,-4.51358,3.67643,1.70277,0.0438424, 0.0478356, 0.989666, 0.127874
6133,-4.51354,3.67377,1.70261,0.0435868, 0.0477744, 0.989765, 0.127216
6134,-4.5135,3.67107,1.70244,0.0433177, 0.0476907, 0.989865, 0.126554
6135,-4.51346,3.66835,1.70227,0.0430399, 0.0475858, 0.989965, 0.125906
6136,-4.51343,3.66559,1.7021,0.0427598, 0.0474305, 0.99007, 0.125232
6137,-4.51746,3.67415,1.7027,0.0425718, 0.0475308, 0.990033, 0.125552
6138,-4.51751,3.67148,1.7025,0.0422891, 0.0473697, 0.990137, 0.124887
6139,-4.51756,3.66877,1.70229,0.0419777, 0.0471798, 0.990244, 0.124215
6140,-4.51762,3.66604,1.70207,0.0416593, 0.0469656, 0.990355, 0.123517
6141,-4.51768,3.66327,1.70185,0.0413429, 0.046738, 0.990465, 0.122825
6142,-4.51775,3.66047,1.70163,0.0410102, 0.0464971, 0.990572, 0.122158
6143,-4.51782,3.65765,1.70139,0.040682, 0.0462538, 0.990681, 0.121475
6144,-4.51789,3.6548,1.70115,0.0403495, 0.0460068, 0.99079, 0.120787
6145,-4.5218,3.66311,1.70191,0.040237, 0.0459922, 0.990788, 0.120853
6146,-4.52194,3.66033,1.70165,0.0398957, 0.0457411, 0.990896, 0.12017
6147,-4.52207,3.65753,1.70139,0.0395582, 0.0454867, 0.991004, 0.119484
6148,-4.52221,3.6547,1.70112,0.0392186, 0.0452394, 0.991111, 0.1188
6149,-4.52234,3.65184,1.70084,0.0388881, 0.0449843, 0.991222, 0.118079
6150,-4.52247,3.64897,1.70055,0.0385676, 0.0447404, 0.99133, 0.11737
6151,-4.5226,3.64607,1.70027,0.0382597, 0.044508, 0.991437, 0.11665
6152,-4.52273,3.64314,1.69998,0.0379545, 0.0442709, 0.991545, 0.115918
6153,-4.52285,3.6402,1.69968,0.0376367, 0.0440236, 0.991652, 0.115201
6154,-4.52297,3.63723,1.69939,0.0373341, 0.043786, 0.991759, 0.114467
6155,-4.52309,3.63423,1.69909,0.0370357, 0.0435599, 0.991865, 0.113731
6156,-4.52739,3.64343,1.69978,0.036796, 0.0436886, 0.991855, 0.113848
6157,-4.52758,3.64054,1.69946,0.036506, 0.0434571, 0.991962, 0.113091
6158,-4.52777,3.63763,1.69914,0.0362272, 0.0432299, 0.992072, 0.112305
6159,-4.52795,3.63469,1.69881,0.0359377, 0.0430253, 0.99218, 0.111515
6160,-4.52814,3.63174,1.69849,0.0356578, 0.0428357, 0.992287, 0.110726
6161,-4.52831,3.62876,1.69817,0.035383, 0.0426533, 0.992393, 0.109932
6162,-4.52849,3.62577,1.69785,0.0351011, 0.042483, 0.992501, 0.109114
6163,-4.52866,3.62275,1.69753,0.0348263, 0.0423237, 0.992608, 0.108287
6164,-4.52883,3.61972,1.69722,0.0345556, 0.0421983, 0.992714, 0.107447
6165,-4.529,3.61667,1.69691,0.0342802, 0.042085, 0.99282, 0.106592
6166,-4.52916,3.61361,1.6966,0.0340206, 0.0419854, 0.992927, 0.105716
6167,-4.53316,3.62326,1.69703,0.0338867, 0.04222, 0.992891, 0.106
6168,-4.5334,3.62031,1.6967,0.0336164, 0.0421521, 0.992998, 0.105112
6169,-4.53363,3.61734,1.69638,0.033358, 0.0421314, 0.993105, 0.104187
6170,-4.53386,3.61436,1.69607,0.0331054, 0.0421188, 0.993213, 0.103241
6171,-4.53408,3.61136,1.69576,0.0328472, 0.0421616, 0.993322, 0.102248
6172,-4.53431,3.60835,1.69545,0.0325868, 0.0422444, 0.99343, 0.101246
6173,-4.53453,3.60533,1.69516,0.0323347, 0.0423867, 0.993533, 0.100248
6174,-4.53774,3.61353,1.69544,0.0323319, 0.0424314, 0.993545, 0.100118
6175,-4.53801,3.61059,1.69513,0.0320747, 0.0426041, 0.993648, 0.0990931
6176,-4.53827,3.60764,1.69484,0.0318164, 0.0428125, 0.993751, 0.0980525
6177,-4.53854,3.60468,1.69455,0.0315447, 0.04307, 0.993852, 0.0969975
6178,-4.53882,3.6017,1.69427,0.0312533, 0.0433636, 0.993953, 0.0959231
6179,-4.53909,3.59871,1.69399,0.0309519, 0.043681, 0.994051, 0.0948526
6180,-4.53937,3.59571,1.69373,0.0306241, 0.0440064, 0.994148, 0.0937886
6181,-4.53966,3.59269,1.69347,0.0302763, 0.0443252, 0.994245, 0.092708
6182,-4.53995,3.58965,1.69321,0.0299003, 0.0446643, 0.99434, 0.0916412
6183,-4.54024,3.58659,1.69297,0.0295167, 0.0450066, 0.994435, 0.0905713
6184,-4.54055,3.5835,1.69275,0.0291305, 0.0453491, 0.994528, 0.0894972
6185,-4.54438,3.59278,1.69297,0.028885, 0.0456494, 0.994525, 0.0894505
6186,-4.54477,3.58979,1.69274,0.02852, 0.0459861, 0.994616, 0.088376
6187,-4.54516,3.58676,1.69254,0.0281415, 0.0462898, 0.99471, 0.0872725
6188,-4.54557,3.5837,1.69235,0.0277486, 0.0465645, 0.994803, 0.0861919
6189,-4.54598,3.58059,1.69218,0.0273551, 0.0468263, 0.994898, 0.0850729
6190,-4.5464,3.57745,1.69202,0.0269622, 0.0470577, 0.994991, 0.0839694
6191,-4.54682,3.57426,1.69187,0.0265769, 0.0472801, 0.995084, 0.0828598
6192,-4.54725,3.57104,1.69174,0.026175, 0.0474861, 0.995178, 0.0817326
6193,-4.54769,3.56777,1.69161,0.0257676, 0.047662, 0.995272, 0.0806125
6194,-4.54814,3.56447,1.69149,0.0253465, 0.0478405, 0.995363, 0.0795035
6195,-4.54859,3.56113,1.69137,0.0248991, 0.0480438, 0.995453, 0.0783965
6196,-4.55268,3.57102,1.69157,0.0246841, 0.0483202, 0.995429, 0.0785995
6197,-4.55322,3.56778,1.69143,0.0242249, 0.0485303, 0.995516, 0.0775035
6198,-4.55376,3.5645,1.6913,0.0237647, 0.0487431, 0.995601, 0.076406
6199,-4.55431,3.5612,1.69118,0.0232817, 0.0489339, 0.995685, 0.0753265
6200,-4.55486,3.55786,1.69107,0.0227657, 0.0490965, 0.99577, 0.0742528
6201,-4.55542,3.55448,1.69097,0.022237, 0.0492521, 0.995854, 0.0731785
6202,-4.55599,3.55106,1.69089,0.0216707, 0.0493713, 0.99594, 0.0720833
6203,-4.55657,3.5476,1.69082,0.0211089, 0.0494598, 0.996025, 0.071013
6204,-4.56017,3.55673,1.69103,0.0209926, 0.0495281, 0.996025, 0.0709934
6205,-4.56081,3.55333,1.69095,0.020427, 0.049565, 0.996111, 0.0699267
6206,-4.56145,3.54989,1.69087,0.0198511, 0.0495547, 0.996197, 0.0688671
6207,-4.56209,3.5464,1.69081,0.0192908, 0.0495083, 0.996284, 0.0677931
6208,-4.56273,3.54287,1.69075,0.0187487, 0.0494008, 0.996371, 0.0667278
6209,-4.56336,3.5393,1.69069,0.0182303, 0.0492594, 0.996459, 0.0656497
6210,-4.56398,3.53569,1.69063,0.0177136, 0.0491176, 0.996547, 0.0645623
6211,-4.56459,3.53204,1.69056,0.0172307, 0.0489599, 0.996634, 0.0634488
6212,-4.56519,3.52836,1.6905,0.0167586, 0.048809, 0.996722, 0.0623117
6213,-4.56577,3.52465,1.69044,0.0163188, 0.0486614, 0.996807, 0.0611759
6214,-4.56634,3.52092,1.69038,0.0159047, 0.0485116, 0.996892, 0.0600027
6215,-4.56976,3.53056,1.69059,0.0157463, 0.0486411, 0.996891, 0.0599579
6216,-4.57039,3.52692,1.69051,0.0153366, 0.0484965, 0.996974, 0.058786
6217,-4.571,3.52327,1.69043,0.0149473, 0.0483545, 0.997056, 0.0576082
6218,-4.57159,3.51959,1.69035,0.0145749, 0.0482193, 0.997136, 0.056419
6219,-4.57216,3.51589,1.69028,0.0142205, 0.0480815, 0.997215, 0.055216
6220,-4.57271,3.51217,1.69021,0.0138823, 0.0479309, 0.997292, 0.0540193
6221,-4.57325,3.50844,1.69014,0.0135592, 0.047787, 0.997369, 0.052795
6222,-4.57376,3.50469,1.69008,0.0132559, 0.0476379, 0.997445, 0.0515678
6223,-4.57652,3.51377,1.69051,0.0133482, 0.0476805, 0.997428, 0.051823
6224,-4.57706,3.51011,1.69044,0.013075, 0.0475363, 0.997502, 0.0505863
6225,-4.57759,3.50644,1.69037,0.0128185, 0.0473883, 0.997575, 0.0493318
6226,-4.57808,3.50275,1.69031,0.0125862, 0.0472272, 0.997647, 0.0480878
6227,-4.58029,3.50993,1.69082,0.0127474, 0.0469816, 0.997675, 0.0477019
6228,-4.5808,3.50629,1.69076,0.0125161, 0.0468356, 0.997745, 0.0464192
6229,-4.58127,3.50264,1.69071,0.0123206, 0.046697, 0.997814, 0.0451179
6230,-4.58173,3.49898,1.69067,0.0121414, 0.0465743, 0.997882, 0.0437704
6231,-4.58216,3.49531,1.69063,0.0119862, 0.0464424, 0.997948, 0.0424134
6232,-4.58257,3.49163,1.6906,0.0118423, 0.0463576, 0.998012, 0.0410282
6233,-4.58295,3.48795,1.69058,0.0117158, 0.0462878, 0.998073, 0.0396249
6234,-4.58331,3.48426,1.69057,0.0115965, 0.0462494, 0.998132, 0.0382081
6235,-4.58365,3.48057,1.69057,0.0114827, 0.0462544, 0.998187, 0.0367669
6236,-4.58397,3.47689,1.69058,0.0113652, 0.0462859, 0.998239, 0.0353092
6237,-4.58426,3.47321,1.69059,0.0112407, 0.0463736, 0.998287, 0.0338703
6238,-4.58683,3.48192,1.69091,0.0112258, 0.0465365, 0.998285, 0.0336946
6239,-4.58718,3.47835,1.69092,0.0111005, 0.0466453, 0.99833, 0.0322353
6240,-4.5875,3.47479,1.69094,0.010974, 0.0468019, 0.99837, 0.0307792
6241,-4.58781,3.47124,1.69097,0.0108274, 0.0469762, 0.998407, 0.0293046
6242,-4.5881,3.46768,1.69102,0.0106824, 0.0471503, 0.998443, 0.0278247
6243,-4.58838,3.46412,1.69109,0.0105308, 0.0473309, 0.998477, 0.026319
6244,-4.58864,3.46055,1.69116,0.0104017, 0.0475081, 0.998508, 0.0248144
6245,-4.58888,3.45698,1.69125,0.0102756, 0.0476717, 0.998538, 0.0232967
6246,-4.5891,3.4534,1.69134,0.0101544, 0.0478244, 0.998567, 0.0217819
6247,-4.58931,3.44981,1.69144,0.0100522, 0.0479434, 0.998594, 0.020271
6248,-4.5895,3.4462,1.69155,0.00995153, 0.0480409, 0.99862, 0.0187471
6249,-4.59248,3.45574,1.69199,0.00990073, 0.0482286, 0.998608, 0.0188986
6250,-4.59271,3.45225,1.69208,0.00981846, 0.0482951, 0.998634, 0.0173745
6251,-4.59293,3.44874,1.69218,0.00973667, 0.0483362, 0.998658, 0.0158587
6252,-4.59313,3.44522,1.69229,0.0096687, 0.0483423, 0.998681, 0.0143211
6253,-4.59331,3.44168,1.6924,0.00958462, 0.048314, 0.998704, 0.0128031
6254,-4.59347,3.43813,1.69251,0.00951068, 0.0482483, 0.998726, 0.011286
6255,-4.59361,3.43457,1.69262,0.00944767, 0.0481596, 0.998747, 0.00975759
6256,-4.59373,3.43099,1.69274,0.00938716, 0.0480378, 0.998767, 0.0082536
6257,-4.59641,3.44011,1.69306,0.00942638, 0.0480812, 0.998765, 0.00818684
6258,-4.59656,3.43662,1.69316,0.00937003, 0.0479511, 0.998783, 0.00667911
6259,-4.5967,3.43312,1.69327,0.00933089, 0.0478021, 0.9988, 0.00517104
6260,-4.59681,3.42961,1.69338,0.00930517, 0.0476557, 0.998814, 0.00366092
6261,-4.59691,3.42608,1.6935,0.00930373, 0.0475198, 0.998825, 0.00217317
6262,-4.59698,3.42256,1.69362,0.00930196, 0.0473893, 0.998833, 0.000692022
6263,-4.59702,3.41903,1.69373,0.0092916, 0.0472478, 0.99884, -0.000805436
6264,-4.59704,3.41549,1.69386,0.00929446, 0.0471182, 0.998843, -0.00230104
6265,-4.59704,3.41196,1.69398,0.00929653, 0.0469884, 0.998845, -0.00380867
6266,-4.59701,3.40842,1.69409,0.00931899, 0.0468519, 0.998844, -0.00532461
6267,-4.59696,3.40488,1.69421,0.00935015, 0.0467164, 0.998841, -0.00685613
6268,-4.59978,3.4146,1.69452,0.00933225, 0.0468423, 0.998834, -0.00701822
6269,-4.59978,3.41118,1.6946,0.00935332, 0.0467, 0.998829, -0.00855681
6270,-4.59975,3.40777,1.69468,0.0093835, 0.0465534, 0.99882, -0.0101189
6271,-4.59969,3.40435,1.69476,0.00942812, 0.0463923, 0.998811, -0.0116735
6272,-4.59961,3.40094,1.69482,0.0094811, 0.0462351, 0.998798, -0.0132371
6273,-4.5995,3.39753,1.69488,0.00952319, 0.0460534, 0.998784, -0.0148182
6274,-4.59937,3.39411,1.69493,0.00957573, 0.0458706, 0.998767, -0.0163948
6275,-4.59921,3.39069,1.69498,0.00964522, 0.0456678, 0.998748, -0.0179851
6276,-4.59902,3.38728,1.69501,0.0097311, 0.0454624, 0.998727, -0.0195839
6277,-4.5988,3.38386,1.69505,0.00982821, 0.0452503, 0.998703, -0.0211927
6278,-4.59856,3.38044,1.69507,0.0099115, 0.0450324, 0.998676, -0.022818
6279,-4.60166,3.39059,1.69538,0.00987342, 0.0452042, 0.998672, -0.0226735
6280,-4.60146,3.38729,1.69538,0.00995549, 0.0449677, 0.998644, -0.0242866
6281,-4.60124,3.38399,1.69538,0.0100434, 0.0447231, 0.998613, -0.0259074
6282,-4.601,3.3807,1.69537,0.0101213, 0.0444859, 0.998579, -0.0275486
6283,-4.60072,3.37741,1.69536,0.0102093, 0.0442512, 0.998541, -0.029208
6284,-4.60042,3.37412,1.69536,0.0103054, 0.044015, 0.9985, -0.0309002
6285,-4.60009,3.37083,1.69535,0.0103959, 0.0437944, 0.998454, -0.032598
6286,-4.60266,3.37993,1.69576,0.0104569, 0.0437739, 0.998445, -0.0328808
6287,-4.60236,3.37674,1.69574,0.0105335, 0.0435494, 0.998396, -0.0346243
6288,-4.60203,3.37355,1.69572,0.0106063, 0.043322, 0.998343, -0.0363719
6289,-4.60168,3.37036,1.6957,0.0106757, 0.0431125, 0.998285, -0.0381491
6290,-4.60131,3.36718,1.69569,0.0107254, 0.0429074, 0.998223, -0.0399363
6291,-4.60091,3.36399,1.69568,0.0107696, 0.0427378, 0.998157, -0.0417252
6292,-4.60049,3.36081,1.69567,0.0108075, 0.0425931, 0.998086, -0.0435159
6293,-4.60005,3.35763,1.69567,0.0108391, 0.042465, 0.99801, -0.0453335
6294,-4.59959,3.35446,1.69567,0.0108541, 0.0423545, 0.99793, -0.0471571
6295,-4.59911,3.35129,1.69567,0.0108551, 0.0422606, 0.997846, -0.0489853
6296,-4.59861,3.34812,1.69568,0.0108471, 0.0421633, 0.997759, -0.050819
6297,-4.6013,3.35843,1.69585,0.010793, 0.0423503, 0.997733, -0.051179
6298,-4.60085,3.35539,1.69584,0.0107848, 0.042257, 0.997641, -0.0530059
6299,-4.60039,3.35234,1.69583,0.0107806, 0.0421742, 0.997546, -0.0548432
6300,-4.59991,3.34929,1.69582,0.0107733, 0.0420765, 0.997447, -0.0566857
6301,-4.59941,3.34624,1.69582,0.0107691, 0.041976, 0.997344, -0.0585357
6302,-4.59889,3.34318,1.6958,0.0107635, 0.0418579, 0.997239, -0.0603909
6303,-4.59835,3.34012,1.69579,0.0107538, 0.0417233, 0.99713, -0.0622538
6304,-4.59778,3.33705,1.69577,0.0107511, 0.041581, 0.997018, -0.0641135
6305,-4.5972,3.33398,1.69574,0.0107446, 0.0414357, 0.996903, -0.0659744
6306,-4.59659,3.33091,1.69571,0.0107386, 0.0412927, 0.996783, -0.0678497
6307,-4.59596,3.32783,1.69567,0.0107488, 0.0411557, 0.996658, -0.0697428
6308,-4.59907,3.33875,1.69597,0.0106895, 0.0413893, 0.996651, -0.0697145
6309,-4.5985,3.33579,1.69591,0.0107044, 0.0412326, 0.996522, -0.0716136
6310,-4.5979,3.33283,1.69584,0.0107533, 0.0410457, 0.996389, -0.0735401
6311,-4.59729,3.32986,1.69578,0.0107923, 0.0408646, 0.996252, -0.0754641
6312,-4.59665,3.32688,1.69571,0.0108323, 0.0406488, 0.996114, -0.0773821
6313,-4.596,3.32389,1.69565,0.010883, 0.0404177, 0.995971, -0.0793034
6314,-4.59533,3.32089,1.69558,0.0109161, 0.0401569, 0.995826, -0.0812287
6315,-4.59464,3.31787,1.69552,0.0109339, 0.0398655, 0.99568, -0.0831449
6316,-4.59754,3.32792,1.69591,0.0109351, 0.0398904, 0.995663, -0.0833281
6317,-4.5969,3.32499,1.69583,0.0109531, 0.0395905, 0.995511, -0.0852651
6318,-4.59624,3.32205,1.69575,0.0109813, 0.0392646, 0.995356, -0.0871998
6319,-4.59556,3.3191,1.69567,0.0109945, 0.0389266, 0.995198, -0.0891334
6320,-4.59811,3.32695,1.69635,0.0110945, 0.0387139, 0.995196, -0.0892407
6321,-4.59745,3.32405,1.69626,0.0110868, 0.0383605, 0.995035, -0.091164
6322,-4.59677,3.32115,1.69617,0.0110779, 0.03799, 0.994875, -0.093051
6323,-4.59608,3.31823,1.69607,0.0110598, 0.0376051, 0.994711, -0.0949432
6324,-4.59537,3.31531,1.69598,0.0110372, 0.0372345, 0.994544, -0.0968221
6325,-4.59465,3.31238,1.69588,0.0110099, 0.0368821, 0.994373, -0.0986996
6326,-4.59391,3.30944,1.69578,0.0109702, 0.0365285, 0.9942, -0.100561
6327,-4.59315,3.3065,1.69568,0.0109006, 0.0361734, 0.994025, -0.102409
6328,-4.59564,3.31457,1.69621,0.0108631, 0.0359878, 0.993984, -0.102873
6329,-4.59493,3.3117,1.6961,0.0107785, 0.0356431, 0.993805, -0.104712
6330,-4.5942,3.30883,1.69599,0.0106898, 0.0353049, 0.993625, -0.106533
6331,-4.59346,3.30595,1.69588,0.0105878, 0.0349664, 0.993441, -0.108354
6332,-4.59269,3.30306,1.69577,0.0104976, 0.0346348, 0.993256, -0.110153
6333,-4.59191,3.30017,1.69566,0.0104034, 0.0343058, 0.99307, -0.111921
6334,-4.59111,3.29727,1.69555,0.0103002, 0.0339837, 0.992882, -0.113685
6335,-4.59029,3.29437,1.69543,0.0101939, 0.0336816, 0.992692, -0.115427
6336,-4.58945,3.29145,1.69531,0.0101001, 0.0333634, 0.9925, -0.117166
6337,-4.58859,3.28854,1.69518,0.0100313, 0.0330537, 0.992307, -0.118882
6338,-4.5877,3.28562,1.69504,0.00996314, 0.0327387, 0.992111, -0.120598
6339,-4.59077,3.29492,1.69578,0.00984887, 0.0328061, 0.992135, -0.120397
6340,-4.58995,3.2921,1.69562,0.0097771, 0.032495, 0.991938, -0.122097
6341,-4.5891,3.28927,1.69544,0.00970464, 0.0321746, 0.99174, -0.123782
6342,-4.58824,3.28644,1.69526,0.00962669, 0.0318641, 0.99154, -0.125462
6343,-4.58735,3.28361,1.69508,0.0095503, 0.0315706, 0.991343, -0.127088
6344,-4.58643,3.28077,1.69489,0.00948663, 0.0312845, 0.991147, -0.128679
6345,-4.58549,3.27792,1.69469,0.009437, 0.0309921, 0.99095, -0.130264
6346,-4.58453,3.27507,1.69449,0.00939602, 0.0306916, 0.990752, -0.131834
6347,-4.58354,3.27221,1.69429,0.00934071, 0.0303801, 0.990556, -0.133371
6348,-4.58252,3.26934,1.69409,0.00928641, 0.0300689, 0.99036, -0.134899
6349,-4.58148,3.26647,1.69387,0.00924478, 0.0297608, 0.990162, -0.136415
6350,-4.58464,3.27667,1.69449,0.00915525, 0.0298687, 0.990148, -0.136495
6351,-4.58367,3.2739,1.69425,0.00911791, 0.0295712, 0.989953, -0.137971
6352,-4.58267,3.27113,1.69401,0.00909275, 0.0292795, 0.989757, -0.139432
6353,-4.58164,3.26836,1.69376,0.00908326, 0.0290007, 0.989558, -0.140893
6354,-4.58058,3.26558,1.69351,0.00908982, 0.0287378, 0.989359, -0.142337
6355,-4.5795,3.2628,1.69325,0.00912182, 0.0284945, 0.989157, -0.143783
6356,-4.57839,3.26001,1.69299,0.00916513, 0.0282569, 0.988952, -0.145229
6357,-4.57724,3.25723,1.69273,0.00922924, 0.0280343, 0.988744, -0.14668
6358,-4.57607,3.25444,1.69247,0.00930368, 0.0278183, 0.988529, -0.148153
6359,-4.57488,3.25165,1.6922,0.00937698, 0.0276076, 0.988315, -0.149613
6360,-4.57365,3.24886,1.69193,0.00944971, 0.0274358, 0.988097, -0.151072
6361,-4.5772,3.25945,1.69246,0.00932549, 0.0276532, 0.988121, -0.15088
6362,-4.57604,3.25678,1.69217,0.00938596, 0.0275037, 0.987899, -0.152349
6363,-4.57486,3.2541,1.69188,0.00944769, 0.0273613, 0.987677, -0.153806
6364,-4.57365,3.25142,1.69159,0.00949244, 0.0272491, 0.987444, -0.155311
6365,-4.57243,3.24873,1.6913,0.0095314, 0.02714, 0.987208, -0.15682
6366,-4.57117,3.24604,1.69101,0.00958019, 0.0270214, 0.986969, -0.158339
6367,-4.5699,3.24335,1.69073,0.009622, 0.0269056, 0.986725, -0.159866
6368,-4.5686,3.24064,1.69045,0.0096472, 0.0267899, 0.986482, -0.161379
6369,-4.57158,3.25011,1.691,0.00962354, 0.0268027, 0.986483, -0.161368
6370,-4.57033,3.24749,1.6907,0.00964636, 0.0266864, 0.986236, -0.16289
6371,-4.56907,3.24486,1.6904,0.0096607, 0.0265715, 0.985987, -0.164407
6372,-4.56778,3.24222,1.69011,0.00965784, 0.0264699, 0.985737, -0.16592
6373,-4.56647,3.23957,1.68981,0.00964331, 0.0263675, 0.985481, -0.167447
6374,-4.56514,3.23692,1.68952,0.009612, 0.0262744, 0.985225, -0.168962
6375,-4.56379,3.23426,1.68922,0.00956002, 0.0262018, 0.984964, -0.170495
6376,-4.56628,3.24279,1.68996,0.00956888, 0.0261251, 0.984945, -0.170615
6377,-4.56497,3.2402,1.68965,0.00951781, 0.0260676, 0.984683, -0.172133
6378,-4.56364,3.23761,1.68935,0.00946682, 0.026025, 0.984418, -0.173651
6379,-4.56229,3.23501,1.68906,0.00941841, 0.0259977, 0.984151, -0.175165
6380,-4.56091,3.23241,1.68876,0.0093748, 0.0259888, 0.983881, -0.176678
6381,-4.55951,3.22981,1.68847,0.00934401, 0.0259947, 0.983614, -0.178161
6382,-4.5581,3.22719,1.68818,0.00930292, 0.0260303, 0.983349, -0.17961
6383,-4.55665,3.22458,1.68789,0.00926588, 0.0260665, 0.983082, -0.181064
6384,-4.55942,3.2331,1.68856,0.00921079, 0.0260409, 0.983088, -0.181038
6385,-4.55803,3.23056,1.68825,0.00916928, 0.026079, 0.982819, -0.182491
6386,-4.55661,3.22802,1.68795,0.0091346, 0.0261226, 0.982549, -0.183934
6387,-4.55517,3.22546,1.68765,0.00908146, 0.0261646, 0.982285, -0.185333
6388,-4.55371,3.2229,1.68735,0.00905214, 0.0262072, 0.982023, -0.186713
6389,-4.55222,3.22032,1.68704,0.00903087, 0.0262271, 0.981762, -0.188081
6390,-4.55071,3.21774,1.68673,0.00900662, 0.0262417, 0.981508, -0.189397
6391,-4.54917,3.21514,1.68641,0.00899311, 0.0262514, 0.981251, -0.190726
6392,-4.5476,3.21254,1.6861,0.00899692, 0.0262525, 0.980996, -0.192031
6393,-4.546,3.20992,1.68578,0.00901978, 0.0262372, 0.980744, -0.193317
6394,-4.54437,3.20729,1.68545,0.00907099, 0.0262197, 0.980494, -0.194581
6395,-4.54767,3.21692,1.6859,0.00896258, 0.0263668, 0.980503, -0.194522
6396,-4.54611,3.21438,1.68555,0.00901933, 0.0263467, 0.980256, -0.195761
6397,-4.54453,3.21184,1.68519,0.00907657, 0.0263295, 0.98001, -0.19699
6398,-4.54291,3.20929,1.68483,0.00913662, 0.0263158, 0.979766, -0.198197
6399,-4.54127,3.20673,1.68447,0.00920149, 0.0263156, 0.979525, -0.199381
6400,-4.5396,3.20416,1.6841,0.00927709, 0.0263262, 0.979288, -0.200537
6401,-4.5379,3.20159,1.68373,0.00936355, 0.0263474, 0.979054, -0.201673
6402,-4.53618,3.19901,1.68336,0.00945297, 0.0263948, 0.978815, -0.202817
6403,-4.53443,3.19643,1.68299,0.00954777, 0.0264599, 0.978579, -0.203943
6404,-4.53265,3.19385,1.68262,0.00963294, 0.0265571, 0.978341, -0.205061
6405,-4.53085,3.19126,1.68224,0.00972936, 0.0266593, 0.978102, -0.206181
6406,-4.53466,3.20176,1.6827,0.00959649, 0.0269117, 0.978165, -0.205855
6407,-4.53294,3.19927,1.6823,0.00969341, 0.0270565, 0.977927, -0.206959
6408,-4.5312,3.19678,1.68191,0.00979056, 0.0272042, 0.977692, -0.208045
6409,-4.52942,3.19429,1.68151,0.00991266, 0.027375, 0.977455, -0.209127
6410,-4.52763,3.1918,1.6811,0.0100221, 0.027565, 0.977219, -0.210197
6411,-4.52581,3.18931,1.68069,0.0101417, 0.0277788, 0.976979, -0.211277
6412,-4.52396,3.18682,1.68027,0.0102582, 0.0279946, 0.976737, -0.212359
6413,-4.52209,3.18432,1.67984,0.0103769, 0.0282098, 0.976498, -0.213418
6414,-4.52558,3.19429,1.6805,0.0103169, 0.0283253, 0.97652, -0.213309
6415,-4.52376,3.19189,1.68006,0.0104339, 0.0285441, 0.976277, -0.21438
6416,-4.52191,3.18949,1.67961,0.0105474, 0.0287796, 0.976032, -0.215456
6417,-4.52004,3.18708,1.67916,0.0106411, 0.0290244, 0.975785, -0.216534
6418,-4.52275,3.19502,1.68001,0.0106799, 0.0288361, 0.975793, -0.216525
6419,-4.52089,3.19267,1.67956,0.01079, 0.0290724, 0.975547, -0.217592
6420,-4.51901,3.19031,1.67911,0.0108963, 0.0292954, 0.9753, -0.218661
6421,-4.5171,3.18795,1.67866,0.0110106, 0.0295146, 0.97505, -0.219741
6422,-4.51516,3.18557,1.67822,0.0111178, 0.0297348, 0.974797, -0.220822
6423,-4.5132,3.18318,1.67777,0.011224, 0.0299724, 0.974542, -0.221911
6424,-4.51121,3.18077,1.67733,0.0113395, 0.0302163, 0.974285, -0.222994
6425,-4.50919,3.17836,1.6769,0.0114594, 0.0304663, 0.974024, -0.224091
6426,-4.51202,3.18672,1.67756,0.0114188, 0.0305601, 0.974001, -0.224184
6427,-4.51005,3.18438,1.67712,0.0115433, 0.030806, 0.973743, -0.225262
6428,-4.50806,3.18202,1.67668,0.0116665, 0.031054, 0.973479, -0.226358
6429,-4.50605,3.17966,1.67625,0.0117673, 0.0313191, 0.973219, -0.22743
6430,-4.50401,3.17729,1.67581,0.0118645, 0.0315918, 0.972961, -0.22849
6431,-4.50196,3.17491,1.67538,0.0119287, 0.0318924, 0.972704, -0.229538
6432,-4.49987,3.17252,1.67495,0.0119942, 0.0321891, 0.972443, -0.230597
6433,-4.49777,3.17013,1.67453,0.0120497, 0.0324984, 0.972181, -0.231651
6434,-4.49564,3.16773,1.67412,0.0121081, 0.032831, 0.971926, -0.232669
6435,-4.49348,3.16532,1.67371,0.0121765, 0.0331709, 0.971664, -0.233711
6436,-4.4913,3.16291,1.67331,0.0122704, 0.0334939, 0.971404, -0.23474
6437,-4.48909,3.16048,1.67292,0.0123771, 0.0338091, 0.971142, -0.235768
6438,-4.48685,3.15805,1.67254,0.0125035, 0.0341166, 0.97088, -0.236795
6439,-4.48458,3.1556,1.67216,0.0126388, 0.0344353, 0.97061, -0.237846
6440,-4.48864,3.16679,1.6729,0.012448, 0.0349497, 0.970672, -0.237528
6441,-4.48647,3.16445,1.67251,0.0126, 0.0352569, 0.970395, -0.238603
6442,-4.48427,3.16209,1.67212,0.012748, 0.035562, 0.97012, -0.239665
6443,-4.48205,3.15972,1.67175,0.0128982, 0.0358602, 0.96984, -0.240746
6444,-4.47979,3.15734,1.67139,0.0130378, 0.0361407, 0.969558, -0.241828
6445,-4.47751,3.15494,1.67105,0.0131658, 0.036414, 0.969274, -0.242919
6446,-4.47521,3.15252,1.67072,0.0132954, 0.0366764, 0.968986, -0.244018
6447,-4.47287,3.15009,1.6704,0.0133995, 0.0369157, 0.968695, -0.245126
6448,-4.47052,3.14764,1.67009,0.0135068, 0.0371389, 0.9684, -0.24625
6449,-4.46813,3.14517,1.6698,0.0136134, 0.0373701, 0.968103, -0.247374
6450,-4.46572,3.14269,1.66952,0.0137161, 0.0376124, 0.967802, -0.248507
6451,-4.47019,3.15516,1.67013,0.0135702, 0.0381281, 0.967854, -0.248235
6452,-4.46787,3.15278,1.66984,0.0136753, 0.038375, 0.967551, -0.249371
6453,-4.46553,3.1504,1.66957,0.0138006, 0.0386167, 0.967239, -0.250533
6454,-4.46316,3.148,1.66931,0.0139019, 0.0388659, 0.966925, -0.251699
6455,-4.46077,3.1456,1.66906,0.0140134, 0.0391275, 0.966612, -0.252853
6456,-4.45836,3.14318,1.66883,0.0141256, 0.039379, 0.96629, -0.254032
6457,-4.45592,3.14076,1.66861,0.0142394, 0.0396218, 0.965973, -0.255192
6458,-4.45346,3.13832,1.66841,0.0143606, 0.0398494, 0.965651, -0.256368
6459,-4.45098,3.13587,1.66823,0.0144845, 0.0400515, 0.965326, -0.257548
6460,-4.44847,3.13341,1.66806,0.0146342, 0.0402039, 0.965002, -0.258731
6461,-4.44594,3.13093,1.66791,0.0147863, 0.0403211, 0.964678, -0.259908
6462,-4.45072,3.14324,1.66871,0.0146315, 0.0406545, 0.964662, -0.259924
6463,-4.44828,3.14087,1.66855,0.014793, 0.0407384, 0.964338, -0.261102
6464,-4.44582,3.13847,1.66841,0.0149686, 0.040798, 0.964008, -0.262296
6465,-4.44334,3.13606,1.66829,0.0151587, 0.0408201, 0.963678, -0.263494
6466,-4.44083,3.13363,1.66818,0.0153651, 0.0408133, 0.963345, -0.264697
6467,-4.43831,3.13119,1.66808,0.0155823, 0.0408079, 0.96301, -0.265903
6468,-4.43576,3.12873,1.66801,0.0158013, 0.0407905, 0.962673, -0.267107
6469,-4.4332,3.12626,1.66795,0.0160208, 0.0407652, 0.962339, -0.268302
6470,-4.43063,3.12378,1.6679,0.0162158, 0.0407622, 0.962003, -0.269491
6471,-4.42804,3.1213,1.66787,0.0163923, 0.0407966, 0.961663, -0.270687
6472,-4.42545,3.11881,1.66785,0.0165415, 0.0408505, 0.961317, -0.271896
6473,-4.43086,3.13104,1.66867,0.0162845, 0.0412164, 0.961378, -0.27164
6474,-4.42839,3.12866,1.66864,0.0164088, 0.0413063, 0.96103, -0.272848
6475,-4.42592,3.12629,1.66863,0.0164905, 0.0414425, 0.960681, -0.274047
6476,-4.42345,3.12391,1.66863,0.0165642, 0.0416226, 0.960336, -0.275222
6477,-4.42099,3.12154,1.66864,0.0165835, 0.0418352, 0.959985, -0.276412
6478,-4.41854,3.11917,1.66865,0.0165607, 0.0420836, 0.959639, -0.277574
6479,-4.41609,3.11681,1.66867,0.0164952, 0.0423672, 0.959296, -0.278719
6480,-4.41366,3.11444,1.6687,0.0163839, 0.0426779, 0.958953, -0.279855
6481,-4.41123,3.11209,1.66872,0.01623, 0.0430011, 0.958609, -0.28099
6482,-4.40882,3.10973,1.66874,0.0160403, 0.0433352, 0.95827, -0.282106
6483,-4.40641,3.10737,1.66876,0.0158325, 0.0436659, 0.957935, -0.283201
6484,-4.41256,3.12124,1.66961,0.0154294, 0.044248, 0.957922, -0.283177
6485,-4.4103,3.11901,1.6696,0.0151846, 0.044573, 0.957581, -0.28429
6486,-4.40803,3.11678,1.66958,0.0149251, 0.044862, 0.957243, -0.285394
6487,-4.40578,3.11455,1.66955,0.0146529, 0.0451332, 0.956904, -0.286501
6488,-4.40351,3.11232,1.6695,0.0143741, 0.0453874, 0.956568, -0.287595
6489,-4.40125,3.11007,1.66945,0.0140861, 0.0456282, 0.956236, -0.288672
6490,-4.39899,3.10783,1.66939,0.0137962, 0.0458432, 0.955903, -0.289753
6491,-4.39672,3.10557,1.66931,0.0135139, 0.046034, 0.955569, -0.290836
6492,-4.39445,3.10331,1.66923,0.0132499, 0.0462215, 0.955229, -0.291935
6493,-4.39216,3.10105,1.66914,0.0130136, 0.0463848, 0.954882, -0.293053
6494,-4.38988,3.09878,1.66904,0.0127852, 0.0465599, 0.95453, -0.29418
6495,-4.3966,3.11389,1.66993,0.012448, 0.0471898, 0.954576, -0.293944
6496,-4.39444,3.11175,1.6698,0.0122449, 0.04738, 0.954223, -0.295065
6497,-4.39228,3.10962,1.66967,0.0120421, 0.0475839, 0.953866, -0.296192
6498,-4.39011,3.10747,1.66954,0.0118536, 0.0478123, 0.953499, -0.297345
6499,-4.38793,3.10533,1.6694,0.0116609, 0.0480666, 0.953121, -0.298519
6500,-4.38576,3.10319,1.66927,0.0114744, 0.048342, 0.952738, -0.299701
6501,-4.38358,3.10104,1.66914,0.0112866, 0.0486235, 0.95235, -0.300896
6502,-4.3814,3.09889,1.66902,0.011085, 0.0489006, 0.951959, -0.302093
6503,-4.38779,3.11315,1.67007,0.0108346, 0.0493405, 0.951931, -0.302118
6504,-4.38572,3.11111,1.66994,0.010621, 0.0496233, 0.951535, -0.303324
6505,-4.38365,3.10907,1.66981,0.0104104, 0.0498856, 0.951134, -0.304545
6506,-4.38158,3.10702,1.66969,0.0101845, 0.0501423, 0.950723, -0.305789
6507,-4.3795,3.10495,1.66958,0.00995814, 0.0503821, 0.950314, -0.307027
6508,-4.37742,3.10287,1.66947,0.00972691, 0.0505895, 0.949904, -0.308267
6509,-4.37534,3.10078,1.66937,0.00950234, 0.0507717, 0.949485, -0.309532
6510,-4.37325,3.09868,1.66928,0.00929975, 0.0509378, 0.949056, -0.310824
6511,-4.37115,3.09655,1.66919,0.00910675, 0.0510879, 0.948616, -0.312147
6512,-4.36905,3.09441,1.66911,0.00893632, 0.0512051, 0.948162, -0.313507
6513,-4.36694,3.09226,1.66903,0.00876774, 0.0512876, 0.947707, -0.314871
6514,-4.37395,3.1072,1.67002,0.00839358, 0.0517917, 0.947643, -0.314993
6515,-4.37197,3.10515,1.66992,0.00824173, 0.0518753, 0.94718, -0.316372
6516,-4.36998,3.10309,1.66983,0.00809707, 0.0519439, 0.94671, -0.317767
6517,-4.36798,3.10101,1.66973,0.00795814, 0.0520068, 0.946232, -0.319182
6518,-4.36598,3.09892,1.66964,0.00783364, 0.0520477, 0.945753, -0.320596
6519,-4.36398,3.09682,1.66955,0.0077034, 0.0520839, 0.945273, -0.322005
6520,-4.36196,3.0947,1.66946,0.00755756, 0.0521227, 0.944786, -0.323429
6521,-4.35994,3.09256,1.66938,0.00742712, 0.0521257, 0.944295, -0.32486
6522,-4.35792,3.09042,1.66929,0.00732136, 0.0521025, 0.943794, -0.32632
6523,-4.35589,3.08826,1.6692,0.00722876, 0.0520546, 0.943298, -0.327761
6524,-4.35385,3.08608,1.66911,0.00715978, 0.0519934, 0.942795, -0.329215
6525,-4.36114,3.1012,1.67016,0.00683038, 0.0524521, 0.942837, -0.32903
6526,-4.35923,3.09914,1.67004,0.00677765, 0.0523749, 0.942324, -0.330509
6527,-4.35732,3.09707,1.66993,0.00674121, 0.0522949, 0.941811, -0.331983
6528,-4.35539,3.09498,1.66981,0.00672481, 0.0521888, 0.941289, -0.333476
6529,-4.36075,3.1066,1.67099,0.00664975, 0.0521655, 0.94128, -0.333506
6530,-4.35888,3.10459,1.67087,0.00665274, 0.052051, 0.94076, -0.334988
6531,-4.357,3.10257,1.67075,0.00667744, 0.051908, 0.940228, -0.336501
6532,-4.3551,3.10054,1.67062,0.00672389, 0.0517371, 0.939691, -0.338023
6533,-4.35784,3.10747,1.67133,0.00674074, 0.0512199, 0.939612, -0.33832
6534,-4.35597,3.10547,1.67119,0.0067855, 0.0510543, 0.939074, -0.339834
6535,-4.35409,3.10346,1.67105,0.00683679, 0.0508692, 0.938528, -0.341366
6536,-4.3522,3.10144,1.67092,0.00688628, 0.0506775, 0.937979, -0.3429
6537,-4.3503,3.09942,1.67077,0.00692529, 0.0504834, 0.937427, -0.344434
6538,-4.34839,3.09738,1.67063,0.00696373, 0.0502694, 0.936878, -0.345953
6539,-4.34648,3.09533,1.67049,0.00698751, 0.0500497, 0.936325, -0.347478
6540,-4.34456,3.09327,1.67034,0.00699705, 0.0498123, 0.935777, -0.348986
6541,-4.34264,3.0912,1.67019,0.00699027, 0.0495748, 0.935231, -0.35048
6542,-4.34072,3.08912,1.67004,0.00697461, 0.0493255, 0.934687, -0.351965
6543,-4.3388,3.08703,1.66989,0.00692161, 0.0490961, 0.934138, -0.353451
6544,-4.34166,3.09279,1.67036,0.00666626, 0.0485872, 0.934133, -0.353539
6545,-4.33983,3.09072,1.67018,0.00659806, 0.048353, 0.933587, -0.355012
6546,-4.338,3.08864,1.67001,0.00651724, 0.0481242, 0.933043, -0.356473
6547,-4.33617,3.08656,1.66984,0.00641855, 0.0478898, 0.932496, -0.357934
6548,-4.33433,3.08446,1.66966,0.00632433, 0.0476626, 0.931945, -0.359398
6549,-4.33249,3.08236,1.66949,0.00621029, 0.0474402, 0.931386, -0.360874
6550,-4.33064,3.08026,1.66931,0.00610442, 0.0472169, 0.930831, -0.362335
6551,-4.32879,3.07815,1.66914,0.00598973, 0.0469829, 0.930274, -0.363795
6552,-4.32693,3.07604,1.66896,0.00587537, 0.0467602, 0.92971, -0.365263
6553,-4.32506,3.07393,1.66878,0.0057627, 0.046515, 0.929145, -0.366734
6554,-4.32318,3.07181,1.66861,0.00564808, 0.0462891, 0.928576, -0.368202
6555,-4.3275,3.07903,1.66908,0.00535384, 0.0460081, 0.928675, -0.36799
6556,-4.32572,3.07695,1.66888,0.00523352, 0.0457829, 0.928098, -0.369472
6557,-4.32393,3.07487,1.66868,0.00512572, 0.0455625, 0.927518, -0.370957
6558,-4.32213,3.07279,1.66849,0.00502704, 0.0453311, 0.926931, -0.37245
6559,-4.32032,3.0707,1.66831,0.00493969, 0.045098, 0.926336, -0.373956
6560,-4.31849,3.06861,1.66812,0.00485534, 0.0448687, 0.925736, -0.375467
6561,-4.31665,3.06651,1.66795,0.00479316, 0.0446483, 0.925134, -0.376977
6562,-4.31479,3.06441,1.66778,0.00474032, 0.0444384, 0.924522, -0.3785
6563,-4.31292,3.06231,1.66761,0.00467664, 0.0442351, 0.923902, -0.380036
6564,-4.31104,3.0602,1.66745,0.00463196, 0.0440291, 0.923273, -0.381584
6565,-4.30914,3.05809,1.6673,0.00458677, 0.0438426, 0.922637, -0.383141
6566,-4.31368,3.06627,1.6679,0.00428459, 0.0436411, 0.922573, -0.383322
6567,-4.31189,3.06421,1.66773,0.00423806, 0.0434687, 0.92193, -0.384887
6568,-4.31008,3.06215,1.66757,0.00418869, 0.0432976, 0.921278, -0.386463
6569,-4.30827,3.06008,1.66742,0.0041384, 0.043139, 0.920623, -0.38804
6570,-4.30644,3.05801,1.66728,0.00408544, 0.0429733, 0.919964, -0.389619
6571,-4.3046,3.05594,1.66714,0.00402652, 0.042831, 0.919303, -0.391191
6572,-4.30274,3.05387,1.66701,0.00396078, 0.042701, 0.918627, -0.392792
6573,-4.30088,3.05179,1.66688,0.00388339, 0.0425763, 0.917953, -0.394378
6574,-4.29901,3.0497,1.66677,0.00381068, 0.042463, 0.917267, -0.395985
6575,-4.29713,3.04761,1.66666,0.00372726, 0.042367, 0.91658, -0.397583
6576,-4.29523,3.04551,1.66656,0.00366004, 0.0422567, 0.915877, -0.399211
6577,-4.30022,3.05454,1.66743,0.00338185, 0.0421666, 0.915948, -0.399062
6578,-4.29843,3.0525,1.66731,0.00330956, 0.0420618, 0.91524, -0.400694
6579,-4.29663,3.05044,1.6672,0.00322662, 0.0419591, 0.914524, -0.402338
6580,-4.29482,3.04837,1.6671,0.0031536, 0.0418535, 0.913805, -0.403978
6581,-4.29299,3.0463,1.667,0.00306996, 0.0417488, 0.913083, -0.405619
6582,-4.29114,3.04421,1.66691,0.00299687, 0.0416351, 0.91235, -0.407277
6583,-4.28928,3.04211,1.66682,0.00293309, 0.0415167, 0.911615, -0.408933
6584,-4.2874,3.04001,1.66674,0.00285897, 0.0414123, 0.910872, -0.410597
6585,-4.29195,3.04876,1.66768,0.00268724, 0.0412284, 0.910857, -0.41065
6586,-4.29015,3.0467,1.66759,0.0026353, 0.0411071, 0.910094, -0.41235
6587,-4.28833,3.04463,1.66751,0.00259444, 0.0409626, 0.909322, -0.414063
6588,-4.28649,3.04254,1.66743,0.00256066, 0.0408195, 0.908543, -0.415785
6589,-4.28463,3.04044,1.66736,0.0025206, 0.0406747, 0.907756, -0.417514
6590,-4.28275,3.03834,1.66729,0.00248359, 0.0405206, 0.906963, -0.419249
6591,-4.28086,3.03622,1.66721,0.00244557, 0.0403689, 0.906165, -0.420985
6592,-4.27895,3.03409,1.66714,0.00241716, 0.0402077, 0.905355, -0.422742
6593,-4.2832,3.04255,1.66814,0.00226158, 0.0399753, 0.905355, -0.422765
6594,-4.28136,3.04046,1.66806,0.00222922, 0.0397923, 0.904547, -0.424508
6595,-4.2795,3.03835,1.66797,0.00220657, 0.0395888, 0.903735, -0.426251
6596,-4.27762,3.03623,1.66789,0.00217212, 0.0393472, 0.902924, -0.42799
6597,-4.27573,3.0341,1.6678,0.00214799, 0.0390899, 0.902111, -0.429725
6598,-4.27381,3.03195,1.66772,0.00211835, 0.0388152, 0.901299, -0.43145
6599,-4.27188,3.02978,1.66763,0.00208616, 0.0385042, 0.900493, -0.433157
6600,-4.27525,3.0377,1.66842,0.00198033, 0.038197, 0.900463, -0.433248
6601,-4.27337,3.03556,1.66832,0.00195165, 0.0378597, 0.899651, -0.434961
6602,-4.27148,3.0334,1.66821,0.00192323, 0.0374925, 0.898829, -0.436688
6603,-4.26956,3.03123,1.66811,0.001889, 0.0371349, 0.898017, -0.438386
6604,-4.26763,3.02905,1.66799,0.00186133, 0.036758, 0.897201, -0.440087
6605,-4.26567,3.02685,1.66787,0.00184245, 0.0363767, 0.896389, -0.441769
6606,-4.2637,3.02464,1.66775,0.00183826, 0.0359994, 0.895569, -0.443459
6607,-4.26172,3.02243,1.66762,0.00184131, 0.0356266, 0.894738, -0.445164
6608,-4.25971,3.02021,1.66749,0.00187173, 0.0352614, 0.893904, -0.446866
6609,-4.25769,3.01798,1.66734,0.00190522, 0.0349317, 0.893064, -0.448568
6610,-4.25566,3.01575,1.66719,0.00196153, 0.0346103, 0.892217, -0.450274
6611,-4.25973,3.02525,1.66755,0.00178589, 0.0344987, 0.892093, -0.45053
6612,-4.25779,3.02307,1.66737,0.00185167, 0.0341965, 0.891225, -0.452268
6613,-4.25584,3.0209,1.66718,0.00190605, 0.0339297, 0.890342, -0.454022
6614,-4.25388,3.01872,1.66699,0.00196716, 0.0336777, 0.889444, -0.455798
6615,-4.2519,3.01654,1.66678,0.00204073, 0.0334447, 0.888523, -0.457608
6616,-4.24992,3.01437,1.66657,0.00208595, 0.0332248, 0.887584, -0.459442
6617,-4.24792,3.01218,1.66636,0.0021306, 0.0330159, 0.88663, -0.461295
6618,-4.24592,3.01,1.66614,0.00215532, 0.0328185, 0.885656, -0.463176
6619,-4.24391,3.0078,1.66592,0.00216537, 0.0326336, 0.884662, -0.465084
6620,-4.24189,3.00561,1.66569,0.00215608, 0.0324528, 0.88365, -0.467017
6621,-4.23987,3.0034,1.66546,0.00212052, 0.032288, 0.882628, -0.468956
6622,-4.24498,3.0141,1.66591,0.00187994, 0.0323752, 0.882683, -0.468848
6623,-4.24307,3.01195,1.66566,0.00181464, 0.03222, 0.881647, -0.470805
6624,-4.24116,3.00979,1.6654,0.00172295, 0.0320777, 0.880603, -0.472765
6625,-4.23925,3.00761,1.66514,0.00159947, 0.031939, 0.879547, -0.474736
6626,-4.23733,3.00542,1.66488,0.00144241, 0.0318122, 0.878483, -0.476711
6627,-4.24152,3.01453,1.66542,0.00139937, 0.0316757, 0.878597, -0.47651
6628,-4.23967,3.01238,1.66515,0.00121513, 0.0315528, 0.877537, -0.478469
6629,-4.2378,3.01022,1.66488,0.00100022, 0.031431, 0.876466, -0.480436
6630,-4.23594,3.00803,1.66462,0.000744645, 0.0313177, 0.875406, -0.482373
6631,-4.23924,3.0156,1.66498,0.000661962, 0.0310198, 0.875243, -0.482687
6632,-4.23741,3.01345,1.66471,0.000387377, 0.0309128, 0.874172, -0.484631
6633,-4.23558,3.01128,1.66445,9.05573e-05, 0.03081, 0.873096, -0.486574
6634,-4.23373,3.00909,1.66419,-0.000207631, 0.0306945, 0.872028, -0.488493
6635,-4.23188,3.00688,1.66393,-0.000516683, 0.0305868, 0.870961, -0.490399
6636,-4.23001,3.00465,1.66368,-0.000830313, 0.0304781, 0.869897, -0.492291
6637,-4.22812,3.0024,1.66342,-0.00112614, 0.030369, 0.86884, -0.49416
6638,-4.22622,3.00013,1.66318,-0.00141621, 0.0302719, 0.867771, -0.496039
6639,-4.22967,3.00778,1.66359,-0.00160137, 0.0300567, 0.867796, -0.496008
6640,-4.22783,3.00553,1.66333,-0.0018767, 0.029981, 0.866729, -0.497874
6641,-4.22597,3.00327,1.66308,-0.00212895, 0.029928, 0.865668, -0.499719
6642,-4.22409,3.001,1.66282,0.00235977, -0.0298857, -0.864603, 0.501561
6643,-4.22219,2.99872,1.66257,0.002588, -0.0298524, -0.863531, 0.503405
6644,-4.22027,2.99642,1.66232,0.00281524, -0.0298338, -0.862472, 0.505217
6645,-4.21833,2.9941,1.66208,0.00302932, -0.0298059, -0.86141, 0.507026
6646,-4.2214,3.00144,1.6626,0.00318962, -0.0295576, -0.861364, 0.507118
6647,-4.2195,2.99915,1.66235,0.00341946, -0.0295347, -0.860298, 0.508925
6648,-4.21759,2.99684,1.6621,0.00365134, -0.02952, -0.859232, 0.510721
6649,-4.21566,2.99451,1.66186,0.00387527, -0.0294836, -0.858166, 0.51251
6650,-4.2137,2.99216,1.66162,0.00410176, -0.0294241, -0.85711, 0.514276
6651,-4.21172,2.98979,1.66138,0.00434298, -0.0293461, -0.85604, 0.516057
6652,-4.20973,2.9874,1.66114,0.00458259, -0.029249, -0.854976, 0.517822
6653,-4.20771,2.98498,1.6609,0.0048392, -0.0291259, -0.853909, 0.519584
6654,-4.20566,2.98255,1.66065,0.00507378, -0.0289722, -0.852833, 0.521355
6655,-4.2036,2.98009,1.6604,0.00530062, -0.0287636, -0.851742, 0.523144
6656,-4.20151,2.97762,1.66015,0.00553915, -0.0285401, -0.850656, 0.524918
6657,-4.20511,2.98616,1.66058,0.00582777, -0.0283964, -0.850516, 0.525149
6658,-4.2031,2.98371,1.66031,0.00609972, -0.0281775, -0.849414, 0.52694
6659,-4.20108,2.98124,1.66004,0.00633797, -0.0279665, -0.84829, 0.528754
6660,-4.19902,2.97875,1.65978,0.00656849, -0.0277489, -0.847154, 0.530582
6661,-4.19694,2.97625,1.65953,0.00679398, -0.0275341, -0.846004, 0.532422
6662,-4.19484,2.97374,1.65929,0.00700941, -0.0273235, -0.844822, 0.534303
6663,-4.19271,2.97121,1.65907,0.00722263, -0.02715, -0.843625, 0.536197
6664,-4.19056,2.96868,1.65886,0.0074248, -0.0270083, -0.842402, 0.538121
6665,-4.18839,2.96613,1.65865,0.007616, -0.0268904, -0.841157, 0.540069
6666,-4.1862,2.96357,1.65846,0.00783671, -0.0267753, -0.839892, 0.542036
6667,-4.184,2.961,1.65826,0.00808061, -0.026688, -0.83863, 0.543987
6668,-4.18896,2.97145,1.65845,0.00840209, -0.0268548, -0.838638, 0.543963
6669,-4.18688,2.96893,1.65824,0.00869172, -0.0268157, -0.837359, 0.545926
6670,-4.18479,2.9664,1.65804,0.00905984, -0.0268191, -0.836072, 0.547888
6671,-4.1827,2.96386,1.65785,0.00948141, -0.0268364, -0.834774, 0.549857
6672,-4.1806,2.96132,1.65768,0.00996936, -0.0268546, -0.833476, 0.551812
6673,-4.1785,2.95876,1.65753,0.0105189, -0.0268895, -0.832188, 0.553742
6674,-4.1764,2.95619,1.65741,0.0110695, -0.0269362, -0.830888, 0.555677
6675,-4.17428,2.95361,1.65731,0.0116056, -0.0269859, -0.829575, 0.557622
6676,-4.17941,2.96458,1.65749,0.0118174, -0.0271779, -0.829575, 0.557609
6677,-4.17737,2.96205,1.6574,0.0123454, -0.0272362, -0.828251, 0.559559
6678,-4.17531,2.9595,1.65733,0.0128473, -0.0272653, -0.826925, 0.561504
6679,-4.17324,2.95694,1.65727,0.0133363, -0.0272869, -0.825598, 0.563441
6680,-4.17113,2.95436,1.65723,0.0137911, -0.0273011, -0.824265, 0.565378
6681,-4.16899,2.95178,1.65721,0.0142121, -0.027309, -0.822919, 0.567324
6682,-4.16682,2.94918,1.65719,0.0146132, -0.0273305, -0.821568, 0.569267
6683,-4.16463,2.94658,1.65718,0.0150046, -0.0273551, -0.820203, 0.571222
6684,-4.16241,2.94397,1.65717,0.0153813, -0.0273931, -0.818838, 0.573165
6685,-4.16016,2.94136,1.65717,0.0157632, -0.0274548, -0.817468, 0.575104
6686,-4.1579,2.93875,1.65718,0.0161628, -0.0275381, -0.816103, 0.577024
6687,-4.16261,2.95106,1.65719,0.0164029, -0.0278314, -0.815975, 0.577184
6688,-4.16045,2.94851,1.65719,0.0167843, -0.0279223, -0.81461, 0.579093
6689,-4.15826,2.94594,1.65719,0.017166, -0.0279933, -0.813237, 0.581006
6690,-4.15605,2.94337,1.65721,0.0175482, -0.028054, -0.811878, 0.582889
6691,-4.15381,2.94078,1.65722,0.0179338, -0.0281006, -0.81052, 0.584762
6692,-4.15156,2.93818,1.65725,0.0183311, -0.0281403, -0.809185, 0.586593
6693,-4.14929,2.93557,1.65727,0.0187219, -0.028168, -0.807854, 0.588412
6694,-4.147,2.93295,1.6573,0.0191278, -0.028183, -0.806537, 0.590202
6695,-4.14469,2.93031,1.65732,0.0195397, -0.0281785, -0.805222, 0.591982
6696,-4.14236,2.92766,1.65734,0.0199553, -0.0281661, -0.803943, 0.593704
6697,-4.14001,2.92499,1.65737,0.020373, -0.0281323, -0.80268, 0.595398
6698,-4.14481,2.93836,1.65737,0.0204775, -0.028462, -0.802861, 0.595134
6699,-4.14256,2.93576,1.65737,0.020896, -0.028414, -0.801603, 0.596815
6700,-4.14029,2.93315,1.65737,0.0213138, -0.0283612, -0.800336, 0.598501
6701,-4.138,2.93053,1.65738,0.0217054, -0.0282831, -0.79908, 0.600166
6702,-4.13568,2.92791,1.65738,0.0220688, -0.028186, -0.797814, 0.60184
6703,-4.13335,2.92528,1.65738,0.0224028, -0.0280774, -0.796558, 0.603494
6704,-4.13099,2.92264,1.65738,0.0227196, -0.0279583, -0.795287, 0.605162
6705,-4.12861,2.92,1.65737,0.0230218, -0.0278486, -0.794013, 0.606826
6706,-4.13312,2.93289,1.65729,0.0230246, -0.0280675, -0.794089, 0.606717
6707,-4.13081,2.93033,1.65727,0.0232993, -0.0279531, -0.792812, 0.608379
6708,-4.12848,2.92777,1.65724,0.0235623, -0.0278408, -0.791536, 0.610033
6709,-4.12613,2.9252,1.65721,0.0238169, -0.0277346, -0.790259, 0.611682
6710,-4.12376,2.92264,1.65719,0.0240759, -0.0276385, -0.788978, 0.613327
6711,-4.12137,2.92009,1.65717,0.0243273, -0.027558, -0.7877, 0.614961
6712,-4.11897,2.91753,1.65715,0.0245676, -0.0274894, -0.786418, 0.616594
6713,-4.12301,2.92932,1.65704,0.0245868, -0.0275882, -0.786416, 0.61659
6714,-4.12067,2.92684,1.65702,0.0248241, -0.0275351, -0.785135, 0.618213
6715,-4.11832,2.92436,1.65699,0.0250737, -0.0274908, -0.783854, 0.61983
6716,-4.11595,2.92188,1.65698,0.0253206, -0.0274416, -0.782563, 0.62145
6717,-4.11357,2.9194,1.65697,0.0255632, -0.0274076, -0.781277, 0.623059
6718,-4.11733,2.92964,1.65703,0.0255439, -0.0273762, -0.781505, 0.622774
6719,-4.115,2.92723,1.65702,0.0257913, -0.0273433, -0.780223, 0.624372
6720,-4.11265,2.92482,1.65702,0.0260358, -0.0273039, -0.778944, 0.625957
6721,-4.11029,2.9224,1.65702,0.0262515, -0.0272807, -0.777654, 0.627551
6722,-4.10791,2.91999,1.65702,0.0264565, -0.027242, -0.776361, 0.629144
6723,-4.10553,2.91758,1.65703,0.0266262, -0.0271922, -0.775081, 0.630715
6724,-4.10313,2.91517,1.65704,0.026786, -0.0271434, -0.773794, 0.632289
6725,-4.10656,2.92454,1.65685,0.026928, -0.0270263, -0.77352, 0.632622
6726,-4.10421,2.92218,1.65684,0.0270795, -0.0269621, -0.77224, 0.634181
6727,-4.10185,2.91982,1.65683,0.0272209, -0.0268784, -0.770945, 0.635751
6728,-4.09948,2.91746,1.65681,0.027339, -0.0267998, -0.769671, 0.637292
6729,-4.0971,2.91511,1.6568,0.0274656, -0.0267141, -0.768378, 0.638849
6730,-4.09471,2.91277,1.65678,0.0275753, -0.0266316, -0.7671, 0.640381
6731,-4.09231,2.91043,1.65675,0.0276971, -0.0265564, -0.765806, 0.641926
6732,-4.0899,2.9081,1.65672,0.0277872, -0.0264867, -0.764512, 0.643465
6733,-4.08749,2.90578,1.65669,0.0278621, -0.0264401, -0.763195, 0.645026
6734,-4.08506,2.90347,1.65665,0.0279208, -0.0264124, -0.761866, 0.646594
6735,-4.08264,2.90117,1.65661,0.0279371, -0.0263978, -0.760518, 0.648178
6736,-4.08747,2.91164,1.65651,0.0281564, -0.0264818, -0.760698, 0.647955
6737,-4.08515,2.9094,1.65643,0.0281635, -0.0264965, -0.759322, 0.649565
6738,-4.08283,2.90716,1.65635,0.0281603, -0.0265216, -0.757923, 0.651196
6739,-4.08051,2.90495,1.65625,0.0281352, -0.0265566, -0.756511, 0.652836
6740,-4.07818,2.90275,1.65615,0.0281047, -0.0265908, -0.755083, 0.654486
6741,-4.07586,2.90056,1.65603,0.0280528, -0.0266173, -0.753622, 0.65617
6742,-4.07353,2.89838,1.65591,0.0280097, -0.0266306, -0.752144, 0.657864
6743,-4.07119,2.89622,1.65578,0.027977, -0.0266259, -0.750636, 0.659587
6744,-4.07652,2.907,1.65578,0.0281327, -0.0267168, -0.750665, 0.659542
6745,-4.07428,2.90489,1.65563,0.0280929, -0.0266811, -0.749145, 0.661272
6746,-4.07203,2.90279,1.65547,0.0280552, -0.0266292, -0.747605, 0.663016
6747,-4.06978,2.90069,1.65531,0.0280285, -0.0265494, -0.746063, 0.664755
6748,-4.06752,2.89859,1.65515,0.0280305, -0.0264562, -0.744511, 0.666497
6749,-4.06526,2.89649,1.65499,0.0280487, -0.0263538, -0.742947, 0.668243
6750,-4.06299,2.89439,1.65484,0.0280659, -0.0262339, -0.741385, 0.66998
6751,-4.06072,2.89229,1.65468,0.0280905, -0.0260946, -0.739817, 0.671714
6752,-4.05844,2.89019,1.65454,0.028129, -0.0259513, -0.738238, 0.673453
6753,-4.05616,2.88809,1.65439,0.028178, -0.025793, -0.736642, 0.675203
6754,-4.05387,2.88599,1.65425,0.0282395, -0.0256407, -0.735062, 0.676926
6755,-4.05994,2.89803,1.6543,0.028513, -0.0258482, -0.734937, 0.677042
6756,-4.05777,2.89598,1.65414,0.0285704, -0.0256905, -0.733357, 0.678757
6757,-4.0556,2.89393,1.65398,0.0286568, -0.0255383, -0.731775, 0.680465
6758,-4.05342,2.89189,1.65383,0.0287384, -0.0254011, -0.730205, 0.68215
6759,-4.05124,2.88986,1.65368,0.0288424, -0.0252736, -0.72864, 0.683822
6760,-4.04906,2.88784,1.65354,0.0289481, -0.0251695, -0.727092, 0.685467
6761,-4.04688,2.88582,1.65341,0.0290723, -0.0250825, -0.725548, 0.6871
6762,-4.04469,2.88382,1.65328,0.0291928, -0.0250095, -0.724019, 0.688708
6763,-4.0425,2.88182,1.65316,0.0292991, -0.0249589, -0.722503, 0.690296
6764,-4.04031,2.87983,1.65304,0.0294103, -0.0249106, -0.720995, 0.691868
6765,-4.03811,2.87786,1.65292,0.0295307, -0.0248918, -0.719496, 0.693421
6766,-4.04478,2.89091,1.65284,0.0297363, -0.0252323, -0.719722, 0.693166
6767,-4.0427,2.889,1.65271,0.0298428, -0.0252281, -0.718236, 0.694701
6768,-4.04061,2.88709,1.65257,0.029942, -0.0252271, -0.716755, 0.696225
6769,-4.03852,2.8852,1.65244,0.0300189, -0.0252215, -0.715284, 0.697734
6770,-4.03641,2.88332,1.65232,0.0300798, -0.0252123, -0.713838, 0.69921
6771,-4.03429,2.88144,1.65219,0.0301244, -0.0251872, -0.712408, 0.700667
6772,-4.03215,2.87958,1.65207,0.0301394, -0.0251423, -0.710988, 0.702108
6773,-4.03,2.87773,1.65195,0.0301274, -0.0250844, -0.709578, 0.703536
6774,-4.03615,2.89026,1.65186,0.0302208, -0.0252936, -0.709707, 0.703394
6775,-4.03408,2.88848,1.65172,0.0301888, -0.02521, -0.708324, 0.704791
6776,-4.03199,2.88671,1.65159,0.0301238, -0.0250989, -0.706964, 0.706162
6777,-4.02988,2.88495,1.65146,0.0300353, -0.0249657, -0.705608, 0.707526
6778,-4.02776,2.8832,1.65132,0.0299254, -0.0248104, -0.70426, 0.708877
6779,-4.02562,2.88146,1.65119,0.0297888, -0.0246477, -0.70293, 0.710208
6780,-4.02346,2.87973,1.65106,0.0296659, -0.0244897, -0.701615, 0.711517
6781,-4.02129,2.878,1.65094,0.0295338, -0.0243409, -0.700304, 0.712818
6782,-4.0191,2.87629,1.65083,0.0294013, -0.024215, -0.699005, 0.714102
6783,-4.0169,2.87459,1.65072,0.0292636, -0.0240809, -0.697693, 0.715394
6784,-4.0147,2.87289,1.65063,0.029127, -0.0239664, -0.696408, 0.716654
6785,-4.02138,2.88644,1.65044,0.0292639, -0.0242693, -0.696466, 0.716582
6786,-4.01928,2.8848,1.65033,0.0291204, -0.024167, -0.695185, 0.717834
6787,-4.01717,2.88317,1.65023,0.028982, -0.0240841, -0.693904, 0.71908
6788,-4.01505,2.88155,1.65014,0.0288558, -0.0240134, -0.692617, 0.720328
6789,-4.01293,2.87994,1.65005,0.0287414, -0.023955, -0.691338, 0.721562
6790,-4.01079,2.87833,1.64997,0.0286265, -0.023924, -0.690055, 0.722795
6791,-4.00865,2.87673,1.64989,0.0285306, -0.0239019, -0.688769, 0.724024
6792,-4.00651,2.87513,1.64981,0.0284485, -0.0238959, -0.68749, 0.725242
6793,-4.00437,2.87355,1.64974,0.0283609, -0.0239012, -0.68621, 0.726457
6794,-4.00222,2.87197,1.64966,0.0282895, -0.0239107, -0.684931, 0.727666
6795,-4.00006,2.8704,1.64959,0.0282036, -0.0239354, -0.683626, 0.728895
6796,-4.00713,2.88458,1.6496,0.0283374, -0.0243084, -0.683946, 0.728577
6797,-4.00509,2.88307,1.64951,0.0282588, -0.0243382, -0.682653, 0.72979
6798,-4.00305,2.88158,1.64942,0.0281746, -0.0243779, -0.681349, 0.73101
6799,-4.00099,2.88009,1.64932,0.028078, -0.0244248, -0.680009, 0.732259
6800,-3.99893,2.87862,1.64923,0.027973, -0.0244884, -0.678681, 0.733491
6801,-3.99685,2.87714,1.64914,0.0278696, -0.0245521, -0.677343, 0.734729
6802,-3.99476,2.87568,1.64904,0.0277565, -0.0246164, -0.675999, 0.735968
6803,-3.99266,2.87422,1.64895,0.0276633, -0.0246863, -0.674649, 0.737207
6804,-3.99055,2.87276,1.64886,0.0275507, -0.0247397, -0.673308, 0.738435
6805,-3.98842,2.8713,1.64877,0.0274659, -0.0247705, -0.671953, 0.73967
6806,-3.98628,2.86985,1.64868,0.0273921, -0.0247889, -0.670606, 0.740893
6807,-3.99334,2.8845,1.64856,0.0275073, -0.0251301, -0.670654, 0.740834
6808,-3.9913,2.8831,1.64844,0.0274365, -0.0251148, -0.669325, 0.742038
6809,-3.98925,2.88169,1.64833,0.0273928, -0.0250773, -0.667993, 0.74324
6810,-3.98718,2.88028,1.64821,0.0273419, -0.0250037, -0.666674, 0.744428
6811,-3.9851,2.87887,1.6481,0.0273179, -0.024912, -0.66537, 0.745597
6812,-3.983,2.87745,1.64798,0.0273188, -0.0248062, -0.664071, 0.746759
6813,-3.98088,2.87603,1.64786,0.0273129, -0.0246979, -0.662798, 0.747892
6814,-3.97875,2.8746,1.64774,0.0273214, -0.0245891, -0.661536, 0.749012
6815,-3.97661,2.87317,1.64761,0.0273311, -0.024479, -0.660279, 0.750124
6816,-3.97445,2.87173,1.64748,0.0273522, -0.0243798, -0.659036, 0.751219
6817,-3.97228,2.8703,1.64735,0.0273775, -0.0242696, -0.657796, 0.752307
6818,-3.97982,2.88514,1.64733,0.0275291, -0.0246278, -0.658148, 0.751982
6819,-3.97776,2.88377,1.64716,0.0275714, -0.0245484, -0.656918, 0.753057
6820,-3.9757,2.8824,1.647,0.0276234, -0.0244819, -0.655701, 0.754118
6821,-3.97362,2.88103,1.64684,0.0276886, -0.0244224, -0.654496, 0.755163
6822,-3.97936,2.8928,1.64705,0.0277396, -0.0244517, -0.654688, 0.754994
6823,-3.97733,2.89151,1.64688,0.0278167, -0.0243786, -0.653498, 0.756024
6824,-3.97529,2.89022,1.64671,0.0279051, -0.0242941, -0.652309, 0.75705
6825,-3.97324,2.88893,1.64654,0.0280214, -0.0242098, -0.651131, 0.758061
6826,-3.97781,2.89863,1.64657,0.0281675, -0.0240497, -0.65108, 0.758105
6827,-3.97579,2.89739,1.64639,0.0282964, -0.0239756, -0.64991, 0.759105
6828,-3.97376,2.89615,1.64623,0.0284314, -0.0239023, -0.648754, 0.760092
6829,-3.97172,2.89492,1.64606,0.0285772, -0.0238328, -0.647623, 0.761052
6830,-3.96966,2.89368,1.64591,0.028724, -0.0237475, -0.646479, 0.762021
6831,-3.96758,2.89245,1.64575,0.0288667, -0.0236648, -0.64535, 0.762975
6832,-3.96548,2.89122,1.64561,0.028994, -0.0235941, -0.644209, 0.763936
6833,-3.96337,2.89,1.64546,0.0291052, -0.0235465, -0.643065, 0.764896
6834,-3.96124,2.88878,1.64532,0.029237, -0.0235218, -0.641913, 0.765859
6835,-3.95909,2.88757,1.64519,0.0293817, -0.0234692, -0.640766, 0.766815
6836,-3.95692,2.88636,1.64506,0.0295226, -0.0234105, -0.639637, 0.767753
6837,-3.96218,2.897,1.64497,0.0298951, -0.0233585, -0.639763, 0.767635
6838,-3.96008,2.89581,1.64482,0.030046, -0.02328, -0.638647, 0.768561
6839,-3.95798,2.89463,1.64467,0.0302066, -0.0232107, -0.637512, 0.769498
6840,-3.95585,2.89346,1.64453,0.0303804, -0.0231211, -0.636377, 0.770433
6841,-3.9537,2.8923,1.64438,0.0305573, -0.0230275, -0.635235, 0.771371
6842,-3.95154,2.89114,1.64424,0.0307333, -0.022933, -0.634093, 0.772305
6843,-3.94936,2.88999,1.64409,0.0309315, -0.0228553, -0.632946, 0.77324
6844,-3.94716,2.88884,1.64395,0.0311237, -0.0227699, -0.631814, 0.77416
6845,-3.94494,2.88771,1.64381,0.0313229, -0.0226885, -0.63068, 0.775079
6846,-3.9427,2.88658,1.64367,0.0315324, -0.0226027, -0.629557, 0.775985
6847,-3.94044,2.88545,1.64353,0.0317384, -0.022502, -0.628434, 0.77689
6848,-3.94626,2.89715,1.64339,0.0320058, -0.0225611, -0.628787, 0.776591
6849,-3.94408,2.89606,1.64323,0.0321833, -0.0224559, -0.627648, 0.777507
6850,-3.94188,2.89497,1.64306,0.0323483, -0.0223385, -0.626516, 0.778416
6851,-3.93965,2.8939,1.6429,0.0324984, -0.0221948, -0.625393, 0.779317
6852,-3.9374,2.89283,1.64273,0.0326404, -0.0220312, -0.62429, 0.780199
6853,-3.93512,2.89177,1.64257,0.0327587, -0.0218525, -0.62318, 0.781086
6854,-3.93281,2.89072,1.6424,0.0328541, -0.0216594, -0.622091, 0.781956
6855,-3.93049,2.88968,1.64224,0.0329427, -0.0214575, -0.621024, 0.782805
6856,-3.93586,2.90115,1.64233,0.0330915, -0.0214501, -0.621231, 0.782634
6857,-3.93358,2.90016,1.64214,0.0331683, -0.0212333, -0.620174, 0.783475
6858,-3.93129,2.89919,1.64195,0.0332207, -0.0210279, -0.619115, 0.784316
6859,-3.92897,2.89823,1.64176,0.0332494, -0.0208222, -0.61806, 0.785151
6860,-3.92663,2.89728,1.64157,0.0332711, -0.0206339, -0.617016, 0.785976
6861,-3.92428,2.89634,1.64137,0.0332873, -0.0204524, -0.615985, 0.786788
6862,-3.9219,2.89542,1.64116,0.0333006, -0.0202894, -0.614971, 0.787585
6863,-3.91952,2.89451,1.64096,0.0333181, -0.0201487, -0.613976, 0.788364
6864,-3.91712,2.89361,1.64075,0.0333329, -0.0200246, -0.612979, 0.789142
6865,-3.91471,2.89273,1.64053,0.0333779, -0.0199263, -0.611997, 0.789904
6866,-3.91229,2.89185,1.64031,0.033429, -0.0198329, -0.611038, 0.790646
6867,-3.91827,2.90406,1.64046,0.0336734, -0.0199311, -0.611259, 0.790463
6868,-3.91594,2.90322,1.64021,0.0337634, -0.0198506, -0.610311, 0.791193
6869,-3.9136,2.90239,1.63996,0.0338527, -0.0198011, -0.609369, 0.791917
6870,-3.91126,2.90156,1.63971,0.0339535, -0.019758, -0.608464, 0.792608
6871,-3.9089,2.90075,1.63946,0.0340488, -0.0197397, -0.607551, 0.793305
6872,-3.90654,2.89995,1.63921,0.0341677, -0.0197341, -0.606643, 0.793995
6873,-3.90416,2.89916,1.63895,0.0342837, -0.019745, -0.605756, 0.794666
6874,-3.90178,2.89838,1.63869,0.0343808, -0.0197545, -0.604876, 0.795332
6875,-3.89938,2.89761,1.63843,0.0344842, -0.019784, -0.603993, 0.795997
6876,-3.89697,2.89686,1.63816,0.0345722, -0.0198273, -0.603104, 0.796666
6877,-3.89455,2.89612,1.63789,0.0346416, -0.0198795, -0.60222, 0.79733
6878,-3.90115,2.90889,1.63806,0.0348512, -0.0200698, -0.602624, 0.797011
6879,-3.89883,2.9082,1.63775,0.0349277, -0.0201366, -0.601759, 0.79766
6880,-3.89649,2.90752,1.63744,0.0349915, -0.0202159, -0.600887, 0.798312
6881,-3.89414,2.90685,1.63713,0.0350511, -0.0202986, -0.599991, 0.79898
6882,-3.89178,2.90619,1.6368,0.0351061, -0.0204006, -0.599104, 0.799641
6883,-3.8894,2.90555,1.63647,0.035152, -0.0205169, -0.598223, 0.800295
6884,-3.88702,2.90493,1.63613,0.0352235, -0.0206455, -0.597344, 0.800945
6885,-3.88463,2.90432,1.63579,0.0353075, -0.0207883, -0.596468, 0.801591
6886,-3.88223,2.90372,1.63545,0.0354131, -0.0209377, -0.595581, 0.802241
6887,-3.87982,2.90313,1.63511,0.0355109, -0.0210885, -0.59471, 0.802879
6888,-3.8774,2.90255,1.63477,0.0356086, -0.0212394, -0.593837, 0.803516
6889,-3.88452,2.91604,1.63515,0.035827, -0.0215411, -0.594051, 0.80334
6890,-3.8822,2.91551,1.63479,0.035956, -0.0217052, -0.593186, 0.803969
6891,-3.87986,2.91499,1.63444,0.0360898, -0.021894, -0.592325, 0.804593
6892,-3.8775,2.91449,1.6341,0.0362306, -0.0221001, -0.591479, 0.805203
6893,-3.87513,2.91399,1.63376,0.0363567, -0.0223059, -0.590625, 0.805818
6894,-3.87274,2.9135,1.63344,0.0364632, -0.0225226, -0.589789, 0.806419
6895,-3.87033,2.91302,1.63313,0.0365555, -0.0227494, -0.588967, 0.807009
6896,-3.86791,2.91256,1.63283,0.0366213, -0.0229876, -0.588153, 0.807593
6897,-3.86546,2.9121,1.63253,0.0366867, -0.0232216, -0.587348, 0.808169
6898,-3.86299,2.91165,1.63224,0.0367293, -0.0234462, -0.58656, 0.808732
6899,-3.86051,2.91122,1.63196,0.0367703, -0.0236729, -0.58577, 0.809296
6900,-3.86798,2.92501,1.63223,0.0369549, -0.0239665, -0.586175, 0.808986
6901,-3.8656,2.92462,1.63192,0.0370041, -0.0241858, -0.585421, 0.809523
6902,-3.8632,2.92425,1.63161,0.0370632, -0.0244048, -0.584679, 0.81005
6903,-3.86079,2.92388,1.63131,0.037138, -0.0246157, -0.583956, 0.810562
6904,-3.85837,2.92352,1.63102,0.0372427, -0.0248488, -0.583246, 0.811061
6905,-3.85595,2.92317,1.63073,0.0373561, -0.0251061, -0.582538, 0.811556
6906,-3.85351,2.92283,1.63046,0.0374964, -0.0253805, -0.581836, 0.812045
6907,-3.85107,2.92249,1.6302,0.0376402, -0.0256798, -0.581142, 0.812526
6908,-3.85808,2.93506,1.63074,0.0378338, -0.0258727, -0.581392, 0.812332
6909,-3.85571,2.93478,1.63047,0.0379993, -0.0262053, -0.580707, 0.812803
6910,-3.85334,2.93451,1.63022,0.0381554, -0.026567, -0.580023, 0.813272
6911,-3.85096,2.93424,1.62997,0.0383057, -0.0269437, -0.579347, 0.813735
6912,-3.84856,2.93397,1.62974,0.0384603, -0.0273257, -0.57866, 0.814203
6913,-3.84615,2.93371,1.62952,0.0386236, -0.0277093, -0.577968, 0.814674
6914,-3.84373,2.93346,1.62932,0.0387918, -0.0280996, -0.577278, 0.815141
6915,-3.84129,2.93321,1.62912,0.0389781, -0.0284804, -0.5766, 0.815599
6916,-3.83884,2.93296,1.62893,0.0391742, -0.0288427, -0.575912, 0.816063
6917,-3.83638,2.93272,1.62875,0.0393652, -0.0291913, -0.57523, 0.816523
6918,-3.8339,2.93248,1.62858,0.0395934, -0.0295241, -0.57454, 0.816985
6919,-3.84129,2.94573,1.62901,0.039885, -0.0298216, -0.574838, 0.81675
6920,-3.83891,2.94553,1.62882,0.0401144, -0.0301385, -0.574162, 0.817203
6921,-3.83652,2.94532,1.62864,0.0403529, -0.030447, -0.573487, 0.817653
6922,-3.83412,2.94512,1.62847,0.0406098, -0.0307663, -0.572818, 0.818098
6923,-3.83171,2.94493,1.62831,0.0408612, -0.0310703, -0.572149, 0.818542
6924,-3.82928,2.94474,1.62815,0.0411113, -0.0313968, -0.57145, 0.819005
6925,-3.82684,2.94455,1.628,0.0413455, -0.0317228, -0.570761, 0.819461
6926,-3.83283,2.95681,1.62856,0.0414396, -0.0317637, -0.571067, 0.819241
6927,-3.83045,2.95668,1.62841,0.0416575, -0.032099, -0.570367, 0.819705
6928,-3.82805,2.95656,1.62826,0.0418568, -0.032447, -0.569669, 0.820166
6929,-3.82564,2.95644,1.62812,0.0420286, -0.0327855, -0.568955, 0.820639
6930,-3.82322,2.95633,1.62798,0.0421793, -0.0331285, -0.568244, 0.82111
6931,-3.82079,2.95623,1.62785,0.0423241, -0.0334754, -0.567534, 0.82158
6932,-3.81834,2.95613,1.62773,0.0424624, -0.0338223, -0.56683, 0.822045
6933,-3.81588,2.95605,1.62762,0.0426004, -0.0341696, -0.566136, 0.822501
6934,-3.82246,2.96699,1.62811,0.0429148, -0.0342876, -0.566205, 0.822432
6935,-3.82007,2.96693,1.62799,0.0430367, -0.0346254, -0.565497, 0.822899
6936,-3.81768,2.96689,1.62787,0.0431644, -0.0349617, -0.564796, 0.823359
6937,-3.81528,2.96684,1.62776,0.0433061, -0.0353058, -0.564097, 0.823816
6938,-3.81287,2.9668,1.62766,0.0434559, -0.0356569, -0.563399, 0.824271
6939,-3.81045,2.96676,1.62757,0.0436305, -0.0360236, -0.562714, 0.824713
6940,-3.80803,2.96671,1.62749,0.0438264, -0.0363852, -0.562052, 0.825138
6941,-3.80561,2.96666,1.62742,0.0440544, -0.0367564, -0.561399, 0.825554
6942,-3.80318,2.9666,1.62735,0.0443007, -0.0371219, -0.560751, 0.825964
6943,-3.80074,2.96653,1.6273,0.0445939, -0.0374919, -0.56012, 0.826361
6944,-3.79831,2.96645,1.62725,0.0449182, -0.0378564, -0.559495, 0.826749
6945,-3.80606,2.97689,1.62779,0.0454023, -0.0379534, -0.559887, 0.826453
6946,-3.80373,2.97681,1.62773,0.04573, -0.0382823, -0.559282, 0.82683
6947,-3.80139,2.97672,1.62767,0.0460817, -0.0386183, -0.558668, 0.827209
6948,-3.79905,2.97662,1.62762,0.0464531, -0.03893, -0.558061, 0.827583
6949,-3.79671,2.97652,1.62758,0.0468478, -0.0392356, -0.557465, 0.827948
6950,-3.79436,2.97642,1.62755,0.0472406, -0.0395156, -0.556869, 0.828314
6951,-3.79199,2.9763,1.62752,0.0476233, -0.0397844, -0.556288, 0.828669
6952,-3.78962,2.97619,1.6275,0.0479953, -0.0400358, -0.555712, 0.829022
6953,-3.78723,2.97607,1.62749,0.0483745, -0.0402717, -0.55515, 0.829365
6954,-3.78483,2.97594,1.62748,0.0487422, -0.0405084, -0.554599, 0.8297
6955,-3.78242,2.97581,1.62747,0.0490717, -0.040733, -0.554077, 0.830019
6956,-3.79051,2.98643,1.62826,0.0495859, -0.0408562, -0.554384, 0.829778
6957,-3.78819,2.9863,1.62823,0.0499035, -0.0410581, -0.553856, 0.830101
6958,-3.78587,2.98616,1.62821,0.0502182, -0.0412574, -0.553351, 0.830409
6959,-3.78353,2.98603,1.62818,0.0505149, -0.0414457, -0.552871, 0.830701
6960,-3.78118,2.98589,1.62816,0.0507895, -0.0416239, -0.552394, 0.830993
6961,-3.77882,2.98575,1.62814,0.0510495, -0.041805, -0.551919, 0.831283
6962,-3.77645,2.9856,1.62812,0.0512755, -0.0419486, -0.551468, 0.831561
6963,-3.77407,2.98546,1.62809,0.0514954, -0.0420609, -0.551036, 0.831828
6964,-3.77168,2.98531,1.62806,0.0516942, -0.0421548, -0.550634, 0.832078
6965,-3.76928,2.98515,1.62803,0.0518887, -0.0422262, -0.550237, 0.832324
6966,-3.76688,2.98499,1.62799,0.0520695, -0.0422736, -0.549897, 0.832535
6967,-3.77527,2.99621,1.62879,0.05246, -0.0423885, -0.550318, 0.832227
6968,-3.77296,2.99606,1.62873,0.0526261, -0.0424245, -0.549983, 0.832436
6969,-3.77065,2.99591,1.62866,0.0527886, -0.042454, -0.549657, 0.832639
6970,-3.76832,2.99574,1.6286,0.0529378, -0.0424652, -0.549348, 0.832833
6971,-3.76599,2.99558,1.62854,0.0530743, -0.0424717, -0.54905, 0.833021
6972,-3.76365,2.99541,1.62848,0.0532042, -0.0424786, -0.548753, 0.833208
6973,-3.7613,2.99523,1.62841,0.0533147, -0.0424957, -0.548467, 0.833388
6974,-3.75895,2.99505,1.62834,0.0534234, -0.0425132, -0.548181, 0.833568
6975,-3.7566,2.99486,1.62827,0.0535372, -0.0425519, -0.547907, 0.833739
6976,-3.75425,2.99467,1.6282,0.0536688, -0.0426072, -0.547632, 0.833908
6977,-3.7519,2.99447,1.62813,0.0538238, -0.0426679, -0.547359, 0.834075
6978,-3.76076,3.00625,1.62894,0.0542287, -0.0428587, -0.54772, 0.833802
6979,-3.75853,3.00606,1.62884,0.0543915, -0.0429343, -0.547448, 0.833966
6980,-3.7563,3.00587,1.62874,0.054559, -0.0430077, -0.547179, 0.834127
6981,-3.75408,3.00566,1.62864,0.054743, -0.0430705, -0.546918, 0.834284
6982,-3.75186,3.00544,1.62855,0.0549422, -0.0431197, -0.546652, 0.834442
6983,-3.74965,3.00521,1.62846,0.0551498, -0.0431631, -0.546372, 0.83461
6984,-3.74743,3.00497,1.62837,0.0553896, -0.0432086, -0.546104, 0.834766
6985,-3.74521,3.00472,1.62829,0.0556284, -0.0432479, -0.545812, 0.834939
6986,-3.743,3.00446,1.62821,0.0558697, -0.0432884, -0.545525, 0.835109
6987,-3.74079,3.00419,1.62814,0.0561219, -0.0433363, -0.545234, 0.83528
6988,-3.73857,3.00391,1.62807,0.0563829, -0.0433973, -0.544917, 0.835466
6989,-3.74764,3.01628,1.62897,0.0567152, -0.0436188, -0.54531, 0.835176
6990,-3.74555,3.01602,1.62888,0.0569816, -0.0436978, -0.544963, 0.83538
6991,-3.74345,3.01575,1.62879,0.0572354, -0.0437986, -0.544617, 0.835583
6992,-3.74136,3.01547,1.62871,0.0574963, -0.0439223, -0.544264, 0.835788
6993,-3.73928,3.01518,1.62863,0.0577647, -0.0440662, -0.543916, 0.835988
6994,-3.73719,3.01488,1.62856,0.058028, -0.0442299, -0.543544, 0.836203
6995,-3.73511,3.01458,1.62848,0.0583024, -0.0443862, -0.543174, 0.836416
6996,-3.73303,3.01427,1.62841,0.058576, -0.0445584, -0.542815, 0.836621
6997,-3.73094,3.01394,1.62833,0.0588485, -0.044737, -0.542448, 0.836831
6998,-3.72886,3.01361,1.62826,0.0591268, -0.0449116, -0.542079, 0.837041
6999,-3.72677,3.01327,1.6282,0.0593795, -0.0450695, -0.541711, 0.837253
7000,-3.73541,3.02663,1.62907,0.0596317, -0.0453067, -0.542028, 0.837017
7001,-3.73342,3.02632,1.62897,0.0598736, -0.0454592, -0.541664, 0.837227
7002,-3.73143,3.02599,1.62888,0.0601056, -0.0456051, -0.541303, 0.837436
7003,-3.72942,3.02565,1.62879,0.0603178, -0.0457424, -0.540947, 0.837643
7004,-3.72741,3.02531,1.62871,0.0605281, -0.0458798, -0.540564, 0.837867
7005,-3.72538,3.02496,1.62863,0.0607241, -0.0460248, -0.540188, 0.838088
7006,-3.72335,3.0246,1.62855,0.0608925, -0.046156, -0.539806, 0.838315
7007,-3.7213,3.02423,1.62847,0.0610176, -0.0462712, -0.539433, 0.838539
7008,-3.71923,3.02385,1.62839,0.0611161, -0.0463734, -0.539038, 0.838781
7009,-3.71715,3.02347,1.62832,0.0612189, -0.0464543, -0.538645, 0.839021
7010,-3.71506,3.02308,1.62824,0.0612868, -0.0465132, -0.53825, 0.839266
7011,-3.72319,3.03698,1.62941,0.0614082, -0.0466953, -0.538611, 0.839015
7012,-3.7212,3.03663,1.62931,0.0614862, -0.0467605, -0.538219, 0.839257
7013,-3.71918,3.03626,1.62922,0.0615765, -0.0468139, -0.537819, 0.839505
7014,-3.71716,3.03589,1.62913,0.0616677, -0.0468731, -0.537413, 0.839754
7015,-3.71512,3.03551,1.62906,0.061731, -0.0469362, -0.536999, 0.840011
7016,-3.71307,3.03512,1.62899,0.0617794, -0.0470057, -0.536598, 0.84026
7017,-3.71101,3.03472,1.62893,0.0618231, -0.0470797, -0.536186, 0.840515
7018,-3.70894,3.03432,1.62887,0.0618618, -0.0471588, -0.535756, 0.840782
7019,-3.71637,3.04657,1.63009,0.0619878, -0.0472103, -0.535936, 0.840655
7020,-3.71437,3.0462,1.63002,0.0620022, -0.0472708, -0.535508, 0.840923
7021,-3.71237,3.04583,1.62994,0.0620365, -0.0473617, -0.535076, 0.841191
7022,-3.71035,3.04544,1.62987,0.0620666, -0.0474492, -0.534635, 0.841464
7023,-3.70834,3.04504,1.6298,0.0621054, -0.047533, -0.534206, 0.841729
7024,-3.70631,3.04463,1.62973,0.06216, -0.0476065, -0.53376, 0.842003
7025,-3.70428,3.04421,1.62965,0.0622294, -0.0476595, -0.533341, 0.842261
7026,-3.70224,3.04378,1.62958,0.0622894, -0.0476926, -0.532922, 0.84252
7027,-3.70019,3.04334,1.62951,0.0623537, -0.047694, -0.532499, 0.842782
7028,-3.69814,3.04288,1.62943,0.0624121, -0.0476848, -0.532082, 0.843042
7029,-3.69607,3.04242,1.62936,0.0624612, -0.0476709, -0.531682, 0.843291
7030,-3.70382,3.05467,1.63043,0.0626931, -0.0477178, -0.531962, 0.843095
7031,-3.70184,3.05422,1.63033,0.0627401, -0.0477098, -0.53157, 0.843339
7032,-3.69985,3.05375,1.63023,0.0627797, -0.0477033, -0.531166, 0.843591
7033,-3.69784,3.05329,1.63012,0.0628149, -0.0476937, -0.530749, 0.843851
7034,-3.69583,3.05281,1.63002,0.0628377, -0.0476838, -0.530338, 0.844109
7035,-3.6938,3.05233,1.62992,0.0628407, -0.0477027, -0.529909, 0.844377
7036,-3.69176,3.05184,1.62982,0.0628454, -0.0477563, -0.529489, 0.844637
7037,-3.69833,3.06282,1.63088,0.0629831, -0.0476681, -0.529689, 0.844506
7038,-3.69635,3.06236,1.63077,0.0629649, -0.0477331, -0.52925, 0.844779
7039,-3.69436,3.0619,1.63065,0.0629427, -0.047782, -0.528821, 0.845046
7040,-3.69235,3.06142,1.63053,0.0629287, -0.0477954, -0.528389, 0.845317
7041,-3.69034,3.06094,1.63041,0.0629142, -0.0477746, -0.527966, 0.845583
7042,-3.6959,3.07012,1.63135,0.0630833, -0.0475393, -0.527981, 0.845575
7043,-3.69393,3.06967,1.63121,0.0630915, -0.04749, -0.527559, 0.84584
7044,-3.69194,3.06921,1.63107,0.06311, -0.0474412, -0.527119, 0.846116
7045,-3.68994,3.06873,1.63093,0.0631303, -0.0473825, -0.526693, 0.846383
7046,-3.68792,3.06825,1.63079,0.0631457, -0.0473236, -0.526256, 0.846657
7047,-3.68589,3.06775,1.63064,0.0631621, -0.0472705, -0.525799, 0.846942
7048,-3.68384,3.06725,1.63049,0.0631623, -0.0472234, -0.525354, 0.847221
7049,-3.68178,3.06673,1.63034,0.0631542, -0.047187, -0.524908, 0.8475
7050,-3.6797,3.06621,1.63019,0.0631485, -0.0471441, -0.524448, 0.847787
7051,-3.67761,3.06567,1.63003,0.0631389, -0.0470974, -0.523988, 0.848076
7052,-3.6755,3.06513,1.62987,0.063156, -0.0470505, -0.523534, 0.848357
7053,-3.68163,3.07515,1.63071,0.0634708, -0.046856, -0.523814, 0.848171
7054,-3.67959,3.0746,1.63052,0.0634883, -0.0467808, -0.52335, 0.84846
7055,-3.67752,3.07403,1.63034,0.0635142, -0.0466819, -0.522878, 0.848755
7056,-3.67544,3.07345,1.63015,0.0635645, -0.0465734, -0.522401, 0.849051
7057,-3.67335,3.07286,1.62996,0.0636212, -0.0464546, -0.521926, 0.849346
7058,-3.67123,3.07226,1.62978,0.0636743, -0.0463186, -0.521443, 0.849645
7059,-3.66909,3.07164,1.62959,0.0637139, -0.0461743, -0.520962, 0.849945
7060,-3.66693,3.07101,1.62941,0.0637542, -0.0460285, -0.52047, 0.850252
7061,-3.66476,3.07037,1.62922,0.0637876, -0.0458687, -0.519981, 0.850557
7062,-3.66256,3.06973,1.62904,0.0638132, -0.0456961, -0.519509, 0.850853
7063,-3.66034,3.06907,1.62885,0.0638426, -0.0454968, -0.519016, 0.851162
7064,-3.66685,3.08002,1.62968,0.0640758, -0.0453777, -0.519366, 0.850937
7065,-3.66469,3.07937,1.62947,0.0640923, -0.0451821, -0.518883, 0.851241
7066,-3.66251,3.07871,1.62925,0.0641084, -0.0449742, -0.518382, 0.851556
7067,-3.66032,3.07804,1.62903,0.0641041, -0.0447718, -0.517888, 0.851868
7068,-3.6581,3.07736,1.6288,0.0640905, -0.0445588, -0.517382, 0.852187
7069,-3.65586,3.07669,1.62857,0.0640667, -0.0443371, -0.516887, 0.852501
7070,-3.6536,3.076,1.62835,0.0640368, -0.0441103, -0.516403, 0.852808
7071,-3.6592,3.08613,1.62922,0.0641778, -0.0438991, -0.516499, 0.85275
7072,-3.65698,3.08547,1.62898,0.0641452, -0.0436745, -0.516025, 0.853051
7073,-3.65474,3.0848,1.62873,0.0641079, -0.0434344, -0.515551, 0.853352
7074,-3.65248,3.08413,1.62848,0.0640581, -0.0431997, -0.515089, 0.853647
7075,-3.6502,3.08345,1.62823,0.0639987, -0.0429501, -0.514624, 0.853945
7076,-3.6479,3.08277,1.62798,0.0639531, -0.0426982, -0.514186, 0.854225
7077,-3.64558,3.08207,1.62772,0.0639184, -0.0424488, -0.513756, 0.854499
7078,-3.64324,3.08138,1.62747,0.0638809, -0.0421888, -0.513336, 0.854766
7079,-3.64088,3.08067,1.62721,0.0638411, -0.0419222, -0.512922, 0.855031
7080,-3.6385,3.07996,1.62696,0.0638022, -0.0416619, -0.512512, 0.855293
7081,-3.6361,3.07924,1.6267,0.0637579, -0.041395, -0.512105, 0.855552
7082,-3.64235,3.09008,1.6275,0.0639601, -0.0412283, -0.512346, 0.855401
7083,-3.64001,3.08936,1.62722,0.063921, -0.0409762, -0.511931, 0.855664
7084,-3.63765,3.08865,1.62693,0.063872, -0.0407278, -0.511528, 0.855921
7085,-3.63528,3.08793,1.62665,0.0638189, -0.0404708, -0.511124, 0.856179
7086,-3.63288,3.0872,1.62637,0.0637499, -0.0402323, -0.51069, 0.856454
7087,-3.63047,3.08647,1.62608,0.0636715, -0.0399914, -0.510255, 0.85673
7088,-3.62803,3.08574,1.6258,0.0635938, -0.0397545, -0.5098, 0.857018
7089,-3.62558,3.08501,1.62552,0.0635007, -0.0394992, -0.509345, 0.857307
7090,-3.62311,3.08427,1.62523,0.0634174, -0.0392532, -0.508886, 0.857597
7091,-3.62062,3.08353,1.62495,0.0633349, -0.0390137, -0.508397, 0.857904
7092,-3.61812,3.08278,1.62466,0.0632466, -0.0387785, -0.507878, 0.858229
7093,-3.62501,3.09433,1.62557,0.0634319, -0.0387441, -0.508155, 0.858052
7094,-3.62257,3.0936,1.62526,0.0633425, -0.0385161, -0.507604, 0.858395
7095,-3.62012,3.09286,1.62494,0.0632719, -0.0382719, -0.507046, 0.858741
7096,-3.61766,3.09212,1.62463,0.0632032, -0.0380428, -0.506472, 0.859095
7097,-3.61518,3.09137,1.62432,0.0631531, -0.0378132, -0.505856, 0.859471
7098,-3.61268,3.09061,1.62401,0.0631054, -0.0375927, -0.50521, 0.859865
7099,-3.61017,3.08985,1.6237,0.063056, -0.0373643, -0.504539, 0.860272
7100,-3.60764,3.08908,1.62338,0.0630275, -0.0371344, -0.503835, 0.860697
7101,-3.6051,3.08831,1.62307,0.0630043, -0.0369085, -0.503104, 0.861136
7102,-3.60254,3.08752,1.62276,0.063005, -0.0366836, -0.502362, 0.861578
7103,-3.59997,3.08673,1.62246,0.0630279, -0.0364705, -0.501569, 0.862048
7104,-3.60717,3.09895,1.62332,0.0632138, -0.0364469, -0.501577, 0.86203
7105,-3.60467,3.09817,1.62299,0.0632323, -0.0362258, -0.500777, 0.862503
7106,-3.60215,3.09739,1.62266,0.0632543, -0.0359879, -0.499963, 0.862983
7107,-3.59961,3.0966,1.62233,0.0632826, -0.0357469, -0.499124, 0.863477
7108,-3.59706,3.0958,1.62199,0.063318, -0.0354883, -0.49827, 0.863978
7109,-3.59448,3.09499,1.62166,0.0633686, -0.035227, -0.497422, 0.864474
7110,-3.59189,3.09418,1.62133,0.0634233, -0.0349559, -0.496539, 0.864988
7111,-3.58928,3.09335,1.621,0.0634785, -0.0346731, -0.495668, 0.865495
7112,-3.58664,3.09252,1.62068,0.0635677, -0.0343841, -0.494792, 0.866001
7113,-3.58399,3.09169,1.62035,0.0636666, -0.0341101, -0.493911, 0.866507
7114,-3.58132,3.09085,1.62002,0.0637674, -0.0338086, -0.493025, 0.867016
7115,-3.57863,3.09,1.61969,0.0638871, -0.0335194, -0.492136, 0.867524
7116,-3.57593,3.08914,1.61936,0.0640261, -0.0332362, -0.49125, 0.868026
7117,-3.57321,3.08828,1.61903,0.0641921, -0.0329565, -0.490357, 0.868529
7118,-3.57047,3.08741,1.61871,0.0643747, -0.0326959, -0.489458, 0.869033
7119,-3.57932,3.1021,1.61958,0.0645699, -0.0328839, -0.489695, 0.868877
7120,-3.57668,3.10125,1.61922,0.0647441, -0.0326219, -0.488796, 0.86938
7121,-3.57403,3.10039,1.61887,0.0649143, -0.0323886, -0.487893, 0.869884
7122,-3.57137,3.09953,1.61852,0.0650905, -0.0321715, -0.486983, 0.870389
7123,-3.56869,3.09868,1.61817,0.065254, -0.0319253, -0.486063, 0.870899
7124,-3.56599,3.09781,1.61783,0.0654379, -0.031664, -0.485163, 0.871397
7125,-3.56327,3.09695,1.61749,0.0656393, -0.0314011, -0.484269, 0.871888
7126,-3.56054,3.09608,1.61717,0.0658429, -0.0311066, -0.483384, 0.872375
7127,-3.55778,3.09522,1.61686,0.0660538, -0.030796, -0.482499, 0.872859
7128,-3.555,3.09435,1.61657,0.06625, -0.0304651, -0.481616, 0.873344
7129,-3.55219,3.09348,1.6163,0.0664546, -0.0301216, -0.480736, 0.873824
7130,-3.56065,3.10837,1.6175,0.0664965, -0.0303106, -0.480916, 0.873716
7131,-3.55792,3.10755,1.61722,0.0666825, -0.0299701, -0.480043, 0.874193
7132,-3.55516,3.10673,1.61696,0.0668616, -0.0296283, -0.47916, 0.874676
7133,-3.55238,3.10592,1.61672,0.0670124, -0.0293025, -0.478266, 0.875164
7134,-3.54956,3.10511,1.6165,0.0671475, -0.0289914, -0.477352, 0.875663
7135,-3.54673,3.10431,1.61628,0.0672964, -0.0286884, -0.476429, 0.876164
7136,-3.54388,3.10351,1.61607,0.0674658, -0.0283919, -0.475506, 0.876662
7137,-3.55087,3.11628,1.61705,0.0675421, -0.0283926, -0.475403, 0.876712
7138,-3.54808,3.11554,1.61683,0.0677358, -0.0281403, -0.474473, 0.877209
7139,-3.54527,3.1148,1.61662,0.0679755, -0.0279232, -0.473529, 0.877707
7140,-3.54246,3.11406,1.61642,0.0682784, -0.0277173, -0.472583, 0.8782
7141,-3.53964,3.11332,1.61623,0.068622, -0.0275169, -0.471633, 0.87869
7142,-3.54562,3.12376,1.61707,0.0687131, -0.0274032, -0.471686, 0.878658
7143,-3.54285,3.12307,1.61688,0.0690987, -0.0272085, -0.470752, 0.879134
7144,-3.54008,3.12237,1.6167,0.0695033, -0.0270174, -0.469823, 0.879605
7145,-3.5373,3.12167,1.61654,0.0699236, -0.0268112, -0.468869, 0.880087
7146,-3.5345,3.12097,1.61639,0.0703508, -0.0266029, -0.467928, 0.88056
7147,-3.5317,3.12027,1.61625,0.0707851, -0.0263869, -0.46698, 0.881035
7148,-3.52887,3.11957,1.61612,0.0712, -0.0261705, -0.466024, 0.881514
7149,-3.534,3.12905,1.6172,0.0714904, -0.0258653, -0.465753, 0.881643
7150,-3.53121,3.12838,1.61707,0.0718809, -0.0256447, -0.464785, 0.882128
7151,-3.52841,3.12772,1.61694,0.0722514, -0.0254194, -0.463804, 0.882621
7152,-3.52558,3.12707,1.61682,0.0725781, -0.0252004, -0.462816, 0.883119
7153,-3.52274,3.12642,1.61671,0.0728865, -0.0250051, -0.461811, 0.883625
7154,-3.51987,3.12579,1.61661,0.073163, -0.0248079, -0.460796, 0.884137
7155,-3.517,3.12516,1.61651,0.0734139, -0.0246278, -0.459791, 0.884644
7156,-3.51411,3.12455,1.61642,0.0736479, -0.0244577, -0.458764, 0.885163
7157,-3.51121,3.12394,1.61632,0.0738835, -0.0242992, -0.457717, 0.885689
7158,-3.50831,3.12335,1.61624,0.0740992, -0.0241412, -0.456669, 0.886217
7159,-3.50539,3.12276,1.61616,0.0743282, -0.0240019, -0.455591, 0.886756
7160,-3.51144,3.13299,1.61745,0.0746053, -0.0238409, -0.455763, 0.886649
7161,-3.50859,3.13241,1.61735,0.0748308, -0.0237209, -0.454671, 0.887194
7162,-3.50574,3.13185,1.61726,0.0750485, -0.0235992, -0.453554, 0.88775
7163,-3.50289,3.13128,1.61719,0.0752691, -0.0234952, -0.452425, 0.88831
7164,-3.50003,3.13073,1.61712,0.0754911, -0.0234003, -0.451287, 0.888872
7165,-3.49716,3.13017,1.61707,0.0757149, -0.0233281, -0.450139, 0.889437
7166,-3.49429,3.12963,1.61702,0.0759417, -0.0232525, -0.448996, 0.889997
7167,-3.49142,3.12908,1.61697,0.0761593, -0.0231835, -0.447843, 0.890561
7168,-3.48854,3.12854,1.61694,0.0763746, -0.0231336, -0.446682, 0.891127
7169,-3.48566,3.12801,1.61691,0.076604, -0.0230903, -0.445541, 0.891679
7170,-3.48278,3.12748,1.61688,0.0768148, -0.0230573, -0.444396, 0.892233
7171,-3.48957,3.13884,1.61822,0.0770179, -0.0230315, -0.444294, 0.892267
7172,-3.48676,3.13833,1.61817,0.0771926, -0.0230148, -0.443139, 0.892827
7173,-3.48395,3.13783,1.61813,0.0773491, -0.0230023, -0.441969, 0.893393
7174,-3.48113,3.13734,1.6181,0.0774737, -0.0229942, -0.440793, 0.893964
7175,-3.4783,3.13685,1.61807,0.0775691, -0.0229971, -0.439614, 0.894535
7176,-3.47547,3.13638,1.61804,0.0776372, -0.0229887, -0.438446, 0.895103
7177,-3.47263,3.13591,1.61801,0.0776748, -0.0229967, -0.437291, 0.895664
7178,-3.46979,3.13546,1.61799,0.0776977, -0.023013, -0.436144, 0.896221
7179,-3.46694,3.13501,1.61798,0.0776859, -0.0230372, -0.434988, 0.896783
7180,-3.46408,3.13457,1.61797,0.0776721, -0.0230683, -0.433826, 0.897346
7181,-3.46122,3.13414,1.61797,0.0776594, -0.023112, -0.432663, 0.897907
7182,-3.4685,3.1462,1.61925,0.0777792, -0.0231632, -0.432807, 0.897826
7183,-3.46572,3.14579,1.61922,0.0777679, -0.0232375, -0.431642, 0.898386
7184,-3.46294,3.1454,1.61921,0.0777477, -0.0233126, -0.430456, 0.898955
7185,-3.46016,3.145,1.61921,0.0777486, -0.0234198, -0.429269, 0.899519
7186,-3.45737,3.1446,1.61921,0.077758, -0.0235278, -0.428071, 0.900086
7187,-3.45459,3.1442,1.61922,0.0777911, -0.02365, -0.426887, 0.900642
7188,-3.4518,3.1438,1.61924,0.0778299, -0.0237785, -0.425695, 0.9012
7189,-3.44902,3.14339,1.61927,0.0779078, -0.0239143, -0.424495, 0.901755
7190,-3.45586,3.15455,1.62075,0.0780339, -0.0239282, -0.424474, 0.901754
7191,-3.45315,3.15417,1.62077,0.0781232, -0.0240746, -0.423252, 0.902317
7192,-3.45044,3.15379,1.62079,0.0782205, -0.0242436, -0.422048, 0.902867
7193,-3.44773,3.15341,1.62083,0.0783201, -0.0244266, -0.420831, 0.903422
7194,-3.44502,3.15302,1.62087,0.0784202, -0.0246176, -0.41961, 0.903976
7195,-3.44231,3.15263,1.62091,0.078516, -0.0248082, -0.418387, 0.904529
7196,-3.4396,3.15224,1.62096,0.0785913, -0.0250139, -0.417184, 0.905072
7197,-3.43689,3.15184,1.621,0.0786846, -0.0252056, -0.415967, 0.905619
7198,-3.43417,3.15144,1.62106,0.0787693, -0.0254089, -0.41477, 0.906154
7199,-3.43144,3.15104,1.62111,0.0788414, -0.0256046, -0.413563, 0.906694
7200,-3.42871,3.15064,1.62116,0.0788983, -0.0257853, -0.412347, 0.907238
7201,-3.43596,3.16232,1.62236,0.0790688, -0.0258317, -0.412265, 0.907259
7202,-3.4333,3.16194,1.62239,0.0791213, -0.0259993, -0.411061, 0.907796
7203,-3.43063,3.16155,1.62242,0.0791724, -0.0261501, -0.409856, 0.908332
7204,-3.42796,3.16115,1.62245,0.0792105, -0.0262975, -0.408641, 0.908871
7205,-3.42528,3.16076,1.62248,0.0792477, -0.0264236, -0.407429, 0.909408
7206,-3.42258,3.16035,1.62251,0.0792837, -0.0265521, -0.406216, 0.909944
7207,-3.41989,3.15994,1.62254,0.0793203, -0.0266567, -0.404982, 0.910487
7208,-3.41718,3.15952,1.62258,0.0793521, -0.0267617, -0.403751, 0.911028
7209,-3.41447,3.1591,1.62261,0.0793876, -0.0268552, -0.40249, 0.91158
7210,-3.41175,3.15867,1.62264,0.0794289, -0.0269517, -0.401224, 0.912131
7211,-3.40902,3.15823,1.62267,0.0794806, -0.027048, -0.399917, 0.912698
7212,-3.41655,3.17048,1.62403,0.0796035, -0.0270998, -0.400081, 0.912614
7213,-3.4139,3.17006,1.62403,0.0796539, -0.0271892, -0.398752, 0.913188
7214,-3.41125,3.16962,1.62403,0.0797303, -0.0272682, -0.397421, 0.913759
7215,-3.40859,3.16918,1.62402,0.0798049, -0.0273283, -0.396065, 0.91434
7216,-3.40592,3.16872,1.62401,0.0799096, -0.0273648, -0.394712, 0.914914
7217,-3.40325,3.16824,1.62399,0.0800398, -0.0273854, -0.393363, 0.915483
7218,-3.40057,3.16776,1.62397,0.0801986, -0.0273826, -0.392007, 0.916051
7219,-3.39788,3.16725,1.62393,0.0803736, -0.027341, -0.390671, 0.916607
7220,-3.40471,3.17849,1.6252,0.0805173, -0.0272819, -0.39068, 0.916592
7221,-3.40208,3.178,1.62514,0.0806994, -0.0272197, -0.389364, 0.917138
7222,-3.39944,3.1775,1.62508,0.0809259, -0.0271307, -0.388052, 0.917677
7223,-3.3968,3.17698,1.62502,0.0811527, -0.0270129, -0.386753, 0.918208
7224,-3.39415,3.17645,1.62495,0.0813896, -0.0268671, -0.385457, 0.918737
7225,-3.39148,3.17592,1.62487,0.08162, -0.026681, -0.384174, 0.919259
7226,-3.38881,3.17537,1.6248,0.0818589, -0.0264709, -0.382892, 0.919778
7227,-3.39451,3.18543,1.62609,0.0820874, -0.0262337, -0.38274, 0.919828
7228,-3.39189,3.1849,1.62599,0.0823349, -0.0260103, -0.381439, 0.920353
7229,-3.38925,3.18437,1.6259,0.0825574, -0.0257708, -0.380136, 0.920878
7230,-3.38661,3.18384,1.62581,0.0827569, -0.0255275, -0.378835, 0.921403
7231,-3.38396,3.18331,1.62571,0.0829452, -0.0252835, -0.37751, 0.921937
7232,-3.38131,3.18278,1.62561,0.0831273, -0.0250225, -0.376183, 0.92247
7233,-3.37865,3.18225,1.62551,0.0833001, -0.0247597, -0.374837, 0.923009
7234,-3.37599,3.18172,1.62542,0.0834751, -0.0245052, -0.373489, 0.923546
7235,-3.38159,3.19142,1.6265,0.0836761, -0.0242678, -0.373504, 0.923528
7236,-3.37898,3.19091,1.62638,0.0838416, -0.0240097, -0.372126, 0.924076
7237,-3.37637,3.19041,1.62627,0.0840033, -0.0237566, -0.370767, 0.924614
7238,-3.37375,3.18992,1.62616,0.0841669, -0.0234805, -0.369402, 0.925152
7239,-3.37835,3.19793,1.62724,0.08432, -0.0232072, -0.369432, 0.925133
7240,-3.37577,3.19747,1.62713,0.0844909, -0.0229244, -0.368061, 0.925671
7241,-3.37318,3.19702,1.62702,0.0846678, -0.0226401, -0.3667, 0.926202
7242,-3.3706,3.19656,1.62692,0.0848562, -0.0223515, -0.365326, 0.926734
7243,-3.36802,3.19611,1.62682,0.0850717, -0.0220734, -0.363953, 0.927261
7244,-3.36543,3.19566,1.62673,0.0852737, -0.0218074, -0.362578, 0.927788
7245,-3.36285,3.19522,1.62665,0.0854688, -0.0215549, -0.361198, 0.928314
7246,-3.36027,3.19478,1.62657,0.0856671, -0.0212936, -0.359818, 0.928837
7247,-3.36495,3.20271,1.62749,0.085995, -0.0209099, -0.35958, 0.928908
7248,-3.36241,3.20228,1.6274,0.0861816, -0.0206316, -0.358211, 0.929426
7249,-3.35987,3.20186,1.62731,0.0863629, -0.0203523, -0.356832, 0.929945
7250,-3.35733,3.20144,1.62722,0.0865145, -0.0200681, -0.355459, 0.930463
7251,-3.35479,3.20104,1.62713,0.0866583, -0.0197782, -0.354071, 0.930985
7252,-3.35224,3.20064,1.62704,0.086778, -0.0194946, -0.352699, 0.9315
7253,-3.3497,3.20025,1.62695,0.0868795, -0.0191953, -0.351315, 0.93202
7254,-3.34715,3.19988,1.62686,0.0869543, -0.0188991, -0.349914, 0.932546
7255,-3.3446,3.19952,1.62677,0.0870064, -0.018591, -0.348519, 0.93307
7256,-3.34205,3.19917,1.62668,0.0870211, -0.0182914, -0.347127, 0.933593
7257,-3.3395,3.19884,1.62658,0.0870072, -0.017989, -0.345713, 0.934124
7258,-3.345,3.20778,1.6275,0.0872605, -0.0177278, -0.345937, 0.934023
7259,-3.3425,3.20746,1.62738,0.0872008, -0.0174132, -0.344508, 0.934563
7260,-3.33999,3.20715,1.62726,0.087104, -0.0170851, -0.343048, 0.935114
7261,-3.33749,3.20686,1.62714,0.0870091, -0.0167431, -0.341592, 0.935662
7262,-3.33498,3.20658,1.62702,0.0868791, -0.0163935, -0.340111, 0.93622
7263,-3.33246,3.20631,1.62691,0.0867323, -0.0160475, -0.338605, 0.936785
7264,-3.32995,3.20607,1.6268,0.0865505, -0.0156851, -0.337093, 0.937353
7265,-3.32743,3.20583,1.6267,0.0863465, -0.0153206, -0.335579, 0.937921
7266,-3.33301,3.21488,1.62774,0.0864825, -0.0151146, -0.335611, 0.937901
7267,-3.33054,3.21468,1.62763,0.0862498, -0.0147387, -0.334051, 0.938485
7268,-3.32807,3.21449,1.62752,0.0859789, -0.0143541, -0.332499, 0.939066
7269,-3.3256,3.21432,1.62742,0.0856793, -0.0139625, -0.330944, 0.939649
7270,-3.32312,3.21417,1.62732,0.0853543, -0.013572, -0.329358, 0.940241
7271,-3.32065,3.21402,1.62723,0.0850286, -0.0131671, -0.327757, 0.940836
7272,-3.31817,3.21389,1.62713,0.0846717, -0.012762, -0.326163, 0.941427
7273,-3.3157,3.21378,1.62704,0.0843089, -0.0123368, -0.324565, 0.942018
7274,-3.31323,3.21367,1.62696,0.0839511, -0.0118836, -0.322967, 0.942605
7275,-3.31076,3.21358,1.62687,0.0835765, -0.0114254, -0.321375, 0.943187
7276,-3.30831,3.2135,1.62679,0.0832098, -0.010968, -0.319773, 0.94377
7277,-3.31416,3.22355,1.62781,0.0832816, -0.0107108, -0.319654, 0.943807
7278,-3.31177,3.22348,1.62771,0.0829137, -0.0102576, -0.318048, 0.944386
7279,-3.30938,3.22342,1.6276,0.0825478, -0.00982572, -0.316462, 0.944956
7280,-3.30699,3.22337,1.6275,0.0821757, -0.00940769, -0.314871, 0.945524
7281,-3.30462,3.22333,1.6274,0.0818305, -0.00900261, -0.313313, 0.946075
7282,-3.30226,3.2233,1.62731,0.0814916, -0.00863219, -0.311768, 0.946618
7283,-3.29991,3.22328,1.62722,0.0811655, -0.00827216, -0.310233, 0.947153
7284,-3.29756,3.22327,1.62714,0.0808303, -0.00795599, -0.308708, 0.947683
7285,-3.29523,3.22327,1.62707,0.0804985, -0.00763981, -0.307211, 0.9482
7286,-3.29291,3.22328,1.627,0.0801665, -0.00733632, -0.305714, 0.948714
7287,-3.29059,3.22329,1.62693,0.079843, -0.00703532, -0.304234, 0.949219
7288,-3.29695,3.23408,1.62808,0.0799083, -0.00693775, -0.304485, 0.949134
7289,-3.2947,3.23411,1.62799,0.0795834, -0.00664387, -0.30303, 0.949629
7290,-3.29247,3.23415,1.62791,0.0792866, -0.00636546, -0.301582, 0.950117
7291,-3.29025,3.2342,1.62783,0.0789852, -0.00610775, -0.300168, 0.950591
7292,-3.28805,3.23425,1.62775,0.0786886, -0.0058743, -0.298751, 0.951063
7293,-3.28585,3.23431,1.62768,0.0784088, -0.00565345, -0.29733, 0.951533
7294,-3.28368,3.23438,1.6276,0.0781423, -0.00543391, -0.295908, 0.951999
7295,-3.28948,3.24454,1.62895,0.0781699, -0.00532845, -0.295841, 0.952018
7296,-3.28737,3.24464,1.62887,0.0779065, -0.00512086, -0.294422, 0.952481
7297,-3.28527,3.24475,1.62878,0.0776775, -0.00491775, -0.29301, 0.952936
7298,-3.28318,3.24487,1.62869,0.0774793, -0.00474498, -0.291598, 0.953386
7299,-3.28111,3.24498,1.62861,0.0773171, -0.00459595, -0.290168, 0.953836
7300,-3.27906,3.2451,1.62852,0.0771781, -0.00444773, -0.288728, 0.954285
7301,-3.27702,3.24522,1.62843,0.0770704, -0.0043105, -0.287286, 0.954729
7302,-3.27499,3.24534,1.62833,0.0769898, -0.00418287, -0.285861, 0.955164
7303,-3.28084,3.25502,1.62958,0.07712, -0.00407495, -0.285899, 0.955143
7304,-3.27888,3.25516,1.62947,0.0770527, -0.00395414, -0.284474, 0.955574
7305,-3.27692,3.2553,1.62936,0.076993, -0.00382982, -0.283052, 0.956001
7306,-3.27498,3.25545,1.62925,0.0769741, -0.00367479, -0.281625, 0.956425
7307,-3.27305,3.25559,1.62914,0.0769711, -0.00349768, -0.280201, 0.956844
7308,-3.27112,3.25574,1.62902,0.0769582, -0.00330632, -0.27878, 0.957261
7309,-3.26919,3.2559,1.62891,0.0769422, -0.00309165, -0.277361, 0.957675
7310,-3.26727,3.25606,1.6288,0.0769267, -0.00285882, -0.275961, 0.958081
7311,-3.27303,3.26545,1.62985,0.0770824, -0.00272585, -0.276046, 0.958045
7312,-3.27115,3.26564,1.62972,0.0770519, -0.00248305, -0.274649, 0.958449
7313,-3.26927,3.26583,1.62958,0.0770202, -0.00223882, -0.273249, 0.958852
7314,-3.2674,3.26604,1.62945,0.076996, -0.00201599, -0.271851, 0.959252
7315,-3.26553,3.26625,1.62931,0.0769648, -0.00179942, -0.270436, 0.959655
7316,-3.26366,3.26648,1.62916,0.076942, -0.00160537, -0.26903, 0.960052
7317,-3.26181,3.26671,1.62902,0.0769218, -0.00142599, -0.267623, 0.960447
7318,-3.25996,3.26695,1.62887,0.0769244, -0.0012342, -0.266208, 0.960841
7319,-3.25813,3.2672,1.62872,0.0769437, -0.0010752, -0.264804, 0.961227
7320,-3.2563,3.26745,1.62858,0.0769814, -0.000908904, -0.263399, 0.96161
7321,-3.25448,3.26771,1.62843,0.0770334, -0.000754542, -0.261998, 0.961989
7322,-3.26086,3.27796,1.62963,0.0772271, -0.000647462, -0.262021, 0.961967
7323,-3.25911,3.27824,1.62946,0.0772776, -0.000488018, -0.260629, 0.962341
7324,-3.25736,3.27852,1.62928,0.0773471, -0.000323395, -0.259245, 0.962709
7325,-3.25562,3.2788,1.62911,0.0774258, -0.000153092, -0.257877, 0.963071
7326,-3.25388,3.2791,1.62893,0.0775098, 1.36039e-05, -0.256532, 0.963423
7327,-3.25214,3.2794,1.62876,0.0776073, 0.000176602, -0.255204, 0.963768
7328,-3.25041,3.27972,1.62858,0.0776966, 0.000357043, -0.253894, 0.964106
7329,-3.24868,3.28005,1.6284,0.0777698, 0.000529928, -0.252591, 0.964442
7330,-3.24695,3.28039,1.62822,0.0778245, 0.000723755, -0.251317, 0.964771
7331,-3.24522,3.28074,1.62805,0.0778685, 0.000906119, -0.250072, 0.965091
7332,-3.2435,3.28112,1.62787,0.0778719, 0.00109769, -0.248844, 0.965407
7333,-3.25051,3.29211,1.62926,0.0779447, 0.00112152, -0.249172, 0.965317
7334,-3.24884,3.29251,1.62905,0.0779237, 0.00131992, -0.247952, 0.965633
7335,-3.24717,3.29294,1.62884,0.0778857, 0.00152055, -0.246774, 0.965937
7336,-3.2455,3.29338,1.62863,0.0778046, 0.00170442, -0.245611, 0.96624
7337,-3.25114,3.30249,1.63016,0.0778571, 0.00175849, -0.245686, 0.966216
7338,-3.24952,3.303,1.62994,0.0777493, 0.00193992, -0.244528, 0.966518
7339,-3.24791,3.30354,1.62973,0.0776081, 0.00209908, -0.243383, 0.966818
7340,-3.2463,3.30409,1.62951,0.077451, 0.00224556, -0.242253, 0.967114
7341,-3.25102,3.31186,1.63089,0.0775627, 0.00242317, -0.242103, 0.967142
7342,-3.24945,3.31247,1.63066,0.0774181, 0.00256725, -0.241001, 0.967429
7343,-3.24789,3.31309,1.63044,0.0772438, 0.00269268, -0.239917, 0.967712
7344,-3.24635,3.31373,1.63021,0.0770915, 0.00280466, -0.238855, 0.967986
7345,-3.24481,3.31439,1.62999,0.0769296, 0.00290616, -0.237803, 0.968258
7346,-3.24328,3.31506,1.62976,0.0767713, 0.00299841, -0.236786, 0.968519
7347,-3.24177,3.31574,1.62954,0.0766169, 0.00306297, -0.235778, 0.968777
7348,-3.24027,3.31643,1.62931,0.0764632, 0.00310973, -0.23479, 0.969029
7349,-3.24518,3.32444,1.63034,0.0766972, 0.00328403, -0.235003, 0.968958
7350,-3.24373,3.32515,1.63009,0.076551, 0.00330777, -0.234046, 0.969202
7351,-3.24228,3.32588,1.62985,0.0763755, 0.00332973, -0.233098, 0.969444
7352,-3.24085,3.32661,1.6296,0.0762212, 0.00334171, -0.232193, 0.969673
7353,-3.23943,3.32736,1.62935,0.0760658, 0.00335073, -0.2313, 0.969899
7354,-3.23803,3.32812,1.6291,0.0759092, 0.00333542, -0.230443, 0.970115
7355,-3.23663,3.32889,1.62884,0.0757477, 0.00331329, -0.229608, 0.970325
7356,-3.23525,3.32967,1.62858,0.0755629, 0.00327906, -0.228775, 0.970537
7357,-3.24021,3.33798,1.62909,0.0757613, 0.00342392, -0.229019, 0.970463
7358,-3.23888,3.33879,1.6288,0.0755782, 0.00338547, -0.228192, 0.970672
7359,-3.23756,3.33961,1.62851,0.0753654, 0.00334021, -0.227399, 0.970875
7360,-3.23626,3.34044,1.62821,0.0751435, 0.00328772, -0.226627, 0.971073
7361,-3.23498,3.34128,1.62791,0.074889, 0.00322486, -0.225871, 0.971269
7362,-3.23371,3.34214,1.6276,0.074604, 0.00314395, -0.225126, 0.971464
7363,-3.23246,3.34301,1.62729,0.0742905, 0.0030526, -0.224392, 0.971658
7364,-3.2373,3.35111,1.62788,0.0744548, 0.00316585, -0.224537, 0.971612
7365,-3.2361,3.35201,1.62755,0.0741276, 0.00306856, -0.22381, 0.971805
7366,-3.23493,3.35292,1.62721,0.0738099, 0.00294229, -0.223091, 0.971995
7367,-3.23377,3.35384,1.62687,0.0734962, 0.00278578, -0.222365, 0.972185
7368,-3.23263,3.35478,1.62654,0.0731713, 0.0026119, -0.221665, 0.97237
7369,-3.23152,3.35572,1.62621,0.072819, 0.00241542, -0.220983, 0.972552
7370,-3.23042,3.35666,1.62588,0.0724822, 0.00218641, -0.220315, 0.97273
7371,-3.22936,3.35762,1.62556,0.0721794, 0.00191679, -0.219665, 0.9729
7372,-3.2345,3.36522,1.6262,0.0724332, 0.00198956, -0.219896, 0.972828
7373,-3.23349,3.36618,1.62587,0.0721813, 0.00166146, -0.219242, 0.972995
7374,-3.23251,3.36715,1.62555,0.0719555, 0.00129217, -0.218592, 0.973159
7375,-3.23156,3.36811,1.62525,0.0717737, 0.000871347, -0.217952, 0.973316
7376,-3.23064,3.36907,1.62496,0.071617, 0.000398527, -0.217314, 0.973471
7377,-3.22974,3.37002,1.62469,0.0714804, -0.000120539, -0.216648, 0.973629
7378,-3.22887,3.37098,1.62443,0.0713729, -0.000672468, -0.215995, 0.973782
7379,-3.22802,3.37192,1.62418,0.071282, -0.00127927, -0.215334, 0.973935
7380,-3.2272,3.37287,1.62393,0.0712447, -0.00190096, -0.214687, 0.974079
7381,-3.2264,3.3738,1.6237,0.0712432, -0.0025522, -0.214024, 0.974224
7382,-3.22563,3.37473,1.62347,0.071278, -0.00323648, -0.213355, 0.974366
7383,-3.23187,3.38262,1.62412,0.0716877, -0.00339407, -0.213623, 0.974276
7384,-3.23118,3.38352,1.62387,0.0717575, -0.00409679, -0.212961, 0.974413
7385,-3.23051,3.38441,1.62363,0.0718624, -0.00481397, -0.212281, 0.974551
7386,-3.22986,3.38529,1.62341,0.0719877, -0.00551805, -0.211599, 0.974686
7387,-3.22922,3.38616,1.62319,0.0721358, -0.00621611, -0.210934, 0.974815
7388,-3.22861,3.38702,1.62299,0.0723352, -0.00689092, -0.210254, 0.974943
7389,-3.228,3.38787,1.62281,0.0725623, -0.00756349, -0.209556, 0.975071
7390,-3.22741,3.38872,1.62265,0.0728255, -0.00823819, -0.208859, 0.975196
7391,-3.22682,3.38955,1.62251,0.0731181, -0.0088904, -0.208146, 0.97532
7392,-3.22624,3.39038,1.62239,0.0734427, -0.00955053, -0.207436, 0.975441
7393,-3.22566,3.39121,1.6223,0.0738169, -0.0102008, -0.206724, 0.975557
7394,-3.23227,3.39977,1.623,0.0741991, -0.0102801, -0.207095, 0.975449
7395,-3.23174,3.40058,1.62291,0.0745902, -0.0109198, -0.206377, 0.975564
7396,-3.23121,3.40137,1.62284,0.0750143, -0.0115568, -0.205663, 0.975675
7397,-3.23069,3.40216,1.62279,0.0754891, -0.012198, -0.204942, 0.975782
7398,-3.23016,3.40295,1.62277,0.0759824, -0.012815, -0.204232, 0.975885
7399,-3.22963,3.40372,1.62276,0.0764952, -0.0134163, -0.203511, 0.975988
7400,-3.2291,3.40449,1.62278,0.0770362, -0.014005, -0.202818, 0.976081
7401,-3.22857,3.40526,1.62281,0.0775866, -0.0145805, -0.202124, 0.976173
7402,-3.23496,3.41356,1.62359,0.0779229, -0.0146369, -0.202307, 0.976107
7403,-3.23448,3.41433,1.62363,0.0784699, -0.0152084, -0.201626, 0.976196
7404,-3.23399,3.41511,1.62367,0.0790015, -0.0157752, -0.200947, 0.976284
7405,-3.2335,3.41589,1.62373,0.0795258, -0.0163374, -0.200271, 0.976371
7406,-3.23301,3.41668,1.6238,0.0800429, -0.0169084, -0.199586, 0.976459
7407,-3.23252,3.41747,1.62388,0.0805371, -0.0174781, -0.198912, 0.976546
7408,-3.23203,3.41828,1.62397,0.0810032, -0.0180522, -0.198246, 0.976633
7409,-3.23812,3.42639,1.62486,0.0813061, -0.0181196, -0.198339, 0.976587
7410,-3.23768,3.42722,1.62494,0.0817565, -0.0186906, -0.197676, 0.976673
7411,-3.23723,3.42806,1.62502,0.0821748, -0.0192591, -0.196998, 0.976764
7412,-3.23677,3.42891,1.6251,0.0825633, -0.0198206, -0.196331, 0.976854
7413,-3.23632,3.42978,1.62518,0.0829308, -0.0203651, -0.195671, 0.976945
7414,-3.23585,3.43065,1.62526,0.0832839, -0.0209071, -0.195021, 0.977033
7415,-3.23538,3.43153,1.62534,0.0836199, -0.0214331, -0.194392, 0.977118
7416,-3.2349,3.43242,1.62542,0.0839391, -0.0219341, -0.19376, 0.977205
7417,-3.24095,3.44042,1.62628,0.0842337, -0.0219511, -0.193942, 0.977143
7418,-3.24051,3.44132,1.62634,0.0845283, -0.0224398, -0.193336, 0.977227
7419,-3.24006,3.44223,1.6264,0.0847945, -0.0229153, -0.192738, 0.977311
7420,-3.2396,3.44315,1.62645,0.0850162, -0.0233818, -0.192114, 0.977403
7421,-3.24469,3.45015,1.62736,0.0852286, -0.0232928, -0.192133, 0.977383
7422,-3.24426,3.4511,1.6274,0.0854292, -0.0237366, -0.191521, 0.977475
7423,-3.24381,3.45205,1.62744,0.0856234, -0.0241793, -0.190921, 0.977565
7424,-3.24336,3.45301,1.62747,0.085791, -0.0246181, -0.190308, 0.977659
7425,-3.2429,3.45397,1.6275,0.0859226, -0.0250478, -0.189689, 0.977757
7426,-3.24751,3.46014,1.62837,0.0862106, -0.024942, -0.189693, 0.977733
7427,-3.24707,3.46112,1.62838,0.0863096, -0.0253781, -0.189056, 0.977837
7428,-3.24662,3.4621,1.62839,0.0863733, -0.0257943, -0.188415, 0.977944
7429,-3.24617,3.46309,1.6284,0.0864263, -0.0262022, -0.187768, 0.978053
7430,-3.24571,3.46407,1.62841,0.0864689, -0.026607, -0.187103, 0.978165
7431,-3.24524,3.46505,1.62841,0.0864928, -0.0269887, -0.18643, 0.978281
7432,-3.24477,3.46603,1.62842,0.086528, -0.0273602, -0.185757, 0.978396
7433,-3.24428,3.467,1.62843,0.0865454, -0.0277327, -0.185081, 0.978512
7434,-3.24378,3.46797,1.62844,0.08655, -0.0280864, -0.184392, 0.978632
7435,-3.24327,3.46893,1.62844,0.0865443, -0.0284156, -0.183696, 0.978753
7436,-3.24275,3.46988,1.62845,0.0865413, -0.0287096, -0.18302, 0.978872
7437,-3.24814,3.47703,1.62928,0.0868927, -0.0286142, -0.183286, 0.978794
7438,-3.24765,3.47794,1.62926,0.0868796, -0.0289036, -0.182598, 0.978915
7439,-3.24714,3.47885,1.62923,0.0868834, -0.0291598, -0.181904, 0.979036
7440,-3.24663,3.47974,1.62921,0.0868978, -0.0294101, -0.181208, 0.979157
7441,-3.2461,3.48061,1.62918,0.0869153, -0.0296481, -0.180488, 0.979281
7442,-3.24556,3.48147,1.62916,0.0869483, -0.0298756, -0.179766, 0.979404
7443,-3.24502,3.48231,1.62913,0.0869851, -0.0301114, -0.17905, 0.979524
7444,-3.24446,3.48313,1.62911,0.0870336, -0.0303457, -0.178285, 0.979652
7445,-3.2439,3.48392,1.62908,0.0870923, -0.0305959, -0.1775, 0.979782
7446,-3.24334,3.4847,1.62905,0.0871623, -0.0308629, -0.176688, 0.979914
7447,-3.24277,3.48546,1.62902,0.0872417, -0.0311359, -0.175859, 0.980047
7448,-3.24895,3.49446,1.62986,0.0874422, -0.0310942, -0.176228, 0.979965
7449,-3.24842,3.49519,1.6298,0.0875273, -0.031369, -0.175363, 0.980103
7450,-3.24788,3.49591,1.62975,0.0876306, -0.0316388, -0.174485, 0.980242
7451,-3.24733,3.4966,1.62969,0.0877589, -0.0318966, -0.173608, 0.980378
7452,-3.24677,3.49728,1.62963,0.087888, -0.0321386, -0.172697, 0.98052
7453,-3.2462,3.49793,1.62958,0.0880181, -0.0323803, -0.171763, 0.980664
7454,-3.24562,3.49856,1.62953,0.0881667, -0.0325991, -0.170818, 0.980808
7455,-3.25129,3.50757,1.63049,0.0882852, -0.0325619, -0.170801, 0.980802
7456,-3.25073,3.50821,1.63043,0.0884423, -0.0327544, -0.169849, 0.980947
7457,-3.25016,3.50883,1.63037,0.0885868, -0.0329297, -0.168856, 0.981099
7458,-3.24958,3.50943,1.63032,0.0887174, -0.0330763, -0.167868, 0.981252
7459,-3.24897,3.51002,1.63028,0.0888467, -0.0332073, -0.166885, 0.981404
7460,-3.24835,3.51059,1.63025,0.0889747, -0.0333197, -0.165881, 0.981558
7461,-3.2477,3.51114,1.63022,0.0890994, -0.0334201, -0.164883, 0.981712
7462,-3.24703,3.51167,1.63019,0.089215, -0.033492, -0.163871, 0.981868
7463,-3.25244,3.5199,1.63108,0.0894167, -0.0333809, -0.163946, 0.981841
7464,-3.25178,3.52043,1.63104,0.089525, -0.0334577, -0.162941, 0.981996
7465,-3.25111,3.52094,1.631,0.089642, -0.0335163, -0.161958, 0.982146
7466,-3.25042,3.52144,1.63097,0.0897611, -0.0335598, -0.160951, 0.982299
7467,-3.24971,3.52192,1.63095,0.0898751, -0.0335933, -0.159955, 0.98245
7468,-3.24898,3.52238,1.63093,0.089986, -0.0335892, -0.158964, 0.982601
7469,-3.24823,3.52282,1.63091,0.0901009, -0.0335612, -0.157988, 0.982749
7470,-3.24746,3.52324,1.6309,0.0902311, -0.0335219, -0.157013, 0.982894
7471,-3.253,3.53122,1.63185,0.0904537, -0.0334104, -0.157107, 0.982863
7472,-3.25225,3.53163,1.63182,0.0905764, -0.0333573, -0.156111, 0.983012
7473,-3.25148,3.53203,1.63181,0.0907262, -0.0332799, -0.155143, 0.983154
7474,-3.2507,3.53241,1.63179,0.0908733, -0.0331863, -0.154185, 0.983294
7475,-3.2499,3.53277,1.63179,0.0910387, -0.0330745, -0.153262, 0.983427
7476,-3.24908,3.53311,1.63179,0.0912008, -0.0329546, -0.152319, 0.983563
7477,-3.24825,3.53343,1.63179,0.0913688, -0.0328313, -0.151378, 0.983696
7478,-3.25358,3.54119,1.63278,0.0915805, -0.0327021, -0.151385, 0.98368
7479,-3.25277,3.54152,1.63277,0.0917561, -0.0325742, -0.150449, 0.983811
7480,-3.25194,3.54183,1.63276,0.0919077, -0.0324389, -0.149538, 0.983941
7481,-3.25109,3.54212,1.63275,0.0920744, -0.0323013, -0.148632, 0.984067
7482,-3.25024,3.54241,1.63275,0.0922357, -0.0321608, -0.147705, 0.984196
7483,-3.24937,3.54268,1.63274,0.0923838, -0.0320033, -0.146795, 0.984323
7484,-3.24849,3.54294,1.63273,0.0925069, -0.0318488, -0.14587, 0.984454
7485,-3.2476,3.54319,1.63273,0.0925872, -0.0316919, -0.144935, 0.98459
7486,-3.25299,3.55093,1.63379,0.0927719, -0.0315488, -0.145019, 0.984565
7487,-3.25212,3.55118,1.63377,0.0928153, -0.0313718, -0.144098, 0.984701
7488,-3.25125,3.55144,1.63375,0.0928072, -0.0311759, -0.143142, 0.984848
7489,-3.25036,3.55169,1.63373,0.0927495, -0.0309709, -0.142194, 0.984997
7490,-3.24946,3.55195,1.6337,0.0926569, -0.0307553, -0.141233, 0.985151
7491,-3.24855,3.5522,1.63368,0.0925331, -0.0305387, -0.140253, 0.985309
7492,-3.24764,3.55245,1.63367,0.0924007, -0.0303349, -0.139266, 0.985468
7493,-3.24672,3.5527,1.63366,0.0922372, -0.0301313, -0.138275, 0.985629
7494,-3.24579,3.55295,1.63366,0.0920453, -0.029955, -0.137268, 0.985793
7495,-3.24487,3.55319,1.63366,0.0918183, -0.0298075, -0.136248, 0.98596
7496,-3.24394,3.55344,1.63368,0.0915719, -0.029698, -0.135199, 0.986131
7497,-3.25004,3.56231,1.63482,0.0916514, -0.0295834, -0.135206, 0.986126
7498,-3.24915,3.56255,1.63482,0.0913839, -0.0294885, -0.13413, 0.9863
7499,-3.24825,3.56279,1.63481,0.091111, -0.0293904, -0.133038, 0.986476
7500,-3.24735,3.56301,1.63481,0.090853, -0.0292998, -0.131944, 0.98665
7501,-3.24645,3.56323,1.63481,0.0905997, -0.0292217, -0.130838, 0.986823
7502,-3.24555,3.56343,1.63482,0.0903696, -0.0291574, -0.129717, 0.986994
7503,-3.24464,3.56361,1.63484,0.0901365, -0.0290934, -0.12859, 0.987164
7504,-3.24373,3.56378,1.63485,0.0899162, -0.029022, -0.127456, 0.987334
7505,-3.24282,3.56393,1.63487,0.0897386, -0.0289303, -0.126324, 0.987498
7506,-3.2419,3.56407,1.6349,0.0895778, -0.0288329, -0.125202, 0.987658
7507,-3.24097,3.56418,1.63492,0.0894396, -0.0287268, -0.124088, 0.987814
7508,-3.24771,3.57402,1.63634,0.0895026, -0.0286867, -0.124292, 0.987784
7509,-3.24681,3.57413,1.63634,0.089403, -0.0285806, -0.123171, 0.987937
7510,-3.24592,3.57422,1.63635,0.0893305, -0.0284585, -0.122039, 0.988087
7511,-3.24502,3.57429,1.63636,0.0892963, -0.0283363, -0.120887, 0.988236
7512,-3.25063,3.58264,1.63784,0.0893193, -0.0283209, -0.120835, 0.98824
7513,-3.24977,3.58274,1.63785,0.0893032, -0.028214, -0.119686, 0.988385
7514,-3.24891,3.58282,1.63787,0.0893049, -0.0281099, -0.118514, 0.988529
7515,-3.24804,3.58289,1.63788,0.0893029, -0.0280127, -0.117336, 0.988672
7516,-3.24717,3.58295,1.63791,0.0893076, -0.0279333, -0.116134, 0.988816
7517,-3.25214,3.59032,1.63932,0.0894236, -0.027836, -0.115967, 0.988828
7518,-3.2513,3.5904,1.63933,0.08943, -0.0277595, -0.114737, 0.988973
7519,-3.25046,3.59046,1.63934,0.0894412, -0.0276984, -0.113505, 0.989116
7520,-3.24962,3.59052,1.63936,0.0894466, -0.0276581, -0.112245, 0.98926
7521,-3.24878,3.59057,1.63937,0.0894389, -0.0276208, -0.110952, 0.989408
7522,-3.24794,3.59062,1.63937,0.0894113, -0.0275969, -0.109606, 0.989561
7523,-3.24709,3.59066,1.63938,0.0893581, -0.027586, -0.108263, 0.989714
7524,-3.25181,3.59812,1.64079,0.0894925, -0.0274445, -0.108145, 0.989718
7525,-3.25099,3.59818,1.64078,0.0894169, -0.0274402, -0.106779, 0.989874
7526,-3.25016,3.59824,1.64076,0.0893278, -0.0274293, -0.105383, 0.990032
7527,-3.24933,3.5983,1.64074,0.0892172, -0.027426, -0.103952, 0.990193
7528,-3.24849,3.59836,1.64072,0.0891169, -0.027407, -0.102497, 0.990354
7529,-3.24764,3.59841,1.6407,0.0890086, -0.0273754, -0.101054, 0.990513
7530,-3.24678,3.59847,1.64067,0.0889122, -0.0273181, -0.0996102, 0.99067
7531,-3.24591,3.59852,1.64064,0.088801, -0.0272468, -0.098171, 0.990825
7532,-3.25062,3.60634,1.64186,0.0889525, -0.0270803, -0.0981427, 0.990819
7533,-3.24977,3.60641,1.64181,0.088862, -0.0269745, -0.0966929, 0.990972
7534,-3.2489,3.60647,1.64176,0.0887827, -0.0268609, -0.0952365, 0.991124
7535,-3.24802,3.60653,1.64171,0.0887178, -0.0267473, -0.0937793, 0.991271
7536,-3.24713,3.60659,1.64167,0.0886769, -0.0266317, -0.0923236, 0.991415
7537,-3.24622,3.60664,1.64162,0.0886433, -0.0265219, -0.0908693, 0.991555
7538,-3.24531,3.60669,1.64158,0.0886238, -0.0264022, -0.0894201, 0.991692
7539,-3.24439,3.60673,1.64153,0.0885961, -0.0262969, -0.0879656, 0.991827
7540,-3.24954,3.61504,1.64256,0.0887041, -0.0261945, -0.087986, 0.991818
7541,-3.24863,3.6151,1.6425,0.0886713, -0.0261002, -0.0865257, 0.991952
7542,-3.24772,3.61517,1.64243,0.0886415, -0.0260001, -0.0850713, 0.992083
7543,-3.2468,3.61524,1.64237,0.0885874, -0.0259142, -0.0836001, 0.992216
7544,-3.24588,3.61531,1.6423,0.0885174, -0.0258215, -0.0821153, 0.992348
7545,-3.24494,3.61538,1.64223,0.088425, -0.0257215, -0.0806172, 0.992482
7546,-3.244,3.61546,1.64216,0.0883198, -0.0256123, -0.0791198, 0.992615
7547,-3.24305,3.61555,1.64209,0.0881977, -0.025495, -0.0776221, 0.992747
7548,-3.24209,3.61564,1.64201,0.0880737, -0.0253651, -0.0761138, 0.992878
7549,-3.24112,3.61573,1.64194,0.0879478, -0.0252358, -0.0745961, 0.993007
7550,-3.24014,3.61583,1.64187,0.0878266, -0.025096, -0.0730799, 0.993134
7551,-3.24636,3.62539,1.64284,0.0878786, -0.0250051, -0.0729843, 0.993139
7552,-3.2454,3.62551,1.64274,0.0877628, -0.02486, -0.0714566, 0.993264
7553,-3.24443,3.62562,1.64264,0.0876398, -0.024703, -0.0699359, 0.993387
7554,-3.24345,3.62574,1.64255,0.0875255, -0.0245467, -0.0683988, 0.993508
7555,-3.24246,3.62586,1.64245,0.0874131, -0.0243809, -0.0668633, 0.993627
7556,-3.24147,3.62599,1.64236,0.0872961, -0.0242192, -0.0653229, 0.993743
7557,-3.24046,3.62612,1.64227,0.0871621, -0.0240666, -0.0637729, 0.993859
7558,-3.23945,3.62625,1.64218,0.0870358, -0.0239166, -0.062228, 0.993972
7559,-3.23844,3.62638,1.6421,0.0868673, -0.0237599, -0.0606851, 0.994086
7560,-3.23741,3.62653,1.64202,0.0866889, -0.0236158, -0.0590979, 0.994201
7561,-3.23638,3.62667,1.64194,0.0864804, -0.0234584, -0.0575037, 0.994316
7562,-3.24368,3.63758,1.64299,0.0864249, -0.0234952, -0.057709, 0.994308
7563,-3.24268,3.63776,1.64289,0.0861974, -0.0233429, -0.0561196, 0.994422
7564,-3.24167,3.63795,1.64279,0.085941, -0.0231777, -0.0545218, 0.994537
7565,-3.24065,3.63815,1.64269,0.0856895, -0.0230118, -0.0529183, 0.994649
7566,-3.23962,3.63835,1.64259,0.0854278, -0.0228538, -0.0512943, 0.994761
7567,-3.23858,3.63857,1.6425,0.0851562, -0.0227007, -0.0496695, 0.99487
7568,-3.23753,3.63879,1.64241,0.0848851, -0.0225596, -0.0480442, 0.994976
7569,-3.24452,3.64949,1.64352,0.0847525, -0.0226297, -0.0479072, 0.994992
7570,-3.24351,3.64977,1.64343,0.0844679, -0.0224817, -0.0462749, 0.995097
7571,-3.24248,3.65005,1.64333,0.0841835, -0.0223492, -0.044633, 0.995199
7572,-3.24145,3.65033,1.64324,0.0838852, -0.0222262, -0.0429963, 0.995299
7573,-3.24041,3.65062,1.64314,0.0835862, -0.0221152, -0.0413604, 0.995396
7574,-3.23937,3.65091,1.64305,0.083287, -0.0219926, -0.039702, 0.995492
7575,-3.23832,3.65119,1.64294,0.083003, -0.0218596, -0.0380611, 0.995582
7576,-3.23726,3.65148,1.64283,0.0827301, -0.0217325, -0.0364028, 0.99567
7577,-3.24305,3.66163,1.64362,0.0827286, -0.0216444, -0.0362587, 0.995677
7578,-3.24201,3.66195,1.6435,0.0824929, -0.0215068, -0.0345811, 0.995759
7579,-3.24097,3.66226,1.64337,0.0822805, -0.0213798, -0.0329131, 0.995836
7580,-3.23991,3.66257,1.64324,0.0820973, -0.0212402, -0.03123, 0.995908
7581,-3.23884,3.66288,1.6431,0.0819138, -0.0210666, -0.0295533, 0.995978
7582,-3.23777,3.66319,1.64297,0.0817493, -0.0209115, -0.0278682, 0.996044
7583,-3.23668,3.66349,1.64284,0.0816075, -0.0207386, -0.0261784, 0.996105
7584,-3.23557,3.66378,1.6427,0.0814658, -0.0205596, -0.0244987, 0.996163
7585,-3.24044,3.67353,1.64343,0.0815109, -0.0203779, -0.0244069, 0.996165
7586,-3.23934,3.67385,1.64328,0.0813931, -0.0201961, -0.0227183, 0.996218
7587,-3.23823,3.67418,1.64313,0.0812703, -0.0200009, -0.0210447, 0.996269
7588,-3.23711,3.6745,1.64297,0.0811508, -0.0197852, -0.019392, 0.996317
7589,-3.23597,3.67483,1.64281,0.0810274, -0.0195502, -0.0177298, 0.996362
7590,-3.23482,3.67516,1.64265,0.0808929, -0.019283, -0.0160986, 0.996406
7591,-3.23365,3.67549,1.64249,0.0807464, -0.0190162, -0.0144769, 0.996448
7592,-3.23835,3.6849,1.64339,0.080784, -0.0188169, -0.0142803, 0.996452
7593,-3.23719,3.68527,1.64322,0.080631, -0.0185531, -0.0126696, 0.996491
7594,-3.23602,3.68565,1.64304,0.080465, -0.01829, -0.0110806, 0.996528
7595,-3.23484,3.68604,1.64286,0.0802909, -0.0180247, -0.00950086, 0.996563
7596,-3.23365,3.68643,1.64268,0.0801052, -0.0177484, -0.00794049, 0.996597
7597,-3.23803,3.69453,1.64351,0.0802342, -0.0176181, -0.0080093, 0.996588
7598,-3.23685,3.69496,1.64332,0.0800583, -0.0173473, -0.00648117, 0.996618
7599,-3.23566,3.6954,1.64313,0.0798833, -0.0170929, -0.00494898, 0.996645
7600,-3.23447,3.69584,1.64294,0.0797044, -0.0168409, -0.00343575, 0.99667
7601,-3.23825,3.70297,1.64368,0.0798768, -0.0166434, -0.00313917, 0.996661
7602,-3.23707,3.70345,1.64349,0.0797143, -0.0163958, -0.00165796, 0.996682
7603,-3.23588,3.70393,1.64329,0.0795584, -0.01614, -0.000178659, 0.9967
7604,-3.23469,3.70442,1.64309,0.0794277, -0.0159031, 0.00128752, 0.996713
7605,-3.23349,3.70491,1.64289,0.0793126, -0.0156551, 0.00276551, 0.996723
7606,-3.23229,3.7054,1.64269,0.0792227, -0.0154205, 0.00422947, 0.996729
7607,-3.23108,3.70589,1.6425,0.0791584, -0.0151791, 0.00565961, 0.99673
7608,-3.22986,3.70638,1.64231,0.0791195, -0.0149524, 0.00707559, 0.996728
7609,-3.22863,3.70688,1.64212,0.0791162, -0.01472, 0.0084925, 0.996721
7610,-3.2274,3.70738,1.64193,0.0791197, -0.0144915, 0.00989183, 0.996711
7611,-3.22615,3.70788,1.64174,0.0791311, -0.0142594, 0.0112808, 0.996698
7612,-3.23047,3.71615,1.64252,0.0793797, -0.0139331, 0.0113386, 0.996683
7613,-3.22921,3.71665,1.64232,0.0794276, -0.0137, 0.0127002, 0.996666
7614,-3.22795,3.71716,1.64211,0.0794725, -0.0134569, 0.0140705, 0.996647
7615,-3.22668,3.71768,1.6419,0.0795256, -0.0132082, 0.0154053, 0.996626
7616,-3.22539,3.7182,1.6417,0.0795963, -0.0129508, 0.0167009, 0.996603
7617,-3.2241,3.71873,1.64149,0.0796549, -0.0126817, 0.0179825, 0.99658
7618,-3.2228,3.71927,1.64128,0.0797015, -0.0123884, 0.0192259, 0.996556
7619,-3.22148,3.71982,1.64107,0.0797387, -0.0120707, 0.0204457, 0.996533
7620,-3.22016,3.72037,1.64086,0.0797929, -0.0117356, 0.0216376, 0.996507
7621,-3.21883,3.72094,1.64065,0.0798441, -0.0113877, 0.0228345, 0.996481
7622,-3.21749,3.72152,1.64043,0.079877, -0.0110418, 0.0240017, 0.996455
7623,-3.22251,3.73088,1.64147,0.0800162, -0.0108065, 0.0238388, 0.99645
7624,-3.22117,3.73149,1.64123,0.0800399, -0.0104462, 0.0249883, 0.996424
7625,-3.21982,3.7321,1.64099,0.0800262, -0.0100623, 0.026098, 0.9964
7626,-3.21846,3.73272,1.64076,0.0800662, -0.00964225, 0.027191, 0.996372
7627,-3.2171,3.73335,1.64053,0.0801521, -0.00919879, 0.0282755, 0.996339
7628,-3.21574,3.73398,1.64031,0.0802218, -0.00874674, 0.0293472, 0.996307
7629,-3.21437,3.73463,1.64012,0.0803204, -0.00829038, 0.0304261, 0.99627
7630,-3.213,3.73529,1.63996,0.0804731, -0.00786538, 0.031484, 0.996228
7631,-3.2181,3.74457,1.64108,0.0805624, -0.00771919, 0.0314841, 0.996222
7632,-3.21674,3.74527,1.64094,0.0807341, -0.00735238, 0.0325574, 0.996177
7633,-3.21538,3.74599,1.64083,0.0809534, -0.00702986, 0.0336527, 0.996125
7634,-3.21403,3.74673,1.64074,0.0811382, -0.00675132, 0.0347481, 0.996074
7635,-3.21268,3.74748,1.64067,0.0812767, -0.00647993, 0.0358294, 0.996026
7636,-3.21133,3.74825,1.64061,0.0814158, -0.00622908, 0.036917, 0.995977
7637,-3.20997,3.74902,1.64055,0.0815699, -0.00598645, 0.0379813, 0.995926
7638,-3.21488,3.75813,1.6417,0.0816636, -0.00582539, 0.0380817, 0.995915
7639,-3.21354,3.75895,1.64162,0.0818465, -0.00557187, 0.0391562, 0.99586
7640,-3.2122,3.75978,1.64154,0.0820776, -0.00521923, 0.0401868, 0.995802
7641,-3.21086,3.7606,1.64148,0.0823264, -0.00480185, 0.0411707, 0.995743
7642,-3.20952,3.76143,1.64143,0.0826032, -0.00432586, 0.0421555, 0.995681
7643,-3.20817,3.76226,1.64139,0.0828727, -0.00382739, 0.0431073, 0.99562
7644,-3.20682,3.7631,1.64137,0.083129, -0.00330525, 0.0440571, 0.995559
7645,-3.20547,3.76395,1.64138,0.0833798, -0.00277217, 0.044969, 0.995499
7646,-3.21053,3.77287,1.64262,0.0834834, -0.00260184, 0.0449616, 0.995491
7647,-3.20919,3.77376,1.64264,0.0836786, -0.00207401, 0.0458731, 0.995434
7648,-3.20786,3.77467,1.64268,0.0838437, -0.0015841, 0.0467733, 0.995379
7649,-3.20652,3.77561,1.64273,0.0839624, -0.00115725, 0.0476817, 0.995327
7650,-3.20519,3.77657,1.64281,0.0840397, -0.000784096, 0.0486004, 0.995276
7651,-3.20387,3.77755,1.64289,0.0840921, -0.000447682, 0.0495119, 0.995227
7652,-3.20256,3.77855,1.64299,0.084107, -0.000133166, 0.0504231, 0.99518
7653,-3.20125,3.77957,1.64309,0.0841018, 0.000185568, 0.0513039, 0.995136
7654,-3.2066,3.78828,1.64432,0.0841908, 0.00029385, 0.0512717, 0.99513
7655,-3.20533,3.78934,1.64441,0.0841739, 0.000608457, 0.0521616, 0.995085
7656,-3.20406,3.79041,1.64451,0.084152, 0.000943084, 0.0530331, 0.99504
7657,-3.2028,3.79148,1.64461,0.0841371, 0.0012934, 0.0538819, 0.994995
7658,-3.20155,3.79256,1.64472,0.0841396, 0.00164301, 0.0547184, 0.994949
7659,-3.20031,3.79364,1.64483,0.084137, 0.00198546, 0.055573, 0.994901
7660,-3.19907,3.79472,1.64495,0.0841281, 0.0023217, 0.0564177, 0.994854
7661,-3.19784,3.79579,1.64508,0.0841288, 0.00267633, 0.0572412, 0.994806
7662,-3.19662,3.79687,1.64522,0.0841367, 0.00299618, 0.0580536, 0.994757
7663,-3.1954,3.79794,1.64536,0.0841663, 0.0033089, 0.0588386, 0.994708
7664,-3.19419,3.79902,1.64551,0.084212, 0.00361838, 0.0596097, 0.994657
7665,-3.20202,3.80876,1.64646,0.0842925, 0.00360256, 0.059317, 0.994667
7666,-3.20085,3.80985,1.64659,0.0843468, 0.00390386, 0.0600634, 0.994617
7667,-3.19968,3.81094,1.64673,0.0844106, 0.00419977, 0.0608012, 0.994565
7668,-3.19853,3.81202,1.64686,0.0844737, 0.00448411, 0.0615486, 0.994513
7669,-3.19738,3.8131,1.64701,0.0845629, 0.00477625, 0.0623018, 0.994457
7670,-3.19625,3.81417,1.64715,0.084647, 0.00504253, 0.0630248, 0.994403
7671,-3.19512,3.81524,1.6473,0.0847321, 0.00529292, 0.0637464, 0.994348
7672,-3.194,3.8163,1.64746,0.0848159, 0.00554088, 0.0644798, 0.994293
7673,-3.1929,3.81735,1.64762,0.0848964, 0.00577835, 0.0651922, 0.994238
7674,-3.1918,3.8184,1.64779,0.0849896, 0.00602366, 0.0659012, 0.994182
7675,-3.19072,3.81944,1.64796,0.0851042, 0.00624579, 0.0665999, 0.994124
7676,-3.20071,3.8303,1.64895,0.0850708, 0.00600174, 0.0661946, 0.994156
7677,-3.19969,3.83137,1.64911,0.0851947, 0.00622303, 0.0668944, 0.994097
7678,-3.19867,3.83243,1.64927,0.085325, 0.00644753, 0.0675931, 0.994037
7679,-3.19766,3.83348,1.64944,0.0854858, 0.00665275, 0.0682751, 0.993975
7680,-3.19666,3.83452,1.64962,0.0856807, 0.00686503, 0.0689332, 0.993911
7681,-3.19566,3.83555,1.64981,0.0859089, 0.00705475, 0.0695689, 0.993846
7682,-3.19467,3.83657,1.65001,0.0861747, 0.0072579, 0.0701879, 0.993778
7683,-3.20344,3.84682,1.65104,0.0861787, 0.00705185, 0.0700814, 0.993787
7684,-3.20251,3.84787,1.65123,0.0864677, 0.00722545, 0.0706736, 0.993718
7685,-3.20158,3.84891,1.65144,0.0867587, 0.00737033, 0.0712739, 0.993649
7686,-3.20066,3.84994,1.65166,0.0870843, 0.00749624, 0.0718588, 0.993578
7687,-3.19975,3.85095,1.65188,0.0874352, 0.00762014, 0.0724111, 0.993506
7688,-3.20714,3.85961,1.65286,0.0874966, 0.00746774, 0.0722805, 0.993511
7689,-3.20629,3.86065,1.65308,0.0878505, 0.00758599, 0.0728376, 0.993438
7690,-3.20545,3.86168,1.6533,0.088207, 0.00768686, 0.0733812, 0.993366
7691,-3.20462,3.8627,1.65351,0.0885595, 0.00778573, 0.0739139, 0.993294
7692,-3.21069,3.87006,1.65432,0.0887793, 0.00773406, 0.0739647, 0.993271
7693,-3.20991,3.87111,1.65453,0.08912, 0.00779422, 0.0744848, 0.993201
7694,-3.20914,3.87215,1.65473,0.0894567, 0.00783754, 0.0750395, 0.993129
7695,-3.20838,3.87318,1.65493,0.0897686, 0.00787245, 0.0755631, 0.993061
7696,-3.20763,3.8742,1.65512,0.0900603, 0.00791089, 0.07609, 0.992994
7697,-3.20689,3.87523,1.65531,0.0903385, 0.00793427, 0.0766237, 0.992927
7698,-3.20616,3.87624,1.65548,0.0906131, 0.007935, 0.0771674, 0.99286
7699,-3.20544,3.87726,1.65565,0.0908468, 0.00793134, 0.0777246, 0.992795
7700,-3.20473,3.87826,1.65581,0.0910627, 0.00789906, 0.0783154, 0.99273
7701,-3.20404,3.87927,1.65597,0.0912496, 0.00784681, 0.0789382, 0.992663
7702,-3.20335,3.88027,1.65612,0.0914175, 0.0078005, 0.0795964, 0.992596
7703,-3.20882,3.88836,1.65681,0.0916889, 0.00794988, 0.0795547, 0.992573
7704,-3.20815,3.88936,1.65693,0.0918439, 0.00788151, 0.080235, 0.992504
7705,-3.20749,3.89036,1.65704,0.0919642, 0.0077977, 0.0809504, 0.992436
7706,-3.20685,3.89135,1.65715,0.0920783, 0.00772397, 0.0816962, 0.992365
7707,-3.20621,3.89234,1.65726,0.0921685, 0.00763405, 0.0824793, 0.992292
7708,-3.20559,3.89333,1.65736,0.0922421, 0.00754971, 0.0832886, 0.992218
7709,-3.20497,3.89431,1.65747,0.0923161, 0.00747615, 0.0841121, 0.992143
7710,-3.20435,3.89528,1.65758,0.0923607, 0.00741891, 0.0849641, 0.992066
7711,-3.20375,3.89624,1.65769,0.0923878, 0.00734631, 0.0858495, 0.991988
7712,-3.20314,3.8972,1.6578,0.0924031, 0.00727252, 0.086751, 0.991909
7713,-3.20254,3.89814,1.65791,0.0924359, 0.00720926, 0.0876424, 0.991828
7714,-3.20761,3.90713,1.65855,0.0925732, 0.00742213, 0.0874805, 0.991828
7715,-3.20701,3.90809,1.65864,0.0926068, 0.00735197, 0.0883872, 0.991745
7716,-3.20643,3.90904,1.65872,0.0926333, 0.00728538, 0.0893062, 0.99166
7717,-3.20585,3.90997,1.6588,0.0926635, 0.00720681, 0.0902134, 0.991576
7718,-3.20527,3.91089,1.65888,0.0926856, 0.00712759, 0.0911338, 0.99149
7719,-3.20469,3.9118,1.65896,0.0927127, 0.00703797, 0.0920412, 0.991405
7720,-3.20413,3.9127,1.65903,0.0927503, 0.0069476, 0.0929669, 0.991315
7721,-3.20356,3.91358,1.65911,0.0927962, 0.0068688, 0.0938775, 0.991226
7722,-3.203,3.91445,1.65918,0.0928446, 0.00677635, 0.0947787, 0.991136
7723,-3.20244,3.91531,1.65925,0.092874, 0.00667251, 0.0956817, 0.991047
7724,-3.20189,3.91615,1.65932,0.0928811, 0.0065505, 0.096598, 0.990959
7725,-3.2078,3.92585,1.66019,0.0929547, 0.00665008, 0.0966833, 0.990943
7726,-3.20727,3.92671,1.66023,0.0929578, 0.00652806, 0.0976089, 0.990853
7727,-3.20674,3.92756,1.66027,0.0929659, 0.00638226, 0.0985068, 0.990764
7728,-3.20621,3.9284,1.66031,0.0929664, 0.00621624, 0.0994401, 0.990672
7729,-3.20569,3.92923,1.66034,0.0929729, 0.0060302, 0.100378, 0.990578
7730,-3.20518,3.93005,1.66037,0.0929846, 0.00581812, 0.101327, 0.990481
7731,-3.20467,3.93085,1.6604,0.0929932, 0.0055957, 0.102268, 0.990385
7732,-3.20417,3.93165,1.66042,0.0929765, 0.00535864, 0.103222, 0.990289
7733,-3.20367,3.93243,1.66045,0.092961, 0.00512228, 0.104185, 0.990191
7734,-3.20317,3.9332,1.66046,0.0929485, 0.00489458, 0.105159, 0.99009
7735,-3.20268,3.93396,1.66048,0.0929365, 0.00468437, 0.106147, 0.989987
7736,-3.2091,3.94418,1.66143,0.0929521, 0.00476136, 0.106064, 0.989994
7737,-3.20863,3.94496,1.66143,0.092948, 0.00456424, 0.107051, 0.989889
7738,-3.20815,3.94573,1.66143,0.0929228, 0.00437691, 0.108052, 0.989783
7739,-3.20767,3.9465,1.66144,0.0928803, 0.00421193, 0.109068, 0.989677
7740,-3.20718,3.94726,1.66146,0.0928309, 0.0040479, 0.110079, 0.98957
7741,-3.2067,3.94802,1.6615,0.0927373, 0.00388266, 0.111123, 0.989463
7742,-3.20621,3.94877,1.66154,0.0926355, 0.00371915, 0.112167, 0.989355
7743,-3.20571,3.94953,1.6616,0.0925164, 0.00355272, 0.113222, 0.989247
7744,-3.21198,3.95895,1.6626,0.092542, 0.00358245, 0.11332, 0.989233
7745,-3.2115,3.95974,1.66265,0.0923933, 0.00339474, 0.114378, 0.989126
7746,-3.21103,3.96053,1.6627,0.0922394, 0.00321541, 0.115441, 0.989017
7747,-3.21056,3.96132,1.66276,0.0920729, 0.00305147, 0.11651, 0.988908
7748,-3.21009,3.96211,1.66283,0.0918997, 0.00288664, 0.117581, 0.988798
7749,-3.20961,3.96288,1.66291,0.0917377, 0.00275144, 0.118637, 0.988687
7750,-3.20913,3.96365,1.66299,0.0915766, 0.00264274, 0.11967, 0.988578
7751,-3.2149,3.97244,1.66402,0.0916569, 0.00271334, 0.119847, 0.988549
7752,-3.21444,3.97324,1.6641,0.0914936, 0.00264665, 0.120858, 0.988441
7753,-3.21398,3.97403,1.66419,0.0913253, 0.00258749, 0.121869, 0.988332
7754,-3.21352,3.9748,1.66428,0.0911988, 0.00255804, 0.122862, 0.988221
7755,-3.21305,3.97557,1.66438,0.0910794, 0.00254699, 0.12384, 0.98811
7756,-3.21258,3.97633,1.66449,0.0909862, 0.00254007, 0.124809, 0.987997
7757,-3.2121,3.97708,1.66461,0.0909159, 0.00255356, 0.125764, 0.987882
7758,-3.21163,3.97783,1.66474,0.090869, 0.00256177, 0.126705, 0.987766
7759,-3.21723,3.98618,1.66566,0.0910206, 0.00266718, 0.126762, 0.987745
7760,-3.21678,3.98695,1.66578,0.0909857, 0.00266634, 0.127685, 0.987629
7761,-3.21632,3.9877,1.66591,0.0909554, 0.00265077, 0.128599, 0.987513
7762,-3.21587,3.98845,1.66605,0.0909042, 0.00262045, 0.129511, 0.987399
7763,-3.21542,3.98919,1.66619,0.0908389, 0.00257431, 0.130429, 0.987284
7764,-3.21498,3.98993,1.66634,0.0907506, 0.00251966, 0.131348, 0.987171
7765,-3.21454,3.99067,1.66648,0.0906444, 0.00244805, 0.132264, 0.987058
7766,-3.21412,3.99141,1.66663,0.0904976, 0.00237771, 0.133195, 0.986947
7767,-3.21971,3.99947,1.66768,0.0906339, 0.00247376, 0.133239, 0.986928
7768,-3.21931,4.00024,1.6678,0.0904307, 0.00239529, 0.134174, 0.98682
7769,-3.21892,4.001,1.66792,0.0901977, 0.00231862, 0.135104, 0.986715
7770,-3.21855,4.00177,1.66804,0.0899376, 0.00222258, 0.136058, 0.986608
7771,-3.21818,4.00253,1.66815,0.0896498, 0.00212057, 0.137036, 0.986499
7772,-3.21783,4.00329,1.66826,0.0893632, 0.00203039, 0.138004, 0.98639
7773,-3.21748,4.00404,1.66837,0.0890856, 0.00195075, 0.138974, 0.986279
7774,-3.2226,4.01229,1.66914,0.0892274, 0.00207987, 0.139176, 0.986237
7775,-3.22227,4.01308,1.66923,0.088972, 0.00197458, 0.140163, 0.986121
7776,-3.22196,4.01385,1.66932,0.0887376, 0.00190053, 0.141151, 0.986001
7777,-3.22165,4.01462,1.66941,0.0885428, 0.00181798, 0.142161, 0.985874
7778,-3.22135,4.01537,1.6695,0.0883908, 0.001755, 0.143173, 0.985741
7779,-3.22565,4.02284,1.67014,0.088602, 0.00189915, 0.143243, 0.985712
7780,-3.22537,4.02361,1.67022,0.0884743, 0.00185312, 0.144252, 0.985576
7781,-3.22508,4.02436,1.6703,0.088393, 0.00182007, 0.145253, 0.985436
7782,-3.2248,4.0251,1.67038,0.0883582, 0.00179709, 0.146263, 0.98529
7783,-3.22877,4.03158,1.67105,0.0886109, 0.00191198, 0.146577, 0.985221
7784,-3.22851,4.03234,1.67113,0.0885916, 0.00189158, 0.14761, 0.985068
7785,-3.22825,4.03308,1.67122,0.0886024, 0.00185787, 0.148632, 0.984914
7786,-3.22799,4.0338,1.6713,0.0885999, 0.0018209, 0.149682, 0.984755
7787,-3.22774,4.03452,1.67138,0.0885916, 0.00178517, 0.150738, 0.984594
7788,-3.2275,4.03523,1.67146,0.0885763, 0.00175913, 0.15181, 0.984431
7789,-3.22727,4.03594,1.67154,0.0885563, 0.00171686, 0.152905, 0.984264
7790,-3.22704,4.03664,1.67162,0.0885369, 0.00167847, 0.154002, 0.984094
7791,-3.22681,4.03734,1.67169,0.0885132, 0.00164993, 0.155102, 0.983924
7792,-3.2266,4.03804,1.67176,0.0884895, 0.00161105, 0.156212, 0.98375
7793,-3.22638,4.03873,1.67183,0.0884675, 0.00158449, 0.157339, 0.983573
7794,-3.23094,4.04609,1.67264,0.0887167, 0.00185597, 0.157468, 0.983529
7795,-3.23073,4.0468,1.67268,0.0886913, 0.00184143, 0.158616, 0.983347
7796,-3.23051,4.04751,1.67271,0.0886703, 0.00183379, 0.159756, 0.983164
7797,-3.2303,4.04822,1.67274,0.088625, 0.00185899, 0.160894, 0.982983
7798,-3.23008,4.04893,1.67277,0.0885845, 0.00192788, 0.162036, 0.982799
7799,-3.22987,4.04964,1.67279,0.0885241, 0.00203031, 0.163146, 0.98262
7800,-3.22965,4.05035,1.67281,0.0884572, 0.00217055, 0.16426, 0.98244
7801,-3.22943,4.05107,1.67283,0.088415, 0.00233321, 0.165352, 0.982261
7802,-3.22921,4.05179,1.67285,0.0883428, 0.00252341, 0.166428, 0.982085
7803,-3.22899,4.05251,1.67286,0.0882713, 0.00272475, 0.167502, 0.981908
7804,-3.22877,4.05324,1.67287,0.0882081, 0.00293345, 0.168556, 0.981733
7805,-3.23394,4.06155,1.67376,0.0883524, 0.00318033, 0.168467, 0.981734
7806,-3.23372,4.06229,1.67374,0.0882851, 0.00338204, 0.169528, 0.981557
7807,-3.2335,4.06304,1.67372,0.0882244, 0.00358452, 0.170578, 0.98138
7808,-3.23329,4.06378,1.67369,0.0881487, 0.00377098, 0.171641, 0.981201
7809,-3.23309,4.06452,1.67366,0.0880679, 0.0039488, 0.172685, 0.981024
7810,-3.2329,4.06526,1.67363,0.0879895, 0.00412848, 0.173713, 0.980849
7811,-3.23271,4.066,1.67359,0.0879093, 0.00429523, 0.174744, 0.980672
7812,-3.23254,4.06673,1.67354,0.0878216, 0.00444139, 0.175794, 0.980492
7813,-3.23776,4.07487,1.67453,0.0879198, 0.00459504, 0.175888, 0.980465
7814,-3.23761,4.07563,1.67446,0.0878306, 0.00475161, 0.176908, 0.980289
7815,-3.23746,4.0764,1.67439,0.0877164, 0.00490498, 0.177914, 0.980117
7816,-3.23732,4.07717,1.67431,0.0875968, 0.00505121, 0.178913, 0.979945
7817,-3.2372,4.07794,1.67424,0.0874492, 0.00519643, 0.179881, 0.97978
7818,-3.23708,4.07871,1.67415,0.0872778, 0.00533933, 0.180842, 0.979617
7819,-3.23698,4.07948,1.67407,0.0870846, 0.00548415, 0.181782, 0.97946
7820,-3.24197,4.08741,1.67508,0.0871517, 0.00562745, 0.181944, 0.979423
7821,-3.24189,4.08823,1.67498,0.0869361, 0.00577051, 0.182872, 0.979269
7822,-3.24182,4.08904,1.67489,0.086707, 0.00589992, 0.183772, 0.97912
7823,-3.24176,4.08986,1.67479,0.0864697, 0.00603765, 0.184652, 0.978974
7824,-3.24171,4.09067,1.67469,0.0862166, 0.00615944, 0.185511, 0.978833
7825,-3.24167,4.09149,1.6746,0.0859384, 0.00627909, 0.186356, 0.978696
7826,-3.24164,4.09229,1.6745,0.0856654, 0.00638605, 0.187186, 0.978561
7827,-3.24163,4.0931,1.6744,0.0853843, 0.00648657, 0.187995, 0.97843
7828,-3.24663,4.10092,1.67552,0.0854673, 0.00662877, 0.188048, 0.978412
7829,-3.24663,4.10175,1.6754,0.0852022, 0.00672409, 0.188842, 0.978281
7830,-3.24664,4.10257,1.67529,0.0849313, 0.00681502, 0.189625, 0.978153
7831,-3.24666,4.10339,1.67518,0.0846829, 0.00690844, 0.190399, 0.978023
7832,-3.2467,4.1042,1.67507,0.0844502, 0.0069839, 0.191149, 0.977896
7833,-3.24674,4.10499,1.67496,0.0842435, 0.00705893, 0.191884, 0.97777
7834,-3.24679,4.10578,1.67485,0.0840585, 0.00712125, 0.192579, 0.977649
7835,-3.24685,4.10654,1.67474,0.0838975, 0.00717863, 0.19326, 0.977528
7836,-3.25198,4.11426,1.67596,0.0840049, 0.00730209, 0.193272, 0.977515
7837,-3.25206,4.11505,1.67584,0.0838658, 0.00736551, 0.193948, 0.977393
7838,-3.25215,4.11582,1.67572,0.0837451, 0.00743902, 0.194612, 0.977271
7839,-3.25224,4.11657,1.6756,0.083636, 0.00750188, 0.195268, 0.977149
7840,-3.25234,4.11731,1.67548,0.0835572, 0.00757566, 0.195915, 0.977025
7841,-3.25245,4.11804,1.67536,0.0834998, 0.00765837, 0.19654, 0.976904
7842,-3.25256,4.11875,1.67525,0.0834709, 0.00774062, 0.197157, 0.976781
7843,-3.25773,4.12644,1.67646,0.0835593, 0.00783371, 0.197243, 0.976756
7844,-3.25787,4.12717,1.67633,0.0835152, 0.0079117, 0.197843, 0.976638
7845,-3.25801,4.12789,1.67621,0.0834448, 0.00799304, 0.198436, 0.976523
7846,-3.25817,4.1286,1.67609,0.0833601, 0.00807805, 0.199017, 0.976411
7847,-3.25833,4.1293,1.67597,0.0832812, 0.00817575, 0.199575, 0.976303
7848,-3.2585,4.12999,1.67586,0.0832198, 0.00826055, 0.200135, 0.976193
7849,-3.25869,4.13067,1.67576,0.08316, 0.00833699, 0.2007, 0.976081
7850,-3.25888,4.13135,1.67567,0.0831112, 0.0083999, 0.201242, 0.975973
7851,-3.26404,4.13904,1.67688,0.0832272, 0.00851043, 0.201255, 0.97596
7852,-3.26425,4.13973,1.67678,0.0831799, 0.00855347, 0.201793, 0.975852
7853,-3.26448,4.14042,1.6767,0.0831309, 0.00858475, 0.202337, 0.975743
7854,-3.26472,4.1411,1.67663,0.0831068, 0.00859298, 0.202892, 0.97563
7855,-3.26498,4.14177,1.67657,0.0831142, 0.00860672, 0.203442, 0.975515
7856,-3.26524,4.14242,1.67652,0.0831388, 0.00861638, 0.20397, 0.975402
7857,-3.26551,4.14306,1.67647,0.0831778, 0.00864138, 0.204498, 0.975288
7858,-3.26579,4.14368,1.67644,0.0832334, 0.0086651, 0.205018, 0.975174
7859,-3.27161,4.15126,1.67722,0.0834433, 0.00871887, 0.204921, 0.975176
7860,-3.27191,4.1519,1.67717,0.0835294, 0.00875274, 0.205427, 0.975062
7861,-3.27223,4.15251,1.67714,0.0836301, 0.00876946, 0.205915, 0.97495
7862,-3.27255,4.15311,1.67712,0.0837336, 0.00876588, 0.206407, 0.974837
7863,-3.27825,4.15979,1.67757,0.0839362, 0.00870793, 0.206474, 0.974806
7864,-3.27862,4.16041,1.67755,0.0840483, 0.00869546, 0.206963, 0.974693
7865,-3.279,4.16101,1.67755,0.084155, 0.00867122, 0.207432, 0.974584
7866,-3.27939,4.1616,1.67756,0.0842626, 0.00862851, 0.207928, 0.97447
7867,-3.2798,4.16218,1.67758,0.0843471, 0.00858571, 0.20843, 0.974356
7868,-3.28023,4.16275,1.67762,0.0844433, 0.00851909, 0.208937, 0.974239
7869,-3.28067,4.16331,1.67767,0.0845293, 0.0084627, 0.209442, 0.974124
7870,-3.28112,4.16386,1.67774,0.0846123, 0.00837396, 0.209981, 0.974001
7871,-3.28684,4.17073,1.67835,0.0848521, 0.00840671, 0.210003, 0.973975
7872,-3.28732,4.1713,1.67842,0.0849264, 0.00833319, 0.210534, 0.973855
7873,-3.2878,4.17186,1.6785,0.0850109, 0.00826275, 0.211069, 0.973732
7874,-3.28829,4.17241,1.6786,0.0850995, 0.00822245, 0.211629, 0.973604
7875,-3.28879,4.17295,1.67871,0.0851895, 0.00821247, 0.212189, 0.973474
7876,-3.28928,4.17348,1.67884,0.0852887, 0.00823621, 0.212732, 0.973346
7877,-3.28978,4.17401,1.67898,0.0853935, 0.00828988, 0.213289, 0.973215
7878,-3.29027,4.17452,1.67913,0.0855219, 0.00837269, 0.213824, 0.973085
7879,-3.29077,4.17501,1.67929,0.0856678, 0.00846144, 0.21438, 0.972949
7880,-3.29126,4.1755,1.67947,0.085842, 0.00857671, 0.214924, 0.972813
7881,-3.29176,4.17597,1.67965,0.0860308, 0.00869311, 0.215461, 0.972677
7882,-3.29813,4.18404,1.68036,0.0861837, 0.00879113, 0.215213, 0.972717
7883,-3.29864,4.18453,1.68052,0.086389, 0.00891234, 0.215765, 0.972575
7884,-3.29915,4.18499,1.6807,0.0866036, 0.00902329, 0.216302, 0.972436
7885,-3.29967,4.18545,1.68087,0.0868278, 0.00913262, 0.21685, 0.972293
7886,-3.3002,4.18589,1.68104,0.0870644, 0.00923018, 0.217377, 0.972153
7887,-3.30073,4.18631,1.68122,0.0873165, 0.00932352, 0.217928, 0.972006
7888,-3.30127,4.18672,1.6814,0.0875787, 0.00940347, 0.218455, 0.971864
7889,-3.30759,4.19476,1.68238,0.0876721, 0.00938651, 0.218508, 0.971843
7890,-3.30817,4.19519,1.68255,0.0879218, 0.00943647, 0.219048, 0.971699
7891,-3.30877,4.19561,1.68272,0.0881672, 0.00946857, 0.219592, 0.971554
7892,-3.30937,4.19601,1.68289,0.0883837, 0.00948982, 0.220139, 0.97141
7893,-3.30998,4.19641,1.68305,0.0885635, 0.00946829, 0.220703, 0.971266
7894,-3.31061,4.1968,1.68322,0.0887342, 0.00944388, 0.221276, 0.97112
7895,-3.31124,4.19718,1.68339,0.0888751, 0.00939511, 0.221846, 0.970978
7896,-3.31189,4.19756,1.68356,0.0889842, 0.00934848, 0.222419, 0.970837
7897,-3.31807,4.20563,1.68445,0.0890491, 0.00936894, 0.222393, 0.970837
7898,-3.31874,4.20605,1.6846,0.0891294, 0.00931075, 0.222974, 0.970696
7899,-3.31942,4.20646,1.68476,0.0891682, 0.00924956, 0.223559, 0.970559
7900,-3.3201,4.20687,1.68492,0.0891902, 0.00920281, 0.224125, 0.970427
7901,-3.32079,4.20727,1.68508,0.0892011, 0.00915125, 0.224686, 0.970297
7902,-3.32148,4.20767,1.68524,0.0892085, 0.00909608, 0.225261, 0.970163
7903,-3.32216,4.20806,1.6854,0.0892002, 0.00905558, 0.225847, 0.970028
7904,-3.32285,4.20845,1.68557,0.0891841, 0.009002, 0.226421, 0.969896
7905,-3.32862,4.2165,1.68649,0.0892549, 0.00907001, 0.226423, 0.969889
7906,-3.32932,4.21691,1.68664,0.0892514, 0.00905656, 0.22698, 0.969759
7907,-3.33001,4.21732,1.68679,0.0892425, 0.0090432, 0.227537, 0.969629
7908,-3.3307,4.21771,1.68694,0.0892486, 0.0090717, 0.228066, 0.969504
7909,-3.33139,4.21808,1.6871,0.0892641, 0.00911269, 0.228589, 0.969379
7910,-3.33207,4.21844,1.68726,0.0892957, 0.00917305, 0.229091, 0.969257
7911,-3.33274,4.21878,1.68743,0.089354, 0.00924777, 0.229581, 0.969135
7912,-3.33802,4.22681,1.68841,0.0894135, 0.00935687, 0.229673, 0.969107
7913,-3.3387,4.22718,1.68857,0.0894621, 0.00945587, 0.230157, 0.968987
7914,-3.33937,4.22752,1.68872,0.0895199, 0.00957853, 0.230647, 0.968864
7915,-3.34003,4.22785,1.68888,0.0895977, 0.0097038, 0.23113, 0.96874
7916,-3.34069,4.22817,1.68904,0.0896903, 0.00981945, 0.231592, 0.96862
7917,-3.34134,4.22846,1.68919,0.0898037, 0.0099385, 0.232056, 0.968497
7918,-3.34198,4.22874,1.68935,0.089905, 0.0100514, 0.232525, 0.968374
7919,-3.34262,4.22899,1.68951,0.0900022, 0.0101643, 0.232984, 0.968253
7920,-3.34761,4.23707,1.69063,0.0900491, 0.0103132, 0.233017, 0.96824
7921,-3.34826,4.23735,1.69077,0.0901289, 0.0104135, 0.233477, 0.96812
7922,-3.3489,4.23761,1.69091,0.0902134, 0.0105166, 0.233949, 0.967997
7923,-3.34953,4.23786,1.69105,0.0902856, 0.0106149, 0.234397, 0.967881
7924,-3.35017,4.23809,1.69118,0.0903622, 0.0107113, 0.234861, 0.96776
7925,-3.3508,4.23831,1.69131,0.0904542, 0.0107886, 0.235333, 0.967636
7926,-3.35142,4.23851,1.69144,0.0905652, 0.010866, 0.235811, 0.967509
7927,-3.35204,4.23869,1.69157,0.0906493, 0.0109478, 0.236273, 0.967387
7928,-3.35266,4.23885,1.69169,0.0907411, 0.0110355, 0.236766, 0.967257
7929,-3.35327,4.23899,1.69182,0.0908516, 0.0111138, 0.237261, 0.967124
7930,-3.35387,4.23911,1.69194,0.0909416, 0.011203, 0.237762, 0.966992
7931,-3.35919,4.24813,1.69318,0.0909554, 0.0114341, 0.237789, 0.966981
7932,-3.35978,4.24827,1.69328,0.0910632, 0.0115285, 0.238295, 0.966846
7933,-3.36036,4.2484,1.69338,0.0911609, 0.0116358, 0.238812, 0.966707
7934,-3.36094,4.2485,1.69347,0.091262, 0.0117449, 0.239349, 0.966564
7935,-3.36151,4.24859,1.69357,0.091364, 0.0118606, 0.239904, 0.966415
7936,-3.36207,4.24866,1.69367,0.0914789, 0.0119668, 0.240491, 0.966257
7937,-3.36262,4.24872,1.69378,0.0915994, 0.0120653, 0.2411, 0.966093
7938,-3.36317,4.24876,1.69388,0.0917322, 0.0121523, 0.24173, 0.965921
7939,-3.36371,4.24878,1.69399,0.0918763, 0.0122241, 0.242405, 0.965738
7940,-3.36425,4.24879,1.69411,0.0920681, 0.01229, 0.243105, 0.965542
7941,-3.36478,4.24878,1.69423,0.092251, 0.0123345, 0.243847, 0.965337
7942,-3.37062,4.25869,1.69564,0.0921758, 0.0125086, 0.243879, 0.965334
7943,-3.37114,4.25871,1.69574,0.0923773, 0.0125485, 0.244658, 0.965117
7944,-3.37165,4.25872,1.69584,0.0926013, 0.0125954, 0.245467, 0.96489
7945,-3.37216,4.25871,1.69595,0.0928361, 0.0126513, 0.246323, 0.964648
7946,-3.37266,4.25868,1.69607,0.0930824, 0.012693, 0.247198, 0.9644
7947,-3.37315,4.25864,1.69619,0.093329, 0.0127355, 0.248135, 0.964135
7948,-3.37363,4.25858,1.69631,0.0935708, 0.0127736, 0.249104, 0.963861
7949,-3.37411,4.25851,1.69644,0.0938177, 0.0128068, 0.250092, 0.963581
7950,-3.37971,4.26797,1.69804,0.0937522, 0.0128999, 0.25035, 0.963519
7951,-3.38019,4.26794,1.69815,0.0939945, 0.0129226, 0.251377, 0.963228
7952,-3.38066,4.2679,1.69826,0.0942302, 0.0129425, 0.252429, 0.962929
7953,-3.38113,4.26785,1.69838,0.0944564, 0.0129646, 0.25353, 0.962618
7954,-3.38598,4.27573,1.69969,0.0944684, 0.0129688, 0.253812, 0.962542
7955,-3.38646,4.27573,1.6998,0.0946761, 0.0129716, 0.254919, 0.962229
7956,-3.38694,4.27572,1.69991,0.0948706, 0.0129756, 0.256062, 0.961906
7957,-3.38742,4.2757,1.70002,0.0950439, 0.0129767, 0.257191, 0.961588
7958,-3.39156,4.28257,1.70129,0.095146, 0.0130227, 0.257709, 0.961438
7959,-3.39204,4.2826,1.70139,0.0953052, 0.0130182, 0.258869, 0.961111
7960,-3.39252,4.28263,1.7015,0.0954253, 0.01301, 0.260044, 0.960782
7961,-3.39299,4.28265,1.7016,0.0955181, 0.0129897, 0.261224, 0.960453
7962,-3.39346,4.28268,1.7017,0.0955772, 0.0129618, 0.262403, 0.960126
7963,-3.39392,4.28271,1.7018,0.0955966, 0.0129272, 0.263596, 0.959798
7964,-3.39437,4.28274,1.7019,0.095578, 0.0128903, 0.26479, 0.959471
7965,-3.39481,4.28277,1.70199,0.0954922, 0.0128276, 0.265975, 0.959153
7966,-3.39903,4.28991,1.70321,0.0955569, 0.0129754, 0.266216, 0.959077
7967,-3.39947,4.28998,1.70328,0.0954268, 0.0129242, 0.267399, 0.958762
7968,-3.39991,4.29006,1.70334,0.0952573, 0.0128657, 0.268572, 0.958452
7969,-3.40034,4.29014,1.70341,0.0950379, 0.0127836, 0.269745, 0.958145
7970,-3.40077,4.29022,1.70347,0.094786, 0.0127084, 0.270925, 0.957838
7971,-3.4012,4.29029,1.70352,0.0944807, 0.0126328, 0.272083, 0.957541
7972,-3.40162,4.29037,1.70358,0.0941729, 0.0125509, 0.273241, 0.957243
7973,-3.40205,4.29044,1.70365,0.0938727, 0.0124665, 0.274391, 0.956944
7974,-3.40688,4.29785,1.70464,0.0939262, 0.0125733, 0.274547, 0.956893
7975,-3.40731,4.29795,1.7047,0.0936219, 0.0124778, 0.275709, 0.95659
7976,-3.40773,4.29805,1.70476,0.0933224, 0.0123652, 0.276876, 0.956283
7977,-3.40815,4.29814,1.70485,0.0930219, 0.012222, 0.27804, 0.955977
7978,-3.40856,4.29822,1.70494,0.092716, 0.0120582, 0.279212, 0.955667
7979,-3.40897,4.2983,1.70505,0.0924296, 0.0118664, 0.280359, 0.955361
7980,-3.40938,4.29836,1.70517,0.0921527, 0.0116784, 0.281523, 0.955048
7981,-3.41506,4.30543,1.70579,0.0922457, 0.0116639, 0.281719, 0.954981
7982,-3.41548,4.30552,1.7059,0.0919818, 0.011472, 0.282902, 0.954659
7983,-3.41589,4.30559,1.70601,0.0917458, 0.0112982, 0.284071, 0.954337
7984,-3.41629,4.30566,1.70614,0.0915227, 0.011151, 0.285235, 0.954013
7985,-3.41668,4.3057,1.70626,0.0912839, 0.0110183, 0.286402, 0.953687
7986,-3.41706,4.30574,1.7064,0.0910318, 0.0108984, 0.287555, 0.953366
7987,-3.41743,4.30576,1.70654,0.0907966, 0.0108094, 0.2887, 0.953043
7988,-3.4178,4.30576,1.70669,0.0905647, 0.0107416, 0.289839, 0.95272
7989,-3.42356,4.31266,1.70715,0.0906692, 0.0107659, 0.289951, 0.952676
7990,-3.42392,4.31268,1.70728,0.0904367, 0.0107088, 0.291091, 0.952351
7991,-3.42428,4.31269,1.70741,0.0902079, 0.0106624, 0.292219, 0.952028
7992,-3.42463,4.31269,1.70755,0.089965, 0.0106147, 0.293372, 0.951696
7993,-3.42497,4.31267,1.7077,0.0897319, 0.0105656, 0.294543, 0.951357
7994,-3.42531,4.31264,1.70784,0.089519, 0.0105118, 0.295739, 0.951007
7995,-3.42564,4.31259,1.708,0.0893183, 0.0104443, 0.296942, 0.950652
7996,-3.42598,4.31253,1.70815,0.0891222, 0.0103651, 0.298165, 0.950288
7997,-3.42631,4.31245,1.7083,0.088918, 0.0102646, 0.299421, 0.949913
7998,-3.42664,4.31235,1.70846,0.0887423, 0.0101685, 0.30071, 0.949524
7999,-3.42697,4.31223,1.70861,0.0885718, 0.0100584, 0.302016, 0.949126
8000,-3.43293,4.32027,1.70926,0.0885903, 0.0101472, 0.30235, 0.949017
8001,-3.43326,4.32017,1.70939,0.0884342, 0.0100351, 0.303664, 0.948613
8002,-3.43359,4.32006,1.70953,0.088307, 0.00990378, 0.305011, 0.948194
8003,-3.43392,4.31992,1.70966,0.0881865, 0.0097763, 0.306368, 0.947769
8004,-3.43425,4.31978,1.70979,0.0880805, 0.00964406, 0.307765, 0.947327
8005,-3.43457,4.31961,1.70992,0.0879674, 0.00951519, 0.309176, 0.94688
8006,-3.43489,4.31944,1.71005,0.0878757, 0.00939106, 0.31061, 0.94642
8007,-3.43521,4.31925,1.71018,0.0877785, 0.00927386, 0.312055, 0.945955
8008,-3.43552,4.31904,1.71031,0.0877059, 0.00915793, 0.313498, 0.945486
8009,-3.43583,4.31883,1.71044,0.0876432, 0.00906513, 0.314954, 0.945008
8010,-3.43613,4.3186,1.71058,0.0876087, 0.00899099, 0.31643, 0.944519
8011,-3.44231,4.32795,1.71152,0.0875252, 0.009114, 0.316555, 0.944483
8012,-3.44261,4.32777,1.71163,0.0875099, 0.00903314, 0.318022, 0.943993
8013,-3.44291,4.32757,1.71174,0.0875133, 0.00893753, 0.319487, 0.943499
8014,-3.4432,4.32736,1.71186,0.0875286, 0.00885147, 0.320953, 0.943
8015,-3.44349,4.32715,1.71197,0.0875679, 0.00876131, 0.322399, 0.942504
8016,-3.44378,4.32693,1.7121,0.0876068, 0.00867265, 0.323828, 0.942011
8017,-3.44407,4.3267,1.71222,0.0876436, 0.00856938, 0.325254, 0.941518
8018,-3.44437,4.32646,1.71234,0.0876797, 0.00844204, 0.326692, 0.941017
8019,-3.45039,4.33585,1.7135,0.0875426, 0.00850986, 0.326969, 0.940933
8020,-3.4507,4.33567,1.71361,0.0875652, 0.0083854, 0.328404, 0.940432
8021,-3.45101,4.33548,1.71373,0.0875603, 0.00825774, 0.329846, 0.939929
8022,-3.45133,4.33529,1.71384,0.087523, 0.00812323, 0.33127, 0.939433
8023,-3.45165,4.33511,1.71395,0.0874581, 0.00799031, 0.332694, 0.938936
8024,-3.45197,4.33493,1.71406,0.0873518, 0.0078116, 0.334163, 0.938426
8025,-3.4523,4.33475,1.71417,0.0872056, 0.00764338, 0.33561, 0.937925
8026,-3.45802,4.34391,1.71539,0.0870395, 0.00769943, 0.336005, 0.937798
8027,-3.45837,4.3438,1.71549,0.0868574, 0.00754575, 0.337435, 0.937303
8028,-3.45873,4.34371,1.71559,0.0866327, 0.00738321, 0.338886, 0.936801
8029,-3.4591,4.34362,1.7157,0.086389, 0.00723313, 0.340343, 0.936297
8030,-3.45947,4.34353,1.7158,0.0861162, 0.00709256, 0.341798, 0.935792
8031,-3.45985,4.34345,1.71591,0.0858355, 0.00694935, 0.343266, 0.935282
8032,-3.46023,4.34337,1.71601,0.085531, 0.00683223, 0.344726, 0.934774
8033,-3.46062,4.34329,1.71612,0.0852266, 0.00672099, 0.3462, 0.934257
8034,-3.46613,4.3523,1.71741,0.0850536, 0.00683375, 0.346516, 0.934155
8035,-3.46653,4.35228,1.71751,0.0847421, 0.00673315, 0.348001, 0.933632
8036,-3.46693,4.35226,1.71761,0.0844133, 0.00663138, 0.349506, 0.9331
8037,-3.46734,4.35223,1.71772,0.0840754, 0.00653031, 0.351012, 0.932566
8038,-3.47206,4.35981,1.719,0.0840468, 0.00655946, 0.35126, 0.932475
8039,-3.4725,4.35983,1.71911,0.0837098, 0.00645405, 0.352786, 0.93193
8040,-3.47293,4.35986,1.71921,0.0833616, 0.00634891, 0.354293, 0.93139
8041,-3.47338,4.35988,1.71931,0.0830022, 0.00622628, 0.355819, 0.930841
8042,-3.47382,4.35989,1.71941,0.0826452, 0.00610292, 0.357364, 0.930282
8043,-3.4785,4.3661,1.72009,0.0827929, 0.00610676, 0.357672, 0.93015
8044,-3.47897,4.36615,1.72018,0.0824013, 0.00596373, 0.359235, 0.929583
8045,-3.47944,4.36619,1.72027,0.0820124, 0.00583064, 0.360809, 0.929008
8046,-3.47992,4.36623,1.72035,0.0816161, 0.00568892, 0.3624, 0.928425
8047,-3.48041,4.36626,1.72043,0.0812151, 0.00555172, 0.363984, 0.927841
8048,-3.48089,4.36629,1.7205,0.0808106, 0.00542195, 0.365581, 0.927249
8049,-3.48138,4.36632,1.72057,0.0804035, 0.00530431, 0.367191, 0.926649
8050,-3.48188,4.36633,1.72064,0.0799929, 0.00519142, 0.368798, 0.926047
8051,-3.48237,4.36634,1.7207,0.0795951, 0.00509435, 0.370428, 0.925431
8052,-3.48287,4.36635,1.72076,0.0791852, 0.00499804, 0.37206, 0.924811
8053,-3.48336,4.36634,1.72081,0.0787811, 0.00491197, 0.373685, 0.924191
8054,-3.48943,4.3729,1.72083,0.0788896, 0.00497482, 0.373921, 0.924086
8055,-3.48993,4.37292,1.72085,0.078499, 0.00489876, 0.375572, 0.92345
8056,-3.49042,4.37293,1.72087,0.0781094, 0.00482318, 0.377221, 0.922811
8057,-3.49092,4.37294,1.72089,0.0777357, 0.00476526, 0.378857, 0.922172
8058,-3.49141,4.37293,1.7209,0.0773694, 0.0047043, 0.380514, 0.921521
8059,-3.49191,4.37292,1.7209,0.0769979, 0.00465436, 0.382185, 0.920861
8060,-3.4924,4.37289,1.7209,0.0766512, 0.00461927, 0.38387, 0.920189
8061,-3.4929,4.37286,1.72089,0.0763096, 0.00458448, 0.385559, 0.919511
8062,-3.49339,4.37281,1.72088,0.0759559, 0.00455598, 0.387268, 0.918822
8063,-3.49389,4.37276,1.72086,0.0756208, 0.00452819, 0.389009, 0.918114
8064,-3.4944,4.37269,1.72084,0.0752821, 0.00449952, 0.390726, 0.917412
8065,-3.50143,4.37974,1.72103,0.0753612, 0.00450305, 0.390658, 0.917435
8066,-3.50194,4.37971,1.72099,0.0750346, 0.00448744, 0.392399, 0.916718
8067,-3.50246,4.37966,1.72094,0.0747038, 0.0044428, 0.394154, 0.915993
8068,-3.50298,4.37961,1.72089,0.07438, 0.00439694, 0.395923, 0.915256
8069,-3.5035,4.37955,1.72083,0.0740571, 0.00433752, 0.397702, 0.914511
8070,-3.50404,4.37948,1.72078,0.0737409, 0.00427463, 0.399488, 0.913758
8071,-3.50457,4.3794,1.72072,0.0734197, 0.00419773, 0.401294, 0.912992
8072,-3.51152,4.38613,1.72107,0.0734613, 0.00409573, 0.401519, 0.91289
8073,-3.51209,4.38609,1.72099,0.0731492, 0.00402879, 0.403339, 0.912113
8074,-3.51267,4.38603,1.72091,0.0728576, 0.00395133, 0.405149, 0.911334
8075,-3.51326,4.38597,1.72083,0.0725561, 0.00388145, 0.406973, 0.910546
8076,-3.51385,4.3859,1.72074,0.0722556, 0.00381468, 0.4088, 0.909751
8077,-3.51444,4.38582,1.72066,0.0719549, 0.00374635, 0.410644, 0.908944
8078,-3.51504,4.38573,1.72059,0.0716649, 0.00368284, 0.412488, 0.908132
8079,-3.51564,4.38564,1.72051,0.0713757, 0.00361526, 0.414351, 0.907307
8080,-3.52231,4.39244,1.72088,0.0714378, 0.00357269, 0.414471, 0.907247
8081,-3.52294,4.39238,1.72079,0.071161, 0.00351537, 0.416329, 0.906418
8082,-3.52357,4.39231,1.7207,0.0708752, 0.00346465, 0.418182, 0.905587
8083,-3.52421,4.39224,1.72062,0.070599, 0.00342374, 0.420041, 0.904749
8084,-3.52485,4.39217,1.72054,0.0703221, 0.00339405, 0.421884, 0.903912
8085,-3.52549,4.39209,1.72047,0.0700507, 0.00338089, 0.423717, 0.903075
8086,-3.52614,4.39202,1.7204,0.0697835, 0.00337981, 0.425553, 0.902232
8087,-3.52679,4.39193,1.72034,0.069522, 0.00338981, 0.427358, 0.901399
8088,-3.53323,4.39871,1.72071,0.0695981, 0.0033888, 0.427418, 0.901365
8089,-3.5339,4.39866,1.72064,0.0693366, 0.00341254, 0.429234, 0.900522
8090,-3.53457,4.39862,1.72058,0.0690648, 0.00343577, 0.431049, 0.899675
8091,-3.53525,4.39858,1.72052,0.0687869, 0.00346818, 0.432861, 0.898826
8092,-3.53593,4.39853,1.72047,0.0685218, 0.00350235, 0.434653, 0.89798
8093,-3.53662,4.39848,1.72043,0.0682559, 0.00354625, 0.436449, 0.897129
8094,-3.53732,4.39843,1.72039,0.0679987, 0.00359318, 0.438241, 0.896275
8095,-3.54357,4.40507,1.72078,0.0680748, 0.00358242, 0.438403, 0.89619
8096,-3.54429,4.40506,1.72074,0.0678184, 0.00362758, 0.440182, 0.895337
8097,-3.54501,4.40504,1.7207,0.0675813, 0.0036656, 0.441963, 0.894476
8098,-3.54575,4.40501,1.72068,0.0673457, 0.0037129, 0.443731, 0.893618
8099,-3.54649,4.40498,1.72066,0.0671288, 0.00374939, 0.445488, 0.89276
8100,-3.54723,4.40494,1.72064,0.0669271, 0.00379178, 0.447267, 0.891885
8101,-3.54798,4.40489,1.72063,0.0667353, 0.00383836, 0.449036, 0.89101
8102,-3.54874,4.40484,1.72062,0.0665575, 0.0038859, 0.450806, 0.890128
8103,-3.54951,4.40477,1.72062,0.0664256, 0.00394889, 0.452561, 0.889247
8104,-3.55027,4.40469,1.72062,0.06629, 0.00400735, 0.454311, 0.888364
8105,-3.55105,4.4046,1.72062,0.0661747, 0.00407264, 0.456048, 0.887482
8106,-3.55773,4.41224,1.72115,0.0661538, 0.00420749, 0.456302, 0.887353
8107,-3.55851,4.4122,1.72114,0.0660046, 0.0042752, 0.458033, 0.886471
8108,-3.5593,4.41214,1.72114,0.0658537, 0.00436369, 0.459755, 0.88559
8109,-3.56009,4.41209,1.72115,0.065734, 0.00449229, 0.46148, 0.884701
8110,-3.56089,4.41202,1.72117,0.0656049, 0.00463504, 0.46321, 0.883805
8111,-3.5617,4.41196,1.72122,0.0654764, 0.00479657, 0.464935, 0.882907
8112,-3.56252,4.41189,1.7213,0.0653472, 0.00497677, 0.466648, 0.882012
8113,-3.56335,4.41181,1.72141,0.0652139, 0.00514343, 0.468371, 0.881107
8114,-3.56419,4.41174,1.72155,0.0651001, 0.00530892, 0.470106, 0.88019
8115,-3.56505,4.41167,1.72172,0.0650119, 0.00546233, 0.471841, 0.879267
8116,-3.56593,4.4116,1.72191,0.0649284, 0.00557659, 0.473605, 0.878323
8117,-3.57312,4.41962,1.72254,0.064914, 0.00566217, 0.473486, 0.878388
8118,-3.57402,4.41961,1.72274,0.0648392, 0.0057598, 0.47525, 0.877439
8119,-3.57493,4.41959,1.72293,0.0647804, 0.00585251, 0.477013, 0.876486
8120,-3.57585,4.41958,1.72313,0.0647082, 0.00597804, 0.478767, 0.875533
8121,-3.57677,4.41955,1.72334,0.0646544, 0.0061807, 0.480519, 0.874576
8122,-3.57769,4.41952,1.72355,0.0646424, 0.0064573, 0.482242, 0.873626
8123,-3.57862,4.41947,1.72376,0.0646703, 0.00681431, 0.483938, 0.872683
8124,-3.57954,4.41942,1.72399,0.0647223, 0.00722612, 0.48563, 0.871735
8125,-3.58607,4.42737,1.72444,0.0647289, 0.00735529, 0.485679, 0.871706
8126,-3.58701,4.42737,1.72467,0.0647682, 0.00782092, 0.487353, 0.870764
8127,-3.58795,4.42736,1.72492,0.0647906, 0.00829623, 0.488997, 0.869836
8128,-3.5889,4.42735,1.72518,0.0647867, 0.00874686, 0.49065, 0.868901
8129,-3.59426,4.43449,1.72564,0.064865, 0.00874687, 0.490601, 0.868923
8130,-3.59526,4.43454,1.7259,0.0648457, 0.00915389, 0.492247, 0.867988
8131,-3.59628,4.43459,1.72616,0.0648109, 0.00950554, 0.493919, 0.867037
8132,-3.59732,4.43465,1.72643,0.0647545, 0.0098024, 0.495603, 0.866077
8133,-3.59838,4.4347,1.72669,0.0646988, 0.0100499, 0.497274, 0.865119
8134,-3.60273,4.44127,1.72735,0.0647777, 0.0101672, 0.49748, 0.864994
8135,-3.60382,4.44137,1.72761,0.0647052, 0.0103839, 0.499162, 0.864027
8136,-3.60494,4.44146,1.72785,0.0646322, 0.0105881, 0.500842, 0.863058
8137,-3.60609,4.44155,1.72809,0.064563, 0.0108094, 0.502508, 0.86209
8138,-3.60724,4.44162,1.72833,0.0644929, 0.0110491, 0.50415, 0.861134
8139,-3.60842,4.44167,1.72856,0.0644154, 0.0113078, 0.505809, 0.860163
8140,-3.6096,4.44171,1.72878,0.0643277, 0.0115649, 0.50747, 0.859187
8141,-3.61079,4.44174,1.72901,0.0642482, 0.0118526, 0.509119, 0.858213
8142,-3.612,4.44176,1.72923,0.0641605, 0.0121377, 0.510776, 0.85723
8143,-3.61321,4.44177,1.72945,0.0640651, 0.0124191, 0.512443, 0.856238
8144,-3.61443,4.44177,1.72966,0.0639684, 0.0126815, 0.514102, 0.855246
8145,-3.61898,4.44961,1.73044,0.0639486, 0.0130306, 0.514277, 0.855137
8146,-3.6202,4.44966,1.73063,0.0638609, 0.0132739, 0.515927, 0.854146
8147,-3.62143,4.44971,1.73082,0.0637562, 0.0135034, 0.517581, 0.853148
8148,-3.62266,4.44974,1.731,0.0636563, 0.0137167, 0.519239, 0.852145
8149,-3.62391,4.44976,1.73118,0.0635527, 0.0139354, 0.520897, 0.851136
8150,-3.62518,4.44977,1.73136,0.0634396, 0.0141567, 0.522548, 0.850128
8151,-3.62645,4.44976,1.73153,0.0633308, 0.0143843, 0.524174, 0.849131
8152,-3.62773,4.44974,1.73171,0.0632245, 0.0146207, 0.525786, 0.848138
8153,-3.62901,4.44971,1.73189,0.0631057, 0.0148671, 0.527393, 0.847144
8154,-3.63031,4.44966,1.73207,0.0629858, 0.0151221, 0.529, 0.846146
8155,-3.63161,4.44959,1.73226,0.062883, 0.0153879, 0.530587, 0.845155
8156,-3.63704,4.45798,1.73305,0.0628071, 0.0156651, 0.5304, 0.845272
8157,-3.63834,4.45797,1.73322,0.0627019, 0.0159082, 0.531974, 0.844286
8158,-3.63964,4.45794,1.7334,0.0626253, 0.0161611, 0.533531, 0.843304
8159,-3.64094,4.4579,1.73358,0.0625739, 0.0164039, 0.535079, 0.842322
8160,-3.64225,4.45785,1.73377,0.0625308, 0.0166574, 0.536635, 0.841329
8161,-3.64357,4.45777,1.73396,0.062516, 0.0169063, 0.538177, 0.84034
8162,-3.64488,4.45768,1.73417,0.0625456, 0.0171432, 0.539691, 0.839362
8163,-3.65043,4.46532,1.73484,0.0625236, 0.0172673, 0.539751, 0.839322
8164,-3.65176,4.46527,1.73504,0.0625784, 0.0175142, 0.54126, 0.83834
8165,-3.6531,4.4652,1.73526,0.0626391, 0.0177507, 0.542786, 0.837344
8166,-3.65444,4.46511,1.73549,0.0627258, 0.0179864, 0.544294, 0.836353
8167,-3.65579,4.465,1.73573,0.0628142, 0.0182065, 0.54581, 0.835353
8168,-3.65714,4.46487,1.73599,0.0629156, 0.0184109, 0.547328, 0.834347
8169,-3.6585,4.46472,1.73626,0.0630298, 0.0186025, 0.54885, 0.833334
8170,-3.65987,4.46456,1.73654,0.0631178, 0.0187706, 0.55037, 0.83232
8171,-3.66509,4.47139,1.73684,0.0632593, 0.0188567, 0.550289, 0.832361
8172,-3.66647,4.47126,1.7371,0.0633434, 0.0190068, 0.551798, 0.831352
8173,-3.66786,4.47111,1.73738,0.0634113, 0.0191399, 0.553304, 0.830342
8174,-3.66926,4.47095,1.73766,0.0634418, 0.0192623, 0.554795, 0.829341
8175,-3.67067,4.47077,1.73795,0.0634472, 0.0193625, 0.556274, 0.828347
8176,-3.6721,4.47058,1.73824,0.06343, 0.0194444, 0.557735, 0.827363
8177,-3.67353,4.47039,1.73854,0.0633833, 0.019517, 0.559203, 0.826374
8178,-3.67498,4.47017,1.73884,0.0633084, 0.0195511, 0.560654, 0.825395
8179,-3.68002,4.4766,1.73888,0.063433, 0.0196002, 0.560533, 0.825466
8180,-3.68149,4.47643,1.73917,0.063329, 0.0196299, 0.561972, 0.824495
8181,-3.68296,4.47625,1.73946,0.0631997, 0.0196371, 0.563415, 0.823519
8182,-3.68445,4.47605,1.73976,0.0630502, 0.0196223, 0.56484, 0.822554
8183,-3.68594,4.47584,1.74006,0.0628773, 0.0195852, 0.566264, 0.821589
8184,-3.68745,4.47562,1.74037,0.0627021, 0.0195351, 0.56767, 0.820633
8185,-3.68896,4.47538,1.74068,0.0625046, 0.0194651, 0.569088, 0.819667
8186,-3.69403,4.48171,1.74088,0.0625964, 0.019454, 0.56907, 0.819672
8187,-3.69556,4.48151,1.74117,0.0623986, 0.0193749, 0.570477, 0.818711
8188,-3.69709,4.48129,1.74147,0.0621898, 0.0192833, 0.571883, 0.817747
8189,-3.69862,4.48105,1.74177,0.0619947, 0.0191894, 0.57331, 0.816764
8190,-3.70016,4.4808,1.74207,0.0618058, 0.0190816, 0.57474, 0.815776
8191,-3.7017,4.48052,1.74237,0.0616232, 0.0189579, 0.576159, 0.814791
8192,-3.70323,4.48021,1.74267,0.0614487, 0.0188212, 0.577604, 0.813783
8193,-3.70476,4.47989,1.74297,0.0612935, 0.0186723, 0.579061, 0.812762
8194,-3.70956,4.48624,1.74313,0.0614133, 0.0187174, 0.578982, 0.812809
8195,-3.71109,4.48593,1.74341,0.0612768, 0.0185788, 0.580432, 0.811787
8196,-3.71261,4.4856,1.7437,0.0611736, 0.0184424, 0.581903, 0.810744
8197,-3.71413,4.48525,1.74398,0.0610913, 0.0183033, 0.583386, 0.809688
8198,-3.71563,4.48487,1.74426,0.0610166, 0.0181433, 0.584886, 0.808614
8199,-3.71714,4.48446,1.74453,0.0609313, 0.0179951, 0.586389, 0.807534
8200,-3.71863,4.48403,1.7448,0.0608523, 0.0178486, 0.587903, 0.806442
8201,-3.72011,4.48357,1.74507,0.0607714, 0.0176878, 0.589432, 0.805335
8202,-3.72467,4.48997,1.74513,0.060879, 0.0177375, 0.589334, 0.805397
8203,-3.72615,4.48954,1.74537,0.0607827, 0.0175926, 0.59087, 0.804281
8204,-3.72762,4.48909,1.74561,0.0606881, 0.0174468, 0.59241, 0.803158
8205,-3.72908,4.48862,1.74584,0.0605714, 0.0172922, 0.593957, 0.802027
8206,-3.73054,4.48812,1.74607,0.0604676, 0.0171554, 0.595504, 0.80089
8207,-3.73199,4.4876,1.7463,0.0603409, 0.0170118, 0.597084, 0.799725
8208,-3.73343,4.48706,1.74652,0.0601957, 0.0168524, 0.598666, 0.798556
8209,-3.73486,4.4865,1.74674,0.0600309, 0.016703, 0.600251, 0.79738
8210,-3.73629,4.48591,1.74695,0.0598559, 0.0165567, 0.601865, 0.79618
8211,-3.73772,4.4853,1.74716,0.0596778, 0.0163999, 0.603491, 0.794964
8212,-3.73913,4.48467,1.74738,0.0594813, 0.0162246, 0.605132, 0.793734
8213,-3.74403,4.49243,1.74758,0.0593509, 0.0164145, 0.605286, 0.793623
8214,-3.74543,4.49185,1.74776,0.059138, 0.016241, 0.606932, 0.792384
8215,-3.74683,4.49125,1.74794,0.0589337, 0.0160775, 0.608577, 0.79114
8216,-3.74821,4.49062,1.74813,0.0587111, 0.0159079, 0.610244, 0.789874
8217,-3.74959,4.48997,1.74831,0.0584994, 0.0157378, 0.611934, 0.788585
8218,-3.75096,4.4893,1.74849,0.0583049, 0.0156075, 0.613629, 0.787285
8219,-3.75231,4.4886,1.74867,0.0581222, 0.0154961, 0.615326, 0.785974
8220,-3.75725,4.49618,1.74928,0.0580559, 0.0155915, 0.615065, 0.786182
8221,-3.7586,4.49553,1.74945,0.0578668, 0.0154879, 0.61677, 0.78486
8222,-3.75993,4.49485,1.74963,0.0576972, 0.0154119, 0.618489, 0.783521
8223,-3.76125,4.49415,1.74981,0.0575518, 0.0153648, 0.620211, 0.78217
8224,-3.76256,4.49342,1.74999,0.0574201, 0.0153639, 0.621935, 0.78081
8225,-3.76657,4.49993,1.75044,0.0574723, 0.0154339, 0.62205, 0.780713
8226,-3.76787,4.49924,1.75062,0.0573462, 0.0154487, 0.623777, 0.779343
8227,-3.76916,4.49852,1.75079,0.0572328, 0.0154741, 0.625518, 0.777954
8228,-3.77043,4.49779,1.75097,0.0571306, 0.0155253, 0.627259, 0.776557
8229,-3.77169,4.49702,1.75115,0.0570238, 0.0155843, 0.628987, 0.775165
8230,-3.77293,4.49624,1.75133,0.0568859, 0.015626, 0.63072, 0.773765
8231,-3.77417,4.49543,1.75151,0.056728, 0.0156822, 0.632435, 0.772374
8232,-3.77794,4.50163,1.75182,0.0568079, 0.0158076, 0.632495, 0.772317
8233,-3.77917,4.50086,1.75198,0.0566499, 0.0158505, 0.634217, 0.770914
8234,-3.7804,4.50006,1.75215,0.0564948, 0.0159004, 0.635924, 0.769516
8235,-3.78163,4.49924,1.75232,0.0563286, 0.0159281, 0.637622, 0.768122
8236,-3.78286,4.49839,1.75249,0.056169, 0.0159266, 0.639317, 0.766723
8237,-3.78409,4.49752,1.75268,0.0559901, 0.015887, 0.641026, 0.76531
8238,-3.78533,4.49662,1.75286,0.055787, 0.0158114, 0.642733, 0.763893
8239,-3.78657,4.4957,1.75305,0.0555604, 0.0156973, 0.644436, 0.762476
8240,-3.79054,4.50224,1.75329,0.0555823, 0.0158074, 0.64444, 0.762468
8241,-3.79179,4.50135,1.75346,0.0553758, 0.0156635, 0.646132, 0.761053
8242,-3.79303,4.50044,1.75364,0.0551553, 0.0154905, 0.647821, 0.759635
8243,-3.79428,4.49949,1.75381,0.0549429, 0.0152935, 0.649501, 0.758219
8244,-3.79553,4.49852,1.75399,0.0547511, 0.0150934, 0.651157, 0.756815
8245,-3.79678,4.49753,1.75416,0.0545652, 0.0149006, 0.652805, 0.755411
8246,-3.79802,4.4965,1.75433,0.0543782, 0.0147108, 0.654448, 0.754005
8247,-3.79926,4.49545,1.75451,0.0542023, 0.0145226, 0.65608, 0.752603
8248,-3.80332,4.50245,1.75463,0.0542199, 0.014662, 0.656028, 0.752644
8249,-3.80455,4.50144,1.75479,0.0540563, 0.0144901, 0.657651, 0.751241
8250,-3.80577,4.50041,1.75495,0.053899, 0.0143118, 0.659249, 0.749854
8251,-3.80699,4.49935,1.75511,0.0537626, 0.0141583, 0.660832, 0.748472
8252,-3.80819,4.49827,1.75527,0.0536332, 0.0140213, 0.662398, 0.747098
8253,-3.80938,4.49717,1.75543,0.0535032, 0.0138994, 0.663948, 0.745733
8254,-3.81057,4.49604,1.75559,0.0533891, 0.0137887, 0.665468, 0.744387
8255,-3.81441,4.50274,1.7556,0.0534406, 0.0139163, 0.665485, 0.744366
8256,-3.81559,4.50165,1.75574,0.05334, 0.0137994, 0.666984, 0.743032
8257,-3.81676,4.50055,1.75589,0.0532522, 0.0136751, 0.668453, 0.74172
8258,-3.81791,4.49941,1.75602,0.053177, 0.0135491, 0.669905, 0.740416
8259,-3.81906,4.49826,1.75615,0.0531171, 0.0134232, 0.671329, 0.739132
8260,-3.82021,4.49707,1.75628,0.0530601, 0.0132662, 0.672746, 0.737849
8261,-3.82134,4.49586,1.7564,0.0530231, 0.0131189, 0.674155, 0.736568
8262,-3.82247,4.49463,1.75652,0.0529996, 0.012969, 0.675549, 0.735294
8263,-3.82609,4.50133,1.75631,0.0530851, 0.0131472, 0.675474, 0.735353
8264,-3.82721,4.50014,1.75641,0.0530478, 0.0129812, 0.676859, 0.734084
8265,-3.82833,4.49891,1.75651,0.0530107, 0.0128223, 0.678247, 0.732807
8266,-3.82944,4.49766,1.7566,0.0529762, 0.0126622, 0.679636, 0.731525
8267,-3.83054,4.49638,1.75669,0.0529295, 0.012505, 0.681025, 0.730238
8268,-3.83164,4.49508,1.75678,0.0528998, 0.0123542, 0.682418, 0.728941
8269,-3.83274,4.49375,1.75687,0.0528706, 0.0121974, 0.6838, 0.727649
8270,-3.83383,4.4924,1.75696,0.0528545, 0.01205, 0.685173, 0.72636
8271,-3.83491,4.49103,1.75704,0.0528436, 0.0119217, 0.68655, 0.725062
8272,-3.83598,4.48963,1.75714,0.052831, 0.0118126, 0.68792, 0.723765
8273,-3.83705,4.48821,1.75723,0.0528215, 0.0117215, 0.689284, 0.722468
8274,-3.84079,4.49581,1.75668,0.0528675, 0.0120555, 0.689344, 0.722402
8275,-3.84183,4.49445,1.75675,0.0528476, 0.0119831, 0.69071, 0.721098
8276,-3.84286,4.49307,1.75682,0.0528333, 0.0119163, 0.692071, 0.719794
8277,-3.84389,4.49167,1.75689,0.0528139, 0.0118891, 0.693431, 0.718486
8278,-3.8449,4.49025,1.75696,0.0527971, 0.0118609, 0.694787, 0.717177
8279,-3.84591,4.48881,1.75704,0.0528089, 0.0118582, 0.696146, 0.715857
8280,-3.84691,4.48734,1.75712,0.0528222, 0.0118537, 0.6975, 0.714537
8281,-3.84791,4.48586,1.75721,0.0528272, 0.0118413, 0.698869, 0.713198
8282,-3.84891,4.48435,1.7573,0.052815, 0.0118465, 0.700231, 0.711862
8283,-3.8499,4.48282,1.75739,0.0528009, 0.0118513, 0.701594, 0.710519
8284,-3.85089,4.48127,1.75747,0.0527764, 0.0118488, 0.702966, 0.709164
8285,-3.85492,4.48956,1.75687,0.0527758, 0.0122024, 0.702755, 0.709366
8286,-3.85589,4.48807,1.75693,0.0527393, 0.0122097, 0.704108, 0.708027
8287,-3.85687,4.48657,1.757,0.0527129, 0.01222, 0.705454, 0.706687
8288,-3.85784,4.48505,1.75707,0.0526722, 0.0122237, 0.706798, 0.705346
8289,-3.85881,4.4835,1.75714,0.0526109, 0.0122263, 0.708154, 0.703989
8290,-3.85979,4.48192,1.75721,0.0525455, 0.0121959, 0.709494, 0.702644
8291,-3.86076,4.48033,1.75728,0.052476, 0.012164, 0.710826, 0.701302
8292,-3.86174,4.47871,1.75735,0.0524121, 0.0121172, 0.712153, 0.69996
8293,-3.86532,4.48613,1.75664,0.0525076, 0.0123428, 0.712014, 0.70009
8294,-3.86629,4.48456,1.75669,0.0524441, 0.0122769, 0.713339, 0.698746
8295,-3.86727,4.48297,1.75674,0.0523722, 0.0121965, 0.714666, 0.697396
8296,-3.86825,4.48135,1.7568,0.0522988, 0.0121076, 0.715964, 0.69607
8297,-3.86924,4.4797,1.75686,0.0522164, 0.0120335, 0.717249, 0.694753
8298,-3.87022,4.47804,1.75692,0.0521357, 0.0119609, 0.718537, 0.693429
8299,-3.8712,4.47635,1.75698,0.0520501, 0.0118826, 0.719809, 0.692116
8300,-3.87219,4.47463,1.75705,0.0519568, 0.0117951, 0.721073, 0.690807
8301,-3.87318,4.47289,1.75712,0.0518797, 0.0117239, 0.722322, 0.689509
8302,-3.87416,4.47114,1.7572,0.0518098, 0.0116593, 0.723558, 0.688217
8303,-3.87515,4.46935,1.75728,0.0517657, 0.011598, 0.72478, 0.686935
8304,-3.87855,4.47724,1.75633,0.0518528, 0.0119512, 0.724727, 0.686979
8305,-3.87952,4.47552,1.75639,0.0518207, 0.0118824, 0.725946, 0.685694
8306,-3.88048,4.47379,1.75645,0.051794, 0.0118075, 0.727147, 0.684423
8307,-3.88144,4.47203,1.75652,0.0517776, 0.0117301, 0.728344, 0.683152
8308,-3.88241,4.47024,1.75659,0.0517649, 0.0116699, 0.729524, 0.681894
8309,-3.88337,4.46844,1.75666,0.0517675, 0.0116231, 0.730692, 0.680642
8310,-3.88433,4.46662,1.75674,0.0517746, 0.0115726, 0.731848, 0.679399
8311,-3.88784,4.47385,1.75593,0.0519001, 0.0117668, 0.731531, 0.679728
8312,-3.8888,4.47208,1.75599,0.0519189, 0.0117281, 0.732668, 0.678502
8313,-3.88976,4.47029,1.75606,0.0519491, 0.0117002, 0.733777, 0.6773
8314,-3.89072,4.46848,1.75613,0.0519668, 0.0116875, 0.734853, 0.676132
8315,-3.89169,4.46666,1.7562,0.0519764, 0.0116825, 0.73592, 0.674969
8316,-3.89457,4.47294,1.75541,0.0521905, 0.011792, 0.735848, 0.675029
8317,-3.89553,4.47116,1.75547,0.0521923, 0.0117894, 0.736899, 0.673882
8318,-3.8965,4.46936,1.75554,0.0521876, 0.0117972, 0.737931, 0.672751
8319,-3.89746,4.46754,1.75562,0.0521574, 0.0117756, 0.738938, 0.671648
8320,-3.89844,4.46571,1.75569,0.0521103, 0.0117637, 0.739918, 0.670573
8321,-3.89941,4.46386,1.75576,0.0520533, 0.0117518, 0.740866, 0.66953
8322,-3.9004,4.46199,1.75584,0.0519682, 0.0117438, 0.741783, 0.668521
8323,-3.90322,4.46809,1.75498,0.0521661, 0.0118994, 0.741624, 0.668678
8324,-3.9042,4.46627,1.75504,0.052082, 0.0118684, 0.742517, 0.667694
8325,-3.90519,4.46443,1.7551,0.0519985, 0.0118394, 0.743396, 0.666722
8326,-3.90618,4.46257,1.75515,0.0519321, 0.0118181, 0.744246, 0.665779
8327,-3.90717,4.46069,1.7552,0.0518612, 0.0117842, 0.745072, 0.66486
8328,-3.90816,4.45879,1.75526,0.0518135, 0.0117549, 0.74589, 0.663947
8329,-3.90916,4.45686,1.75531,0.0517788, 0.0117044, 0.746685, 0.663056
8330,-3.91015,4.4549,1.75536,0.0517503, 0.0116567, 0.747461, 0.662185
8331,-3.9128,4.46122,1.75462,0.0519422, 0.0118571, 0.747219, 0.662439
8332,-3.91378,4.45931,1.75465,0.0519134, 0.0117993, 0.747987, 0.661575
8333,-3.91476,4.45738,1.75468,0.0518969, 0.0117367, 0.74874, 0.660725
8334,-3.91574,4.45542,1.75471,0.0518918, 0.0116817, 0.749464, 0.659905
8335,-3.91672,4.45344,1.75474,0.0518882, 0.0116441, 0.750171, 0.659101
8336,-3.91769,4.45143,1.75476,0.0518971, 0.011599, 0.750874, 0.658301
8337,-3.91866,4.4494,1.75478,0.051899, 0.0115434, 0.751562, 0.657517
8338,-3.91963,4.44734,1.7548,0.0519027, 0.0114983, 0.752223, 0.656761
8339,-3.9221,4.45386,1.75411,0.0520951, 0.0117253, 0.751954, 0.657049
8340,-3.92306,4.45185,1.75411,0.0521055, 0.0117054, 0.752599, 0.65631
8341,-3.92401,4.44982,1.75411,0.0521246, 0.0116926, 0.753232, 0.655582
8342,-3.92496,4.44777,1.75411,0.0521341, 0.0116815, 0.753858, 0.654861
8343,-3.9259,4.44569,1.75411,0.052128, 0.0116628, 0.754483, 0.654142
8344,-3.92685,4.44359,1.75411,0.0521251, 0.0116605, 0.755083, 0.65345
8345,-3.92779,4.44147,1.75411,0.0521171, 0.0116617, 0.755668, 0.652773
8346,-3.92872,4.43932,1.75411,0.0521134, 0.0116913, 0.756245, 0.652105
8347,-3.92966,4.43715,1.75412,0.0521216, 0.0117361, 0.756807, 0.651451
8348,-3.9306,4.43496,1.75414,0.0521249, 0.0117943, 0.757363, 0.650803
8349,-3.93154,4.43274,1.75416,0.052158, 0.0118431, 0.757908, 0.650165
8350,-3.93416,4.44044,1.75332,0.0522934, 0.0122476, 0.75761, 0.650495
8351,-3.93508,4.43829,1.75333,0.0523457, 0.0123058, 0.758135, 0.649876
8352,-3.93599,4.43612,1.75335,0.0524059, 0.0123602, 0.758668, 0.649248
8353,-3.9369,4.43392,1.75336,0.052475, 0.0124059, 0.759188, 0.648634
8354,-3.93781,4.4317,1.75339,0.0525656, 0.0124532, 0.759696, 0.648031
8355,-3.93872,4.42944,1.75341,0.0526686, 0.0124985, 0.760204, 0.647425
8356,-3.93962,4.42716,1.75344,0.0527946, 0.0125599, 0.760699, 0.646832
8357,-3.94052,4.42486,1.75347,0.0529291, 0.0126063, 0.761176, 0.646259
8358,-3.94142,4.42253,1.75351,0.0530562, 0.0126496, 0.761639, 0.645703
8359,-3.94231,4.42017,1.75355,0.0531863, 0.0127003, 0.762104, 0.645141
8360,-3.9432,4.41779,1.75359,0.0533276, 0.0127516, 0.762551, 0.6446
8361,-3.94647,4.42688,1.75287,0.0533155, 0.0131945, 0.76218, 0.645031
8362,-3.94734,4.42458,1.75289,0.0534548, 0.0132375, 0.762621, 0.644497
8363,-3.94821,4.42225,1.75291,0.053595, 0.0132935, 0.763066, 0.643957
8364,-3.94909,4.41991,1.75294,0.0537413, 0.0133733, 0.763491, 0.643439
8365,-3.94996,4.41754,1.75296,0.0538978, 0.013463, 0.763899, 0.642941
8366,-3.95082,4.41515,1.753,0.0540427, 0.0135372, 0.76432, 0.642426
8367,-3.95169,4.41274,1.75303,0.0541861, 0.0136254, 0.764732, 0.641922
8368,-3.95515,4.42127,1.75239,0.0542079, 0.0139, 0.764548, 0.642133
8369,-3.95602,4.41893,1.75241,0.0543659, 0.0139877, 0.764967, 0.641618
8370,-3.95688,4.41657,1.75244,0.0545291, 0.014089, 0.765376, 0.641114
8371,-3.95774,4.41419,1.75248,0.0546878, 0.0141875, 0.765779, 0.640617
8372,-3.95859,4.41179,1.75252,0.05484, 0.0142958, 0.766194, 0.640105
8373,-3.95944,4.40937,1.75256,0.0549888, 0.0144117, 0.766616, 0.639585
8374,-3.96029,4.40693,1.75261,0.0551366, 0.014549, 0.76704, 0.63906
8375,-3.96114,4.40447,1.75266,0.0552559, 0.0146996, 0.767467, 0.638534
8376,-3.96466,4.41393,1.75189,0.0551949, 0.0150868, 0.767314, 0.638713
8377,-3.9655,4.41156,1.75193,0.0553056, 0.0152528, 0.767751, 0.638175
8378,-3.96634,4.40917,1.75198,0.0553938, 0.015427, 0.768189, 0.637636
8379,-3.96718,4.40678,1.75204,0.0554652, 0.0156459, 0.768608, 0.637118
8380,-3.96801,4.40437,1.7521,0.0555249, 0.0158976, 0.769018, 0.636613
8381,-3.96885,4.40195,1.75218,0.0555679, 0.0161533, 0.76942, 0.636116
8382,-3.96968,4.39951,1.75226,0.0556041, 0.0164213, 0.769824, 0.635617
8383,-3.97051,4.39706,1.75236,0.0556217, 0.016686, 0.770225, 0.635123
8384,-3.97418,4.40714,1.75148,0.0555215, 0.0171143, 0.770061, 0.635319
8385,-3.975,4.40477,1.75157,0.0555518, 0.0173864, 0.770456, 0.634831
8386,-3.97583,4.40239,1.75167,0.0555875, 0.0176648, 0.77087, 0.634316
8387,-3.97665,4.39999,1.75177,0.0556364, 0.017944, 0.771288, 0.633797
8388,-3.97746,4.39756,1.75189,0.0556987, 0.0182235, 0.771716, 0.633262
8389,-3.97827,4.3951,1.75201,0.0557745, 0.0184914, 0.772149, 0.632719
8390,-3.97907,4.39262,1.75215,0.0558772, 0.0187471, 0.772588, 0.632167
8391,-3.97987,4.39012,1.75229,0.0559763, 0.0189666, 0.773047, 0.63159
8392,-3.98067,4.38758,1.75244,0.0560898, 0.0191769, 0.773516, 0.630998
8393,-3.98146,4.38502,1.75259,0.0562037, 0.0193773, 0.774, 0.630388
8394,-3.98224,4.38243,1.75276,0.0562987, 0.0195848, 0.77448, 0.629784
8395,-3.98583,4.39307,1.75169,0.0562157, 0.0201645, 0.774321, 0.629968
8396,-3.9866,4.39058,1.75184,0.0563279, 0.0203581, 0.774805, 0.629357
8397,-3.98736,4.38807,1.75199,0.0564407, 0.0205485, 0.775303, 0.628727
8398,-3.98812,4.38554,1.75214,0.0565574, 0.0207719, 0.775795, 0.628101
8399,-3.98887,4.38299,1.7523,0.0566726, 0.0209827, 0.776288, 0.627475
8400,-3.98962,4.38042,1.75246,0.0567892, 0.0212264, 0.776785, 0.626841
8401,-3.99035,4.37782,1.75262,0.0569202, 0.021484, 0.77728, 0.626206
8402,-3.99391,4.38713,1.75162,0.0568958, 0.0217666, 0.777103, 0.626419
8403,-3.99464,4.38462,1.75177,0.05702, 0.0220396, 0.777607, 0.625772
8404,-3.99536,4.38209,1.75193,0.0571479, 0.0223301, 0.778109, 0.625126
8405,-3.99607,4.37954,1.75208,0.0572781, 0.0226424, 0.778613, 0.624475
8406,-3.99677,4.37698,1.75224,0.057412, 0.0229709, 0.779109, 0.623832
8407,-3.99971,4.38506,1.75137,0.0575194, 0.0231764, 0.779085, 0.623844
8408,-4.0004,4.38255,1.75152,0.0576749, 0.0235021, 0.779592, 0.623183
8409,-4.00109,4.38003,1.75167,0.0578405, 0.0238227, 0.780104, 0.622515
8410,-4.00176,4.37749,1.75182,0.0580055, 0.0241415, 0.780623, 0.621836
8411,-4.00243,4.37494,1.75198,0.0581781, 0.0244681, 0.781137, 0.621161
8412,-4.00308,4.37236,1.75213,0.0583421, 0.0248015, 0.78165, 0.620487
8413,-4.00374,4.36977,1.75229,0.0585079, 0.0251269, 0.782157, 0.619819
8414,-4.0063,4.37673,1.75139,0.058711, 0.025325, 0.782037, 0.619944
8415,-4.00694,4.37419,1.75153,0.0588723, 0.025663, 0.782534, 0.619287
8416,-4.00758,4.37164,1.75168,0.0590373, 0.0259929, 0.78303, 0.61863
8417,-4.00821,4.36907,1.75183,0.059187, 0.0263107, 0.783535, 0.617962
8418,-4.00884,4.36648,1.75198,0.0593251, 0.0266528, 0.784038, 0.617296
8419,-4.00947,4.36388,1.75214,0.0594535, 0.0269767, 0.784522, 0.616654
8420,-4.01009,4.36127,1.75231,0.0595618, 0.0273081, 0.785003, 0.616017
8421,-4.01072,4.35864,1.75248,0.0596556, 0.0276326, 0.785479, 0.615386
8422,-4.01301,4.36544,1.75143,0.0598525, 0.0278871, 0.78531, 0.615572
8423,-4.01363,4.36288,1.75159,0.0599262, 0.0282127, 0.785778, 0.614952
8424,-4.01424,4.36031,1.75174,0.0599855, 0.028556, 0.786249, 0.614328
8425,-4.01485,4.35772,1.75191,0.0600269, 0.0288952, 0.786713, 0.613714
8426,-4.01546,4.35513,1.75207,0.0600661, 0.0292419, 0.787164, 0.613114
8427,-4.01607,4.35252,1.75224,0.0601123, 0.0296123, 0.787605, 0.612526
8428,-4.01667,4.3499,1.7524,0.0601617, 0.0299993, 0.788035, 0.611949
8429,-4.01726,4.34727,1.75258,0.0602067, 0.0303748, 0.788461, 0.611377
8430,-4.01785,4.34462,1.75275,0.0602375, 0.0307509, 0.788891, 0.6108
8431,-4.01844,4.34197,1.75293,0.0602905, 0.0311317, 0.789319, 0.610222
8432,-4.01901,4.3393,1.75311,0.0603506, 0.031507, 0.789744, 0.609647
8433,-4.02171,4.34752,1.75181,0.0604682, 0.0319869, 0.789567, 0.609839
8434,-4.02226,4.34494,1.75196,0.06054, 0.0323593, 0.790004, 0.609247
8435,-4.0228,4.34235,1.75211,0.0606228, 0.0327294, 0.790448, 0.608643
8436,-4.02334,4.33974,1.75227,0.0607111, 0.0331042, 0.790879, 0.608053
8437,-4.02387,4.33712,1.75242,0.0608006, 0.0334754, 0.791327, 0.607441
8438,-4.02439,4.33449,1.75257,0.060887, 0.0338312, 0.791791, 0.606808
8439,-4.0249,4.33184,1.75272,0.0609993, 0.0341825, 0.792246, 0.606182
8440,-4.02542,4.32918,1.75287,0.0611133, 0.0345211, 0.792724, 0.605526
8441,-4.02593,4.32651,1.75301,0.0612245, 0.0348369, 0.793198, 0.604876
8442,-4.02643,4.32382,1.75315,0.0613497, 0.0351564, 0.79368, 0.604212
8443,-4.02694,4.32112,1.75329,0.061453, 0.0354587, 0.794171, 0.603538
8444,-4.03035,4.33023,1.75177,0.0614663, 0.0358748, 0.793937, 0.60382
8445,-4.03084,4.32763,1.75187,0.0615578, 0.0361643, 0.794435, 0.603138
8446,-4.03133,4.32503,1.75197,0.06165, 0.0364577, 0.794939, 0.602447
8447,-4.03182,4.32241,1.75207,0.0617534, 0.0367218, 0.795456, 0.601738
8448,-4.0323,4.31979,1.75216,0.061825, 0.0369769, 0.795997, 0.600998
8449,-4.03279,4.31715,1.75225,0.0618969, 0.0372285, 0.796535, 0.600262
8450,-4.03327,4.31451,1.75232,0.0619631, 0.0374718, 0.797089, 0.599504
8451,-4.03376,4.31186,1.75239,0.0620098, 0.0377114, 0.797644, 0.598746
8452,-4.03725,4.32066,1.75089,0.0620339, 0.0379982, 0.797533, 0.598873
8453,-4.03774,4.3181,1.75093,0.062068, 0.0382327, 0.798083, 0.598122
8454,-4.03822,4.31554,1.75096,0.062097, 0.0384591, 0.798638, 0.597363
8455,-4.03871,4.31297,1.75098,0.0621162, 0.038686, 0.799192, 0.596604
8456,-4.03919,4.3104,1.75099,0.062117, 0.038926, 0.79976, 0.595828
8457,-4.03967,4.30783,1.751,0.0621006, 0.0391589, 0.800325, 0.595055
8458,-4.04015,4.30525,1.75099,0.0620688, 0.0394102, 0.800884, 0.594288
8459,-4.04362,4.31347,1.74944,0.0621106, 0.0396409, 0.800835, 0.594335
8460,-4.0441,4.31098,1.74941,0.0620687, 0.0398863, 0.801399, 0.593562
8461,-4.04458,4.30848,1.74938,0.0620202, 0.0401336, 0.801953, 0.592801
8462,-4.04506,4.30599,1.74934,0.0619658, 0.040412, 0.802502, 0.592045
8463,-4.04554,4.30349,1.74931,0.0619089, 0.0406975, 0.803042, 0.591299
8464,-4.04601,4.30099,1.74927,0.0618503, 0.0409772, 0.803588, 0.590543
8465,-4.04648,4.29848,1.74924,0.0617957, 0.0412593, 0.804126, 0.589797
8466,-4.04695,4.29597,1.7492,0.0617563, 0.0415392, 0.804677, 0.58903
8467,-4.05033,4.30426,1.74759,0.0618175, 0.0417998, 0.804583, 0.589133
8468,-4.0508,4.30183,1.74754,0.0618032, 0.0420627, 0.805137, 0.588358
8469,-4.05128,4.29939,1.74749,0.0617989, 0.0423035, 0.805689, 0.587585
8470,-4.05175,4.29695,1.74745,0.0617837, 0.0425239, 0.806246, 0.586807
8471,-4.05222,4.29449,1.74741,0.0617784, 0.0427095, 0.806795, 0.586038
8472,-4.0527,4.29203,1.74738,0.0617606, 0.0428639, 0.807358, 0.585253
8473,-4.05317,4.28955,1.74734,0.0617465, 0.0429756, 0.807933, 0.584453
8474,-4.05365,4.28706,1.74731,0.0617387, 0.0430812, 0.808501, 0.583659
8475,-4.05702,4.29524,1.7457,0.0617979, 0.0432952, 0.808401, 0.583776
8476,-4.05751,4.29283,1.74564,0.0617765, 0.0433711, 0.808977, 0.582975
8477,-4.058,4.29041,1.74559,0.0617583, 0.0434192, 0.809565, 0.582156
8478,-4.05849,4.28798,1.74554,0.0617202, 0.0434209, 0.810156, 0.581338
8479,-4.059,4.28553,1.74549,0.0616775, 0.0434046, 0.810748, 0.580517
8480,-4.0595,4.28308,1.74543,0.0616149, 0.0433597, 0.811344, 0.579693
8481,-4.06001,4.28062,1.74538,0.0615462, 0.0432845, 0.811947, 0.578862
8482,-4.06052,4.27814,1.74533,0.0614697, 0.0431913, 0.81256, 0.578015
8483,-4.06104,4.27566,1.74528,0.0613979, 0.0430638, 0.813171, 0.577173
8484,-4.06156,4.27317,1.74523,0.0613202, 0.0429463, 0.813793, 0.576313
8485,-4.06208,4.27067,1.74518,0.0612481, 0.0428046, 0.814425, 0.575438
8486,-4.06596,4.27985,1.74346,0.061196, 0.043089, 0.814381, 0.575485
8487,-4.06648,4.27745,1.74339,0.0611307, 0.0429363, 0.815008, 0.574614
8488,-4.067,4.27505,1.74332,0.0610792, 0.0427858, 0.815652, 0.573717
8489,-4.06752,4.27264,1.74326,0.0610157, 0.0426041, 0.816307, 0.572804
8490,-4.06804,4.27022,1.74321,0.0609491, 0.0424093, 0.816971, 0.571878
8491,-4.06856,4.2678,1.74315,0.0608795, 0.0422184, 0.817628, 0.57096
8492,-4.06907,4.26537,1.74311,0.0608185, 0.0420439, 0.818286, 0.570036
8493,-4.07299,4.27379,1.74153,0.0608459, 0.0421928, 0.81815, 0.570218
8494,-4.07352,4.27144,1.74148,0.0607915, 0.04203, 0.818806, 0.569293
8495,-4.07405,4.2691,1.74143,0.0607154, 0.0418412, 0.819472, 0.568357
8496,-4.07457,4.26674,1.7414,0.060639, 0.041633, 0.820138, 0.567418
8497,-4.0751,4.26438,1.74138,0.0605566, 0.0414109, 0.820806, 0.566476
8498,-4.07907,4.27238,1.74049,0.060514, 0.0413972, 0.820903, 0.566342
8499,-4.07962,4.2701,1.74046,0.0604194, 0.0411513, 0.821567, 0.565406
8500,-4.08017,4.26781,1.74045,0.0603097, 0.040896, 0.822239, 0.564458
8501,-4.08073,4.26551,1.74043,0.0602059, 0.0406286, 0.822908, 0.563513
8502,-4.08128,4.26321,1.74043,0.0600838, 0.0403475, 0.823582, 0.562561
8503,-4.08183,4.26091,1.74042,0.0599652, 0.0400597, 0.824243, 0.561625
8504,-4.08238,4.2586,1.74043,0.0598534, 0.039785, 0.824901, 0.56069
8505,-4.08657,4.26672,1.73982,0.0597895, 0.0398615, 0.824928, 0.560651
8506,-4.08713,4.2645,1.73982,0.059665, 0.039607, 0.82558, 0.559723
8507,-4.08768,4.26227,1.73982,0.059552, 0.0393573, 0.826231, 0.55879
8508,-4.08823,4.26005,1.73983,0.059445, 0.0391282, 0.826871, 0.557871
8509,-4.08877,4.25782,1.73984,0.0593417, 0.0389211, 0.827498, 0.556965
8510,-4.08931,4.25558,1.73986,0.0592415, 0.0387192, 0.828134, 0.556045
8511,-4.08984,4.25335,1.7399,0.0591368, 0.0385489, 0.828745, 0.555157
8512,-4.09036,4.25112,1.73993,0.0590426, 0.038402, 0.829352, 0.55427
8513,-4.09422,4.25912,1.73908,0.0590209, 0.0385642, 0.829313, 0.554319
8514,-4.09475,4.25698,1.7391,0.0589339, 0.0384418, 0.82991, 0.553442
8515,-4.09526,4.25485,1.73913,0.0588571, 0.0383458, 0.830509, 0.552558
8516,-4.09577,4.2527,1.73916,0.0587926, 0.0382653, 0.83111, 0.551666
8517,-4.09627,4.25056,1.7392,0.0587332, 0.0381938, 0.831714, 0.550766
8518,-4.09676,4.24841,1.73924,0.0586886, 0.0381283, 0.832315, 0.549867
8519,-4.09725,4.24626,1.73929,0.0586509, 0.0380818, 0.832919, 0.548959
8520,-4.09773,4.24411,1.73933,0.0586302, 0.0380379, 0.833529, 0.548038
8521,-4.10143,4.25192,1.73836,0.0586383, 0.038207, 0.833489, 0.548085
8522,-4.10191,4.24985,1.73839,0.058633, 0.0381747, 0.834106, 0.547149
8523,-4.10239,4.24778,1.73841,0.0586225, 0.0381358, 0.834727, 0.546205
8524,-4.10287,4.2457,1.73843,0.058606, 0.0381285, 0.835362, 0.545236
8525,-4.10334,4.24362,1.73845,0.0585837, 0.0381226, 0.836005, 0.544252
8526,-4.10381,4.24153,1.73848,0.0585471, 0.0381225, 0.836654, 0.543258
8527,-4.10429,4.23944,1.7385,0.0585071, 0.0381431, 0.837308, 0.542252
8528,-4.10476,4.23734,1.73852,0.0584366, 0.0381639, 0.83797, 0.541235
8529,-4.10523,4.23523,1.73854,0.0583735, 0.0382093, 0.838638, 0.540203
8530,-4.10571,4.23312,1.73856,0.0583073, 0.0382739, 0.839307, 0.539165
8531,-4.10619,4.231,1.73858,0.0582346, 0.03834, 0.83999, 0.538103
8532,-4.1096,4.23899,1.73769,0.0582362, 0.0386494, 0.839962, 0.538125
8533,-4.11009,4.23698,1.73768,0.0581685, 0.0387261, 0.840651, 0.537049
8534,-4.11057,4.23496,1.73769,0.0581271, 0.0388144, 0.841338, 0.535972
8535,-4.11106,4.23293,1.73769,0.0581059, 0.0389232, 0.842038, 0.534865
8536,-4.11154,4.23089,1.7377,0.0580878, 0.0390452, 0.842744, 0.533745
8537,-4.11202,4.22885,1.73771,0.058097, 0.0391805, 0.843459, 0.532604
8538,-4.11251,4.2268,1.73772,0.0580948, 0.0393481, 0.84417, 0.531463
8539,-4.11299,4.22474,1.73774,0.058107, 0.0395308, 0.844891, 0.530301
8540,-4.11348,4.22268,1.73776,0.0581319, 0.0397302, 0.845616, 0.529128
8541,-4.11396,4.2206,1.73778,0.0581583, 0.0399531, 0.846344, 0.527942
8542,-4.11445,4.21853,1.73781,0.058196, 0.0402062, 0.847074, 0.526747
8543,-4.1178,4.22677,1.73676,0.0582474, 0.040577, 0.846928, 0.526948
8544,-4.11829,4.2248,1.73676,0.0582876, 0.0408664, 0.847653, 0.525754
8545,-4.11879,4.22281,1.73677,0.0583492, 0.0411661, 0.84837, 0.524565
8546,-4.11929,4.22083,1.73678,0.0584151, 0.0414664, 0.849082, 0.523382
8547,-4.1198,4.21883,1.7368,0.0584729, 0.0417638, 0.849791, 0.522199
8548,-4.12033,4.21682,1.73682,0.0585298, 0.0420644, 0.850502, 0.52101
8549,-4.12086,4.2148,1.73685,0.0585534, 0.0423431, 0.851216, 0.519817
8550,-4.12451,4.22253,1.7356,0.0586173, 0.0425437, 0.851227, 0.519776
8551,-4.12507,4.22058,1.73561,0.0586415, 0.0428493, 0.851925, 0.518602
8552,-4.12565,4.21862,1.73562,0.0586534, 0.0431439, 0.852617, 0.517439
8553,-4.12626,4.21665,1.73563,0.0586494, 0.0434155, 0.853306, 0.516279
8554,-4.12688,4.21466,1.73565,0.0586308, 0.0436465, 0.853989, 0.515131
8555,-4.12753,4.21265,1.73565,0.0585743, 0.0438549, 0.854679, 0.513975
8556,-4.1282,4.21063,1.73566,0.0585012, 0.0440901, 0.855345, 0.512853
8557,-4.12889,4.2086,1.73566,0.0584108, 0.0442934, 0.856015, 0.511727
8558,-4.12961,4.20655,1.73567,0.0582991, 0.0444702, 0.85667, 0.510628
8559,-4.13036,4.20448,1.73567,0.0581908, 0.0446288, 0.857305, 0.509559
8560,-4.13113,4.20239,1.73567,0.0580776, 0.0447485, 0.857938, 0.508494
8561,-4.13544,4.21117,1.73426,0.0579692, 0.0450864, 0.857937, 0.508478
8562,-4.13624,4.20918,1.73423,0.0578576, 0.0451824, 0.858569, 0.507415
8563,-4.13707,4.20718,1.73419,0.0577242, 0.0452758, 0.8592, 0.506353
8564,-4.13792,4.20515,1.73415,0.0575857, 0.0453558, 0.859818, 0.505312
8565,-4.13879,4.20311,1.73411,0.057431, 0.0454247, 0.860444, 0.504256
8566,-4.13968,4.20104,1.73406,0.0573074, 0.0454579, 0.861074, 0.50319
8567,-4.14059,4.19896,1.734,0.0571911, 0.0454916, 0.8617, 0.502129
8568,-4.14151,4.19685,1.73393,0.0570778, 0.0455215, 0.862327, 0.501061
8569,-4.14244,4.19472,1.73385,0.0569615, 0.04554, 0.862967, 0.499969
8570,-4.14339,4.19258,1.73377,0.0568559, 0.0455551, 0.863608, 0.498873
8571,-4.14435,4.19041,1.73368,0.0567567, 0.0455606, 0.864264, 0.497745
8572,-4.1491,4.1998,1.73212,0.0566296, 0.0458913, 0.86415, 0.497927
8573,-4.15009,4.19773,1.732,0.0565347, 0.0458956, 0.864816, 0.49678
8574,-4.15109,4.19565,1.73187,0.0564369, 0.0458978, 0.865489, 0.495617
8575,-4.15211,4.19355,1.73173,0.0563328, 0.0458657, 0.86618, 0.494424
8576,-4.15315,4.19143,1.73159,0.056211, 0.0458279, 0.866874, 0.493223
8577,-4.15421,4.1893,1.73143,0.0560777, 0.0457655, 0.867576, 0.492008
8578,-4.15528,4.18714,1.73128,0.0558841, 0.0457045, 0.86829, 0.490775
8579,-4.15637,4.18497,1.73111,0.0556611, 0.0456307, 0.869009, 0.489534
8580,-4.16091,4.19371,1.72988,0.0555654, 0.0458022, 0.868989, 0.489565
8581,-4.16204,4.19162,1.72969,0.0552951, 0.0457288, 0.869717, 0.488308
8582,-4.1632,4.18951,1.72949,0.0549975, 0.0456277, 0.870448, 0.487045
8583,-4.16437,4.18739,1.72929,0.0546987, 0.0455124, 0.871193, 0.485757
8584,-4.16812,4.19436,1.72827,0.0548179, 0.0454643, 0.871157, 0.485812
8585,-4.16933,4.19229,1.72805,0.0545092, 0.0453475, 0.871911, 0.484503
8586,-4.17056,4.19019,1.72783,0.054198, 0.0452112, 0.872678, 0.483169
8587,-4.17181,4.18807,1.7276,0.0538739, 0.0450626, 0.873463, 0.481797
8588,-4.17307,4.18594,1.72737,0.0535521, 0.0448999, 0.874254, 0.480413
8589,-4.17435,4.18379,1.72713,0.0532411, 0.0447172, 0.875045, 0.479021
8590,-4.17563,4.18162,1.72689,0.0529266, 0.0445249, 0.875847, 0.477607
8591,-4.17692,4.17943,1.72665,0.0526196, 0.0443309, 0.876652, 0.47618
8592,-4.18054,4.1865,1.72568,0.0525969, 0.0443816, 0.876814, 0.47588
8593,-4.18186,4.18438,1.72541,0.0522883, 0.0441971, 0.87762, 0.474442
8594,-4.18318,4.18224,1.72513,0.0520011, 0.044012, 0.878437, 0.472977
8595,-4.18451,4.18009,1.72486,0.0517049, 0.0438459, 0.879264, 0.471485
8596,-4.18585,4.17793,1.72458,0.0514012, 0.043683, 0.880099, 0.469974
8597,-4.18719,4.17575,1.72431,0.0510881, 0.0435371, 0.880929, 0.468463
8598,-4.18854,4.17356,1.72404,0.0507687, 0.0433864, 0.881763, 0.466941
8599,-4.18989,4.17135,1.72377,0.0504497, 0.0432617, 0.882605, 0.465394
8600,-4.19125,4.16913,1.7235,0.0501297, 0.0431199, 0.883459, 0.46382
8601,-4.19262,4.1669,1.72324,0.0498029, 0.0429812, 0.884314, 0.462235
8602,-4.19399,4.16466,1.72298,0.0494929, 0.0428658, 0.885177, 0.460624
8603,-4.19781,4.17268,1.72215,0.0494326, 0.0430787, 0.885085, 0.460787
8604,-4.19921,4.17054,1.72186,0.0491091, 0.0429661, 0.885944, 0.459178
8605,-4.20061,4.16838,1.72158,0.0487849, 0.0428308, 0.886806, 0.457559
8606,-4.20202,4.16621,1.72129,0.0484371, 0.0426814, 0.887677, 0.455918
8607,-4.20344,4.16403,1.72101,0.0480788, 0.0425598, 0.888541, 0.454282
8608,-4.20486,4.16184,1.72074,0.0477001, 0.0424725, 0.889398, 0.45265
8609,-4.20628,4.15964,1.72049,0.0473182, 0.0423792, 0.890252, 0.451017
8610,-4.20772,4.15742,1.72024,0.0469221, 0.0423006, 0.891098, 0.449391
8611,-4.2117,4.16533,1.7198,0.0468737, 0.0424243, 0.891088, 0.449405
8612,-4.21317,4.16319,1.71956,0.0464827, 0.0423488, 0.891935, 0.447771
8613,-4.21464,4.16105,1.71935,0.0461028, 0.042306, 0.892781, 0.446124
8614,-4.21612,4.15889,1.71916,0.0457657, 0.042274, 0.893625, 0.444469
8615,-4.2176,4.15672,1.719,0.0454413, 0.0422623, 0.894462, 0.442817
8616,-4.21909,4.15453,1.71885,0.0451245, 0.0422618, 0.89529, 0.441173
8617,-4.22059,4.15234,1.71873,0.044822, 0.0422834, 0.896117, 0.43952
8618,-4.22208,4.15013,1.71862,0.0445412, 0.042336, 0.896933, 0.437876
8619,-4.22358,4.14792,1.71854,0.0442972, 0.0424623, 0.897738, 0.436234
8620,-4.22507,4.1457,1.71846,0.0440631, 0.0426544, 0.89854, 0.434585
8621,-4.22656,4.14347,1.7184,0.0438054, 0.0429308, 0.899324, 0.43296
8622,-4.23075,4.15268,1.71814,0.0436159, 0.043388, 0.899348, 0.432883
8623,-4.23225,4.15058,1.71807,0.0433604, 0.0437223, 0.900109, 0.431291
8624,-4.23375,4.14848,1.71802,0.0430858, 0.0441135, 0.900853, 0.429723
8625,-4.23524,4.14638,1.718,0.0428118, 0.0445371, 0.901582, 0.428174
8626,-4.23672,4.14427,1.718,0.0425186, 0.0450039, 0.902301, 0.426638
8627,-4.23822,4.14215,1.71803,0.042202, 0.0454998, 0.903004, 0.425126
8628,-4.23972,4.14002,1.71809,0.0418687, 0.0459759, 0.903698, 0.423631
8629,-4.24122,4.13787,1.71818,0.041512, 0.0464473, 0.904376, 0.422164
8630,-4.24274,4.13571,1.71828,0.0411464, 0.0469007, 0.90505, 0.420704
8631,-4.24427,4.13352,1.71841,0.0407844, 0.0473465, 0.905721, 0.419242
8632,-4.24581,4.13131,1.71856,0.0404361, 0.0477744, 0.90638, 0.417801
8633,-4.25011,4.14089,1.71879,0.0402615, 0.0481429, 0.906239, 0.418082
8634,-4.25167,4.13878,1.71892,0.0399191, 0.0485557, 0.90689, 0.416652
8635,-4.25325,4.13665,1.71907,0.039598, 0.0489553, 0.907545, 0.415207
8636,-4.25483,4.1345,1.71924,0.0393013, 0.0493584, 0.908193, 0.413769
8637,-4.2564,4.13232,1.71941,0.0390409, 0.0497738, 0.908836, 0.412329
8638,-4.25798,4.13011,1.71959,0.0388006, 0.0501785, 0.909477, 0.410887
8639,-4.25954,4.12789,1.71978,0.0385964, 0.0505798, 0.910112, 0.409448
8640,-4.26111,4.12564,1.71997,0.0384248, 0.0510041, 0.910746, 0.408001
8641,-4.26266,4.12337,1.72016,0.0382628, 0.0514445, 0.911372, 0.406559
8642,-4.2642,4.12108,1.72035,0.0380987, 0.0518931, 0.911988, 0.405133
8643,-4.26574,4.11877,1.72053,0.0379202, 0.052329, 0.912603, 0.403708
8644,-4.27019,4.12903,1.72101,0.0376783, 0.0527869, 0.912583, 0.403715
8645,-4.27175,4.12684,1.72117,0.0375029, 0.0532194, 0.913185, 0.40231
8646,-4.27331,4.12463,1.72132,0.037326, 0.0536528, 0.913774, 0.40093
8647,-4.27486,4.1224,1.72147,0.0371454, 0.0540806, 0.914354, 0.399564
8648,-4.27642,4.12015,1.72161,0.0369416, 0.0544866, 0.914931, 0.398205
8649,-4.27797,4.11788,1.72175,0.0367094, 0.0548674, 0.9155, 0.396865
8650,-4.27953,4.11559,1.72188,0.0364605, 0.0552138, 0.916051, 0.395567
8651,-4.28109,4.11327,1.72201,0.0361932, 0.055532, 0.916599, 0.394275
8652,-4.28265,4.11093,1.72213,0.0359272, 0.0558076, 0.917144, 0.39299
8653,-4.28421,4.10856,1.72225,0.0356393, 0.0560403, 0.917694, 0.391697
8654,-4.28577,4.10616,1.72236,0.035365, 0.0562412, 0.918234, 0.390426
8655,-4.2905,4.11682,1.72289,0.0351297, 0.0565918, 0.918085, 0.390746
8656,-4.29209,4.11453,1.72297,0.0348564, 0.0567537, 0.918632, 0.38946
8657,-4.29367,4.11222,1.72304,0.0345851, 0.0568743, 0.919175, 0.388184
8658,-4.29525,4.10989,1.72311,0.0343187, 0.0569812, 0.919712, 0.386918
8659,-4.29682,4.10752,1.72318,0.0340592, 0.0570749, 0.920252, 0.38564
8660,-4.29838,4.10513,1.72324,0.033803, 0.0571356, 0.920783, 0.384385
8661,-4.29993,4.10272,1.7233,0.0335693, 0.0571939, 0.921313, 0.383124
8662,-4.30146,4.10028,1.72337,0.0333597, 0.057232, 0.921839, 0.381871
8663,-4.30298,4.09782,1.72343,0.0331767, 0.0572809, 0.922348, 0.380648
8664,-4.30449,4.09534,1.7235,0.0330014, 0.0573264, 0.922858, 0.379418
8665,-4.30598,4.09283,1.72356,0.032841, 0.0573674, 0.923355, 0.378213
8666,-4.31075,4.10383,1.72401,0.0326206, 0.0577425, 0.923301, 0.378307
8667,-4.31225,4.10145,1.72405,0.032512, 0.0578001, 0.923787, 0.37712
8668,-4.31374,4.09905,1.72409,0.0324211, 0.0578733, 0.924269, 0.375935
8669,-4.31521,4.09663,1.72414,0.0323506, 0.0579587, 0.924731, 0.37479
8670,-4.31666,4.09421,1.72418,0.0322974, 0.0580657, 0.925182, 0.373663
8671,-4.31808,4.09176,1.72423,0.0322575, 0.0581788, 0.925627, 0.372545
8672,-4.31949,4.08931,1.72428,0.0322274, 0.0583183, 0.926057, 0.371455
8673,-4.32088,4.08684,1.72433,0.0322145, 0.0584567, 0.926473, 0.370395
8674,-4.32225,4.08436,1.72439,0.0322098, 0.0585935, 0.926874, 0.36937
8675,-4.3236,4.08186,1.72445,0.0321897, 0.0587436, 0.92727, 0.368351
8676,-4.32494,4.07935,1.72451,0.0321746, 0.0588691, 0.927654, 0.367366
8677,-4.32993,4.09052,1.7249,0.0319686, 0.0592121, 0.927488, 0.367748
8678,-4.33129,4.08814,1.72494,0.0319532, 0.0593368, 0.927862, 0.366784
8679,-4.33264,4.08575,1.72498,0.0319273, 0.0594313, 0.928237, 0.36582
8680,-4.33398,4.08333,1.72502,0.0318868, 0.059473, 0.92861, 0.36487
8681,-4.3353,4.0809,1.72506,0.031821, 0.0594877, 0.928975, 0.363943
8682,-4.33662,4.07845,1.7251,0.0317405, 0.059471, 0.929343, 0.363012
8683,-4.33793,4.07598,1.72514,0.0316371, 0.0594318, 0.929706, 0.362096
8684,-4.33923,4.07348,1.72517,0.0315153, 0.0593784, 0.93007, 0.36118
8685,-4.34052,4.07098,1.72521,0.0313892, 0.0593025, 0.930427, 0.360282
8686,-4.3418,4.06845,1.72524,0.0312476, 0.0592111, 0.930788, 0.359377
8687,-4.34307,4.06591,1.72526,0.0310842, 0.0591069, 0.931143, 0.358486
8688,-4.34798,4.0772,1.72555,0.0308381, 0.0594011, 0.931062, 0.35867
8689,-4.34928,4.07478,1.72555,0.0306884, 0.0592762, 0.931418, 0.357778
8690,-4.35056,4.07235,1.72555,0.03054, 0.0591679, 0.931768, 0.356896
8691,-4.35184,4.06991,1.72554,0.0303662, 0.0590479, 0.932121, 0.356008
8692,-4.35309,4.06745,1.72552,0.0301833, 0.0589186, 0.932468, 0.355136
8693,-4.35433,4.06498,1.72551,0.0299903, 0.0587845, 0.932816, 0.35426
8694,-4.35555,4.06251,1.72549,0.0298008, 0.0586646, 0.933167, 0.35337
8695,-4.35993,4.07211,1.72568,0.0297692, 0.0587457, 0.93305, 0.353666
8696,-4.36117,4.06973,1.72564,0.0295896, 0.0586179, 0.933394, 0.352793
8697,-4.36239,4.06733,1.7256,0.0294071, 0.0584911, 0.933742, 0.351909
8698,-4.36358,4.06492,1.72555,0.0292331, 0.0583625, 0.934085, 0.351033
8699,-4.36476,4.0625,1.7255,0.0290607, 0.0582077, 0.934428, 0.350159
8700,-4.36844,4.07075,1.72556,0.0291479, 0.0581538, 0.934436, 0.350141
8701,-4.36963,4.0684,1.7255,0.0289648, 0.0580013, 0.934785, 0.349248
8702,-4.3708,4.06602,1.72544,0.0288039, 0.057822, 0.935132, 0.348362
8703,-4.37194,4.06363,1.72539,0.0286378, 0.0576246, 0.935486, 0.347456
8704,-4.37307,4.06122,1.72535,0.0284787, 0.057392, 0.935835, 0.346566
8705,-4.37419,4.05879,1.7253,0.0283303, 0.0571313, 0.936183, 0.345681
8706,-4.37528,4.05634,1.72526,0.0281938, 0.0568562, 0.936531, 0.344794
8707,-4.37636,4.05387,1.72522,0.0280607, 0.0565514, 0.93688, 0.343905
8708,-4.37741,4.05138,1.72518,0.0279278, 0.0562465, 0.937229, 0.343012
8709,-4.37845,4.04887,1.72514,0.0278013, 0.0559336, 0.937575, 0.342129
8710,-4.37947,4.04634,1.72511,0.0276797, 0.0556231, 0.937918, 0.341247
8711,-4.3835,4.05527,1.72477,0.0276399, 0.055716, 0.937852, 0.341417
8712,-4.38453,4.05285,1.72472,0.0275215, 0.0554297, 0.938193, 0.340534
8713,-4.38553,4.05041,1.72466,0.0274011, 0.0551512, 0.938538, 0.339638
8714,-4.38652,4.04797,1.72462,0.0272916, 0.0548943, 0.938867, 0.338778
8715,-4.38748,4.04551,1.72457,0.0271964, 0.0546618, 0.9392, 0.3379
8716,-4.38842,4.04305,1.72454,0.0270886, 0.0544578, 0.93953, 0.337022
8717,-4.38934,4.04058,1.72451,0.0269895, 0.0542578, 0.939852, 0.336163
8718,-4.39023,4.0381,1.72449,0.0268881, 0.0540925, 0.94017, 0.335309
8719,-4.3911,4.03562,1.72447,0.0267974, 0.0539544, 0.940482, 0.33446
8720,-4.39196,4.03312,1.72446,0.0267145, 0.0538233, 0.940799, 0.333597
8721,-4.39279,4.03063,1.72446,0.0266336, 0.0537014, 0.941108, 0.332749
8722,-4.3936,4.02812,1.72446,0.0265639, 0.053605, 0.941419, 0.33189
8723,-4.39439,4.0256,1.72447,0.0265048, 0.0535232, 0.941727, 0.331034
8724,-4.39516,4.02307,1.72448,0.0264493, 0.0534273, 0.942035, 0.330175
8725,-4.39961,4.03348,1.72426,0.026293, 0.0537587, 0.941912, 0.330485
8726,-4.4004,4.03109,1.72424,0.026234, 0.0536474, 0.942222, 0.329623
8727,-4.40116,4.02868,1.72423,0.0261826, 0.0535532, 0.942524, 0.328778
8728,-4.40191,4.02627,1.72422,0.0261316, 0.0534546, 0.942828, 0.327926
8729,-4.40264,4.02383,1.72421,0.026066, 0.0533666, 0.943131, 0.327072
8730,-4.40335,4.02138,1.72422,0.0260081, 0.0532672, 0.943444, 0.32619
8731,-4.40405,4.01892,1.72422,0.0259364, 0.0531697, 0.943754, 0.325314
8732,-4.40473,4.01644,1.72424,0.0258543, 0.0530463, 0.944064, 0.324439
8733,-4.4054,4.01394,1.72427,0.0257676, 0.0528878, 0.944378, 0.323558
8734,-4.40606,4.01143,1.7243,0.025679, 0.052734, 0.944694, 0.322666
8735,-4.40671,4.00889,1.72434,0.0255825, 0.0525673, 0.945014, 0.321761
8736,-4.40734,4.00634,1.72439,0.0254749, 0.0523874, 0.945337, 0.320851
8737,-4.40796,4.00377,1.72444,0.0253707, 0.0522163, 0.945653, 0.319954
8738,-4.40856,4.00119,1.72449,0.025258, 0.0520211, 0.945974, 0.319043
8739,-4.41334,4.01291,1.72432,0.0250389, 0.0524136, 0.945886, 0.319257
8740,-4.41397,4.01047,1.72434,0.0249109, 0.0522139, 0.946216, 0.318322
8741,-4.41458,4.00802,1.72436,0.0247962, 0.0520376, 0.946549, 0.317368
8742,-4.41517,4.00555,1.72439,0.0246853, 0.0518754, 0.946883, 0.316405
8743,-4.41574,4.00307,1.72443,0.0245993, 0.051713, 0.947221, 0.315425
8744,-4.41629,4.00058,1.72447,0.0245232, 0.0515629, 0.947551, 0.314462
8745,-4.41682,3.99807,1.72451,0.0244635, 0.0514196, 0.947888, 0.313475
8746,-4.41732,3.99555,1.72456,0.0244196, 0.0512835, 0.948226, 0.312476
8747,-4.41781,3.99302,1.72461,0.024378, 0.051162, 0.948564, 0.311471
8748,-4.41828,3.99047,1.72467,0.024341, 0.0510669, 0.948901, 0.310462
8749,-4.41873,3.98791,1.72473,0.0243089, 0.0509827, 0.949236, 0.309453
8750,-4.42338,3.99938,1.72463,0.0241923, 0.0513218, 0.949141, 0.309696
8751,-4.42385,3.99695,1.72468,0.0241621, 0.0512723, 0.949467, 0.308708
8752,-4.42429,3.99451,1.72473,0.0241497, 0.0512394, 0.949789, 0.30772
8753,-4.42472,3.99206,1.72478,0.0241292, 0.0512088, 0.950115, 0.306718
8754,-4.42512,3.98959,1.72485,0.0241212, 0.0511855, 0.950434, 0.305733
8755,-4.42551,3.98712,1.72491,0.0241298, 0.0511974, 0.950749, 0.304751
8756,-4.42588,3.98462,1.72499,0.0241514, 0.0512161, 0.95106, 0.303775
8757,-4.42623,3.98212,1.72506,0.0241718, 0.0512365, 0.951375, 0.302781
8758,-4.42657,3.9796,1.72514,0.0241891, 0.0512746, 0.951687, 0.301792
8759,-4.42688,3.97706,1.72522,0.0242094, 0.0513229, 0.951996, 0.300806
8760,-4.42718,3.97451,1.72531,0.0242331, 0.0513867, 0.952303, 0.29982
8761,-4.4318,3.98607,1.72522,0.0241406, 0.051776, 0.952284, 0.299818
8762,-4.43213,3.98365,1.72528,0.024175, 0.0518521, 0.952587, 0.29884
8763,-4.43243,3.98122,1.72533,0.0242028, 0.0519329, 0.95289, 0.297857
8764,-4.43272,3.97877,1.72539,0.0242536, 0.0520481, 0.953195, 0.296854
8765,-4.43299,3.97631,1.72545,0.0243021, 0.0521822, 0.953492, 0.295871
8766,-4.43324,3.97383,1.72551,0.0243507, 0.052326, 0.953787, 0.294888
8767,-4.43348,3.97134,1.72557,0.024413, 0.0524863, 0.954081, 0.293902
8768,-4.43371,3.96883,1.72563,0.0244857, 0.0526489, 0.954373, 0.292916
8769,-4.43392,3.9663,1.72569,0.0245387, 0.0528259, 0.954662, 0.291936
8770,-4.43412,3.96376,1.72574,0.0245857, 0.0529978, 0.95495, 0.29096
8771,-4.4343,3.96121,1.72579,0.024617, 0.0531912, 0.955229, 0.290003
8772,-4.43448,3.95863,1.72583,0.0246326, 0.0533909, 0.955503, 0.28906
8773,-4.43465,3.95604,1.72587,0.0246353, 0.0535932, 0.955772, 0.288135
8774,-4.43481,3.95342,1.7259,0.0246388, 0.0537911, 0.956036, 0.28722
8775,-4.43497,3.95078,1.72593,0.0246354, 0.0539814, 0.956298, 0.286311
8776,-4.44064,3.96461,1.72561,0.0243351, 0.0546162, 0.956184, 0.286596
8777,-4.44084,3.96214,1.7256,0.0243371, 0.0547678, 0.956445, 0.285693
8778,-4.44104,3.95964,1.72557,0.0243428, 0.0549196, 0.95671, 0.284776
8779,-4.44123,3.95711,1.72553,0.0243514, 0.055043, 0.956964, 0.283897
8780,-4.44141,3.95456,1.72549,0.0243448, 0.0551626, 0.957216, 0.283023
8781,-4.44159,3.95198,1.72544,0.0243331, 0.0552463, 0.957469, 0.282149
8782,-4.44176,3.94937,1.72537,0.0243111, 0.0553302, 0.957719, 0.281285
8783,-4.44192,3.94673,1.7253,0.024274, 0.0553922, 0.957969, 0.280426
8784,-4.44208,3.94406,1.72522,0.0242445, 0.0554452, 0.958213, 0.27958
8785,-4.44223,3.94137,1.72513,0.0242144, 0.0554954, 0.958459, 0.27873
8786,-4.44237,3.93866,1.72502,0.0241895, 0.0555357, 0.958709, 0.277864
8787,-4.44806,3.95132,1.72513,0.0239694, 0.0558831, 0.958611, 0.278149
8788,-4.44825,3.94873,1.72499,0.0239461, 0.0559192, 0.958854, 0.277306
8789,-4.44843,3.94612,1.72485,0.0239303, 0.0559725, 0.959093, 0.276468
8790,-4.4486,3.94349,1.7247,0.0238886, 0.0560165, 0.959335, 0.275622
8791,-4.44876,3.94084,1.72454,0.0238433, 0.0560465, 0.959573, 0.274792
8792,-4.44892,3.93816,1.72437,0.0237942, 0.0560734, 0.959809, 0.273964
8793,-4.44907,3.93546,1.7242,0.0237297, 0.0561087, 0.960046, 0.273132
8794,-4.44922,3.93273,1.72402,0.0236368, 0.056126, 0.960279, 0.272316
8795,-4.44936,3.92999,1.72384,0.0235225, 0.0561535, 0.960507, 0.271513
8796,-4.44949,3.92722,1.72366,0.0234073, 0.0561715, 0.960738, 0.270702
8797,-4.44962,3.92442,1.72347,0.0232793, 0.0561904, 0.960966, 0.269899
8798,-4.45499,3.93605,1.72381,0.0230838, 0.0564291, 0.960924, 0.270014
8799,-4.45516,3.93337,1.72359,0.0229591, 0.0564389, 0.961153, 0.269209
8800,-4.45533,3.93068,1.72337,0.0228249, 0.0564542, 0.96138, 0.268404
8801,-4.45549,3.92796,1.72315,0.0226798, 0.0564642, 0.961603, 0.267614
8802,-4.45565,3.92522,1.72292,0.0225215, 0.056471, 0.961826, 0.266824
8803,-4.4558,3.92246,1.7227,0.022367, 0.0564823, 0.962047, 0.266035
8804,-4.45594,3.91968,1.72247,0.0222201, 0.0564817, 0.962268, 0.265249
8805,-4.45606,3.91687,1.72225,0.0220741, 0.0564824, 0.962483, 0.264477
8806,-4.45618,3.91405,1.72202,0.0219248, 0.0565047, 0.962694, 0.263718
8807,-4.45629,3.9112,1.72179,0.0217816, 0.0565417, 0.962906, 0.262948
8808,-4.45638,3.90833,1.72157,0.0216653, 0.0565949, 0.963111, 0.262191
8809,-4.45646,3.90544,1.72134,0.0215479, 0.0566609, 0.963307, 0.261465
8810,-4.45652,3.90253,1.72111,0.0214489, 0.0567549, 0.963501, 0.26074
8811,-4.45657,3.8996,1.72088,0.0213656, 0.056853, 0.96369, 0.260024
8812,-4.4622,3.91204,1.72113,0.0211356, 0.0572527, 0.963571, 0.260396
8813,-4.46229,3.90926,1.72087,0.0210512, 0.0573652, 0.963755, 0.259698
8814,-4.46236,3.90645,1.7206,0.0209777, 0.0574943, 0.963924, 0.259047
8815,-4.46242,3.90363,1.72033,0.0209089, 0.0576154, 0.964086, 0.25842
8816,-4.46247,3.90079,1.72005,0.0208391, 0.0577464, 0.964245, 0.257805
8817,-4.4625,3.89793,1.71977,0.0207959, 0.0578526, 0.964392, 0.257232
8818,-4.46252,3.89504,1.71949,0.0207459, 0.0579703, 0.964533, 0.256681
8819,-4.46252,3.89213,1.71921,0.0207004, 0.0580746, 0.964667, 0.256156
8820,-4.46729,3.90258,1.71976,0.0207018, 0.0581191, 0.96458, 0.256474
8821,-4.46732,3.89976,1.71946,0.020653, 0.0581927, 0.964713, 0.25596
8822,-4.46735,3.89691,1.71915,0.0205791, 0.058243, 0.964833, 0.255503
8823,-4.46736,3.89404,1.71885,0.0205007, 0.0582576, 0.964947, 0.255076
8824,-4.47098,3.90186,1.71924,0.0206787, 0.0580028, 0.964958, 0.255077
8825,-4.47101,3.89902,1.71893,0.0205902, 0.057998, 0.96507, 0.254662
8826,-4.47103,3.89616,1.71861,0.0204937, 0.0579678, 0.965178, 0.254268
8827,-4.47104,3.89326,1.71829,0.0204038, 0.057921, 0.965275, 0.253915
8828,-4.47103,3.89033,1.71797,0.0203252, 0.0578672, 0.96537, 0.253574
8829,-4.471,3.88738,1.71764,0.0202708, 0.0578195, 0.96546, 0.253245
8830,-4.47096,3.8844,1.71731,0.0202355, 0.0577654, 0.965545, 0.252935
8831,-4.4709,3.88139,1.71698,0.0202137, 0.0576887, 0.965626, 0.252646
8832,-4.47082,3.87837,1.71664,0.0201843, 0.0576319, 0.965699, 0.252383
8833,-4.47072,3.87531,1.71631,0.0201718, 0.0575859, 0.965771, 0.252116
8834,-4.4706,3.87224,1.71599,0.0201704, 0.0575644, 0.96584, 0.25186
8835,-4.47436,3.88095,1.71636,0.0202505, 0.0576074, 0.965737, 0.252238
8836,-4.47425,3.87797,1.71602,0.0202849, 0.0575889, 0.965806, 0.251974
8837,-4.47413,3.87496,1.71568,0.0203365, 0.0575578, 0.965869, 0.251734
8838,-4.47398,3.87193,1.71534,0.0204025, 0.0575546, 0.965926, 0.251511
8839,-4.47381,3.86888,1.71501,0.0204662, 0.0575644, 0.965982, 0.25129
8840,-4.47362,3.86581,1.71467,0.020554, 0.0576214, 0.966037, 0.251057
8841,-4.47341,3.86271,1.71435,0.0206544, 0.0577039, 0.966093, 0.250815
8842,-4.47318,3.8596,1.71404,0.0207938, 0.0578009, 0.96615, 0.250561
8843,-4.47292,3.85646,1.71374,0.0209701, 0.0579255, 0.966203, 0.250315
8844,-4.47265,3.85331,1.71345,0.0211683, 0.058069, 0.966255, 0.250061
8845,-4.47235,3.85013,1.71316,0.0213813, 0.0582388, 0.966311, 0.249789
8846,-4.47204,3.84693,1.71289,0.0216015, 0.0584038, 0.966372, 0.249495
8847,-4.4717,3.84371,1.71262,0.0218297, 0.0585832, 0.966433, 0.249197
8848,-4.47135,3.84047,1.71234,0.0220875, 0.058759, 0.966494, 0.248897
8849,-4.47583,3.85098,1.71249,0.0220924, 0.0590803, 0.966356, 0.249355
8850,-4.47551,3.84787,1.71218,0.022349, 0.059281, 0.966417, 0.249047
8851,-4.47517,3.84474,1.71187,0.0226096, 0.0594848, 0.966479, 0.248733
8852,-4.47481,3.84158,1.71157,0.0228514, 0.0596891, 0.966549, 0.248392
8853,-4.47443,3.83841,1.71127,0.0230821, 0.0598908, 0.966615, 0.248064
8854,-4.47404,3.83521,1.71097,0.0232998, 0.0601095, 0.966682, 0.247728
8855,-4.47364,3.83199,1.71068,0.0235343, 0.0602991, 0.966754, 0.247379
8856,-4.47323,3.82874,1.7104,0.0237702, 0.0604649, 0.96683, 0.247021
8857,-4.47281,3.82547,1.71013,0.0240052, 0.0606144, 0.966907, 0.246658
8858,-4.47238,3.82216,1.70987,0.024223, 0.0607587, 0.966983, 0.246303
8859,-4.47194,3.81883,1.70961,0.0244243, 0.0608811, 0.967066, 0.245929
8860,-4.47675,3.82928,1.71001,0.0243886, 0.0610664, 0.966973, 0.246251
8861,-4.47635,3.82605,1.70973,0.0245904, 0.0612023, 0.967054, 0.24588
8862,-4.47595,3.82279,1.70947,0.0248129, 0.0613398, 0.967132, 0.245516
8863,-4.47553,3.81951,1.70922,0.0250527, 0.0614948, 0.96721, 0.245142
8864,-4.47511,3.81621,1.70898,0.0252735, 0.0616477, 0.967292, 0.244759
8865,-4.47468,3.81288,1.70875,0.0255177, 0.0617823, 0.967371, 0.244388
8866,-4.47424,3.80953,1.70854,0.0257567, 0.0619155, 0.967452, 0.244007
8867,-4.47379,3.80616,1.70833,0.0259963, 0.0620443, 0.967535, 0.243622
8868,-4.47334,3.80276,1.70813,0.0262353, 0.062139, 0.967618, 0.243241
8869,-4.47287,3.79934,1.70794,0.0264529, 0.0622378, 0.967699, 0.242867
8870,-4.4724,3.7959,1.70777,0.0266504, 0.0623318, 0.967788, 0.242468
8871,-4.4772,3.80629,1.70813,0.0266216, 0.0625191, 0.967718, 0.242701
8872,-4.47677,3.80296,1.70794,0.0268112, 0.0626401, 0.967797, 0.242335
8873,-4.47633,3.79961,1.70776,0.0269903, 0.0627485, 0.96788, 0.241957
8874,-4.47589,3.79624,1.70761,0.0271607, 0.0628426, 0.967965, 0.241573
8875,-4.47544,3.79284,1.70747,0.027327, 0.0629431, 0.968048, 0.241192
8876,-4.47498,3.78943,1.70735,0.0274863, 0.0630235, 0.968136, 0.240802
8877,-4.47452,3.786,1.70725,0.0276491, 0.0630796, 0.968224, 0.240413
8878,-4.47406,3.78256,1.70717,0.0278082, 0.0631295, 0.96832, 0.239996
8879,-4.47359,3.77909,1.70711,0.0279632, 0.063183, 0.968417, 0.239573
8880,-4.47311,3.77561,1.70706,0.0281288, 0.0632091, 0.968518, 0.239138
8881,-4.47263,3.77211,1.70703,0.0282775, 0.063231, 0.968621, 0.238694
8882,-4.47745,3.78246,1.70727,0.0282144, 0.0633769, 0.968547, 0.238966
8883,-4.47702,3.77907,1.70723,0.0283447, 0.0633991, 0.968653, 0.238514
8884,-4.47657,3.77567,1.70721,0.0284458, 0.0634204, 0.96876, 0.238062
8885,-4.47613,3.77226,1.7072,0.0285135, 0.0634265, 0.96887, 0.237603
8886,-4.47568,3.76883,1.7072,0.0285999, 0.0633963, 0.968987, 0.237124
8887,-4.47522,3.76539,1.70721,0.0286643, 0.0633792, 0.969111, 0.236614
8888,-4.47475,3.76194,1.70723,0.0287068, 0.0633485, 0.969233, 0.236115
8889,-4.47428,3.75848,1.70727,0.0287241, 0.0633295, 0.969354, 0.235623
8890,-4.47379,3.755,1.70731,0.0287382, 0.0633016, 0.969475, 0.235127
8891,-4.47331,3.75152,1.70735,0.0287659, 0.0632827, 0.969597, 0.234624
8892,-4.47281,3.74803,1.7074,0.0287969, 0.0632779, 0.969718, 0.234123
8893,-4.47768,3.75862,1.70777,0.0286825, 0.0634443, 0.969678, 0.23426
8894,-4.47723,3.75526,1.7078,0.0286926, 0.0634525, 0.969804, 0.233731
8895,-4.47677,3.7519,1.70784,0.0286849, 0.063468, 0.969925, 0.233225
8896,-4.47629,3.74853,1.70788,0.0286158, 0.0635068, 0.970043, 0.232734
8897,-4.47581,3.74516,1.70793,0.0285409, 0.0635388, 0.97016, 0.232245
8898,-4.47532,3.74179,1.70797,0.0284881, 0.0635734, 0.970279, 0.231743
8899,-4.47482,3.73841,1.70802,0.0284556, 0.0636346, 0.970397, 0.231237
8900,-4.47431,3.73504,1.70807,0.0284204, 0.0637021, 0.97051, 0.23075
8901,-4.47379,3.73166,1.70812,0.0283963, 0.0637559, 0.970624, 0.230254
8902,-4.47325,3.72828,1.70817,0.0283867, 0.0638102, 0.970741, 0.229749
8903,-4.47271,3.7249,1.70821,0.0283896, 0.0638791, 0.970858, 0.229233
8904,-4.47777,3.73563,1.70863,0.0282679, 0.0640567, 0.970795, 0.229468
8905,-4.47727,3.73238,1.70865,0.0283053, 0.0641282, 0.970914, 0.228939
8906,-4.47675,3.72913,1.70867,0.0283512, 0.064195, 0.971033, 0.22841
8907,-4.47622,3.72587,1.70868,0.0283812, 0.0642777, 0.971154, 0.227867
8908,-4.47568,3.72262,1.70869,0.0284015, 0.0643504, 0.971274, 0.227331
8909,-4.47513,3.71936,1.7087,0.0284174, 0.0644388, 0.971397, 0.226776
8910,-4.47457,3.7161,1.70871,0.0284313, 0.0645276, 0.971523, 0.226211
8911,-4.474,3.71284,1.7087,0.0284365, 0.0646074, 0.97165, 0.225641
8912,-4.47343,3.70958,1.7087,0.0284468, 0.064694, 0.971778, 0.225062
8913,-4.47285,3.70631,1.70868,0.0284441, 0.0647931, 0.971908, 0.224474
8914,-4.47226,3.70305,1.70866,0.0284461, 0.0648814, 0.972038, 0.223882
8915,-4.47759,3.7141,1.70909,0.0282653, 0.0651048, 0.972021, 0.223913
8916,-4.47706,3.71097,1.70905,0.0282464, 0.0652127, 0.972157, 0.223295
8917,-4.47652,3.70785,1.70899,0.0282231, 0.0653118, 0.972298, 0.222653
8918,-4.47598,3.70472,1.70892,0.0281851, 0.0654183, 0.972439, 0.222012
8919,-4.47543,3.70159,1.70886,0.0281538, 0.06553, 0.972579, 0.221369
8920,-4.47488,3.69847,1.70878,0.0281119, 0.0656439, 0.972722, 0.220708
8921,-4.47432,3.69534,1.7087,0.0280626, 0.0657671, 0.972873, 0.22001
8922,-4.47376,3.69221,1.70863,0.0279966, 0.065894, 0.973025, 0.21931
8923,-4.4732,3.68908,1.70855,0.0279066, 0.0660139, 0.97318, 0.218596
8924,-4.47264,3.68595,1.70847,0.027804, 0.0661282, 0.973338, 0.217871
8925,-4.47207,3.68281,1.7084,0.0277072, 0.066242, 0.973504, 0.217102
8926,-4.47758,3.69392,1.7086,0.0275182, 0.066436, 0.973465, 0.217243
8927,-4.47707,3.69092,1.70851,0.0274187, 0.0665191, 0.973637, 0.216459
8928,-4.47657,3.68791,1.70842,0.0273144, 0.0665882, 0.973808, 0.215679
8929,-4.47606,3.68489,1.70833,0.0272227, 0.0666609, 0.973985, 0.214867
8930,-4.47556,3.68187,1.70825,0.027139, 0.0667179, 0.974168, 0.21403
8931,-4.47997,3.69071,1.7085,0.0272086, 0.0665732, 0.97417, 0.214059
8932,-4.4795,3.68776,1.70841,0.0271289, 0.0666249, 0.974355, 0.213206
8933,-4.47903,3.6848,1.70833,0.0270565, 0.0666664, 0.974545, 0.212335
8934,-4.47856,3.68184,1.70825,0.0270016, 0.0667092, 0.974739, 0.211436
8935,-4.47809,3.67887,1.70817,0.026941, 0.066741, 0.974931, 0.210544
8936,-4.47761,3.6759,1.7081,0.0268984, 0.0667863, 0.975126, 0.20963
8937,-4.47713,3.67292,1.70803,0.0268554, 0.066811, 0.975325, 0.208701
8938,-4.48096,3.68087,1.70817,0.0269157, 0.0666806, 0.975398, 0.208392
8939,-4.48052,3.67798,1.70809,0.026863, 0.0667098, 0.975597, 0.207456
8940,-4.48008,3.67508,1.70801,0.0268076, 0.0667379, 0.9758, 0.206498
8941,-4.47964,3.67217,1.70794,0.0267669, 0.0667683, 0.975999, 0.205551
8942,-4.4792,3.66926,1.70787,0.0267239, 0.0668046, 0.976198, 0.204596
8943,-4.47876,3.66634,1.7078,0.0266893, 0.0668212, 0.976399, 0.203637
8944,-4.47833,3.66342,1.70773,0.026646, 0.0668204, 0.976604, 0.202654
8945,-4.4779,3.66048,1.70767,0.0265945, 0.066787, 0.976815, 0.201655
8946,-4.47747,3.65754,1.7076,0.0265304, 0.0667413, 0.977024, 0.200664
8947,-4.47705,3.65459,1.70753,0.0264626, 0.0666595, 0.977237, 0.199659
8948,-4.47663,3.65162,1.70746,0.0263862, 0.0665375, 0.977451, 0.198659
8949,-4.4808,3.66035,1.70725,0.0263386, 0.0665343, 0.977426, 0.198793
8950,-4.48044,3.65749,1.70715,0.0262473, 0.066384, 0.977642, 0.197789
8951,-4.48008,3.65462,1.70705,0.0261322, 0.0661829, 0.977861, 0.196784
8952,-4.47973,3.65173,1.70693,0.0259919, 0.0659352, 0.978085, 0.195774
8953,-4.47939,3.64883,1.70681,0.0258344, 0.0656678, 0.978309, 0.194759
8954,-4.47904,3.64592,1.70669,0.0256666, 0.0653696, 0.978539, 0.193726
8955,-4.4787,3.643,1.70657,0.0254935, 0.0650668, 0.97877, 0.192678
8956,-4.47835,3.64007,1.70645,0.0253306, 0.0647441, 0.979003, 0.191624
8957,-4.48201,3.648,1.70654,0.0253778, 0.0645728, 0.979009, 0.191646
8958,-4.48171,3.64515,1.70641,0.0252154, 0.0642134, 0.979242, 0.190595
8959,-4.4814,3.64228,1.70628,0.0250502, 0.0638244, 0.979479, 0.189523
8960,-4.4811,3.6394,1.70615,0.0248864, 0.0634023, 0.979721, 0.188436
8961,-4.48079,3.63651,1.70603,0.0247115, 0.0629824, 0.979959, 0.187359
8962,-4.48047,3.63362,1.70591,0.0245331, 0.0625711, 0.980196, 0.186276
8963,-4.48015,3.63072,1.70579,0.0243627, 0.0621855, 0.980428, 0.185206
8964,-4.47983,3.62781,1.70568,0.0242113, 0.0617892, 0.98066, 0.184126
8965,-4.4795,3.6249,1.70557,0.024058, 0.0614068, 0.980889, 0.183051
8966,-4.47916,3.62199,1.70546,0.023896, 0.0610503, 0.981115, 0.181976
8967,-4.47881,3.61908,1.70535,0.0237232, 0.0607067, 0.981337, 0.180915
8968,-4.48262,3.62762,1.70539,0.0236646, 0.0606698, 0.981347, 0.180882
8969,-4.48232,3.62482,1.70527,0.0235147, 0.0603395, 0.981566, 0.179816
8970,-4.482,3.62203,1.70515,0.023364, 0.0600377, 0.981781, 0.17876
8971,-4.48168,3.61923,1.70504,0.0232195, 0.0597768, 0.981989, 0.17772
8972,-4.48134,3.61644,1.70494,0.0230758, 0.0595346, 0.982195, 0.176678
8973,-4.48099,3.61365,1.70484,0.0229262, 0.0592907, 0.9824, 0.175638
8974,-4.48064,3.61086,1.70475,0.0227772, 0.0590926, 0.982599, 0.17461
8975,-4.48027,3.60807,1.70467,0.022636, 0.0589026, 0.982795, 0.173586
8976,-4.47989,3.60528,1.7046,0.0224978, 0.0587187, 0.982991, 0.172553
8977,-4.4795,3.60248,1.70454,0.0223745, 0.0585524, 0.983184, 0.171526
8978,-4.4791,3.59969,1.70449,0.0222681, 0.0584113, 0.983374, 0.170493
8979,-4.48332,3.60877,1.70441,0.0222114, 0.058502, 0.983335, 0.170692
8980,-4.48296,3.6061,1.70433,0.022135, 0.0583678, 0.983525, 0.169653
8981,-4.48259,3.60341,1.70426,0.0220578, 0.0582431, 0.983713, 0.16861
8982,-4.4822,3.60072,1.7042,0.0220002, 0.0581281, 0.983905, 0.167538
8983,-4.4818,3.59803,1.70414,0.0219563, 0.0580021, 0.9841, 0.166433
8984,-4.48138,3.59533,1.7041,0.0219277, 0.0578934, 0.984298, 0.165303
8985,-4.48095,3.59262,1.70405,0.0219241, 0.0577734, 0.984497, 0.164154
8986,-4.48051,3.5899,1.70402,0.0219186, 0.0576507, 0.984699, 0.162983
8987,-4.48445,3.59837,1.704,0.0219489, 0.057622, 0.984696, 0.163006
8988,-4.48404,3.59574,1.70394,0.0219515, 0.0575111, 0.984898, 0.161823
8989,-4.48362,3.5931,1.7039,0.0219626, 0.0573863, 0.985102, 0.160619
8990,-4.48319,3.59044,1.70386,0.0219688, 0.0572756, 0.985307, 0.159398
8991,-4.48276,3.58778,1.70382,0.0219697, 0.0571817, 0.985509, 0.158175
8992,-4.48231,3.58511,1.70379,0.0219514, 0.0570879, 0.985713, 0.156935
8993,-4.48186,3.58242,1.70377,0.0219155, 0.057013, 0.985914, 0.155699
8994,-4.4814,3.57972,1.70375,0.0218695, 0.0569382, 0.986116, 0.154451
8995,-4.48095,3.57702,1.70374,0.0218119, 0.0568797, 0.986317, 0.153193
8996,-4.48048,3.5743,1.70373,0.0217392, 0.0568412, 0.986514, 0.151943
8997,-4.48001,3.57157,1.70372,0.0216593, 0.056809, 0.986709, 0.150692
8998,-4.48422,3.58073,1.70369,0.0215764, 0.0569255, 0.986717, 0.15061
8999,-4.48381,3.57811,1.70366,0.0215026, 0.0568911, 0.98691, 0.149368
9000,-4.48339,3.57548,1.70364,0.0214172, 0.0568731, 0.987102, 0.148112
9001,-4.48297,3.57284,1.70362,0.021327, 0.0568664, 0.987292, 0.146851
9002,-4.48254,3.57018,1.70359,0.0212452, 0.0568665, 0.987479, 0.145603
9003,-4.4821,3.56752,1.70356,0.0211693, 0.0568763, 0.987665, 0.144345
9004,-4.48165,3.56484,1.70354,0.0210998, 0.0569067, 0.987846, 0.143097
9005,-4.4812,3.56214,1.7035,0.0210357, 0.0569508, 0.988027, 0.141835
9006,-4.48074,3.55944,1.70347,0.0209821, 0.0570202, 0.988204, 0.140572
9007,-4.48026,3.55672,1.70343,0.0209513, 0.0570767, 0.988382, 0.139301
9008,-4.47978,3.55398,1.70339,0.0209509, 0.0571542, 0.988557, 0.13802
9009,-4.4842,3.56351,1.70345,0.0208762, 0.0573067, 0.988522, 0.13822
9010,-4.48377,3.56088,1.70338,0.0208859, 0.0573827, 0.988697, 0.136929
9011,-4.48333,3.55824,1.70331,0.0209013, 0.0574604, 0.988871, 0.135634
9012,-4.48288,3.55558,1.70324,0.0209298, 0.0575161, 0.989043, 0.134341
9013,-4.48242,3.5529,1.70317,0.0209564, 0.0575384, 0.989216, 0.133048
9014,-4.48196,3.5502,1.70309,0.0209588, 0.057537, 0.98939, 0.131748
9015,-4.4815,3.54747,1.70301,0.0209319, 0.0575116, 0.98956, 0.130478
9016,-4.48103,3.54472,1.70292,0.0208895, 0.0574478, 0.989732, 0.129203
9017,-4.48056,3.54194,1.70284,0.0208106, 0.05737, 0.989905, 0.127923
9018,-4.4801,3.53914,1.70275,0.0207138, 0.0572464, 0.990076, 0.126663
9019,-4.47963,3.53631,1.70266,0.0206048, 0.0570907, 0.990248, 0.125403
9020,-4.48443,3.54605,1.70271,0.0204478, 0.057151, 0.990258, 0.125318
9021,-4.48403,3.54331,1.70259,0.0203463, 0.0569597, 0.990429, 0.124061
9022,-4.48363,3.54055,1.70246,0.0202403, 0.05675, 0.990601, 0.122796
9023,-4.48323,3.53776,1.70233,0.0201506, 0.0565128, 0.990772, 0.12154
9024,-4.48282,3.53495,1.70219,0.0200671, 0.0562897, 0.990938, 0.120297
9025,-4.4824,3.53212,1.70204,0.0199917, 0.0560478, 0.991105, 0.119036
9026,-4.48198,3.52928,1.70189,0.0199063, 0.0558069, 0.991272, 0.117765
9027,-4.48155,3.52641,1.70173,0.0198251, 0.055567, 0.991435, 0.116517
9028,-4.48111,3.52353,1.70157,0.0197422, 0.0553273, 0.991595, 0.115274
9029,-4.48066,3.52064,1.7014,0.0196596, 0.0551074, 0.991754, 0.114016
9030,-4.4802,3.51773,1.70122,0.0195663, 0.0548794, 0.991912, 0.112766
9031,-4.47973,3.51481,1.70104,0.0194904, 0.054665, 0.992069, 0.111496
9032,-4.47926,3.51188,1.70086,0.0194168, 0.0544274, 0.992227, 0.110211
9033,-4.47878,3.50893,1.70067,0.0193483, 0.054186, 0.992386, 0.108899
9034,-4.48451,3.52007,1.7008,0.0190643, 0.054383, 0.992381, 0.108902
9035,-4.48411,3.51725,1.70058,0.0190082, 0.0541474, 0.992537, 0.107597
9036,-4.4837,3.51442,1.70035,0.018954, 0.0538975, 0.992696, 0.106255
9037,-4.48328,3.51158,1.70012,0.018914, 0.0536435, 0.992853, 0.104916
9038,-4.48285,3.50871,1.69989,0.018875, 0.0533889, 0.99301, 0.103555
9039,-4.48241,3.50584,1.69965,0.0188424, 0.0531264, 0.993169, 0.102162
9040,-4.48197,3.50294,1.6994,0.0187999, 0.0528445, 0.99333, 0.100742
9041,-4.48152,3.50003,1.69915,0.0187528, 0.0525411, 0.993493, 0.0992911
9042,-4.48664,3.50972,1.69948,0.01868, 0.0525684, 0.993461, 0.0996166
9043,-4.48625,3.5069,1.69921,0.0186392, 0.0522627, 0.993624, 0.0981423
9044,-4.48584,3.50407,1.69894,0.0185959, 0.051942, 0.993789, 0.0966374
9045,-4.48543,3.50123,1.69866,0.0185406, 0.051622, 0.993955, 0.0951091
9046,-4.4893,3.50895,1.69887,0.0186544, 0.051372, 0.993996, 0.0947908
9047,-4.48891,3.50615,1.69859,0.018602, 0.0510738, 0.994159, 0.0932393
9048,-4.48852,3.50335,1.6983,0.0185551, 0.0507851, 0.994322, 0.0916492
9049,-4.48813,3.50054,1.69802,0.0184965, 0.0505181, 0.994486, 0.0900139
9050,-4.48772,3.49771,1.69773,0.0184373, 0.050248, 0.99465, 0.0883585
9051,-4.48731,3.49488,1.69745,0.0183771, 0.0500204, 0.994809, 0.0866898
9052,-4.4869,3.49204,1.69718,0.0183172, 0.0498137, 0.994967, 0.0849979
9053,-4.48648,3.48919,1.6969,0.0182638, 0.0496329, 0.99512, 0.0832988
9054,-4.48605,3.48633,1.69663,0.0182069, 0.0494637, 0.995274, 0.0815565
9055,-4.48562,3.48347,1.69637,0.0181403, 0.0493257, 0.995423, 0.0798154
9056,-4.48518,3.4806,1.6961,0.0180752, 0.0492127, 0.995569, 0.0780563
9057,-4.48965,3.48981,1.69612,0.0179651, 0.0492858, 0.995596, 0.0777008
9058,-4.48928,3.48705,1.69584,0.0178881, 0.0491897, 0.995738, 0.0759418
9059,-4.4889,3.48428,1.69556,0.0178114, 0.0491133, 0.995876, 0.0741769
9060,-4.48851,3.48151,1.69528,0.0177377, 0.049051, 0.996011, 0.0723995
9061,-4.48812,3.47872,1.695,0.0176559, 0.0489824, 0.996144, 0.0706124
9062,-4.48772,3.47592,1.69473,0.0175873, 0.0489045, 0.996275, 0.0688153
9063,-4.48732,3.4731,1.69446,0.0175332, 0.0488441, 0.996401, 0.0670182
9064,-4.48691,3.47027,1.6942,0.0174901, 0.0487772, 0.996526, 0.0652056
9065,-4.48649,3.46742,1.69393,0.0174591, 0.0487161, 0.996646, 0.0633959
9066,-4.48607,3.46456,1.69367,0.0174343, 0.0486573, 0.996762, 0.0615983
9067,-4.48564,3.46168,1.6934,0.0174399, 0.0486056, 0.996874, 0.0597884
9068,-4.48521,3.45878,1.69314,0.0174384, 0.0485501, 0.996984, 0.0579807
9069,-4.48477,3.45587,1.69287,0.0174273, 0.0485111, 0.99709, 0.0561707
9070,-4.48433,3.45293,1.69261,0.0174088, 0.0484856, 0.997192, 0.0543612
9071,-4.4901,3.46405,1.69279,0.0170859, 0.0488185, 0.997192, 0.0541577
9072,-4.48976,3.46125,1.6925,0.0170474, 0.0488065, 0.99729, 0.0523468
9073,-4.48941,3.45843,1.69222,0.0169955, 0.0488032, 0.997384, 0.0505429
9074,-4.48906,3.4556,1.69193,0.0169022, 0.048786, 0.997476, 0.0487517
9075,-4.48871,3.45276,1.69165,0.016752, 0.0487718, 0.997564, 0.0469803
9076,-4.48837,3.44989,1.69138,0.0165455, 0.0487949, 0.997647, 0.0452199
9077,-4.48803,3.44701,1.69112,0.0163128, 0.0488523, 0.997727, 0.0434522
9078,-4.4877,3.4441,1.69087,0.016071, 0.0489125, 0.997804, 0.0416825
9079,-4.48737,3.44117,1.69066,0.0158336, 0.0489803, 0.997877, 0.0399087
9080,-4.48704,3.43821,1.69047,0.0155983, 0.0490419, 0.997948, 0.0380884
9081,-4.48671,3.43522,1.69031,0.0153834, 0.0490957, 0.998017, 0.0362518
9082,-4.4926,3.44625,1.69065,0.0151362, 0.0493356, 0.998009, 0.0362687
9083,-4.49236,3.44335,1.69049,0.0149457, 0.0493592, 0.998076, 0.034411
9084,-4.49212,3.44042,1.69034,0.0147833, 0.0493377, 0.998142, 0.0325472
9085,-4.49187,3.43746,1.69021,0.0146079, 0.0492854, 0.998207, 0.0306539
9086,-4.49163,3.43447,1.69007,0.0144038, 0.0492031, 0.998271, 0.0287556
9087,-4.49138,3.43144,1.68993,0.0141724, 0.0491347, 0.998331, 0.0268516
9088,-4.49112,3.42838,1.68979,0.0139, 0.0490909, 0.998387, 0.0249251
9089,-4.49086,3.42531,1.68966,0.013641, 0.0490957, 0.998436, 0.0229918
9090,-4.4906,3.42221,1.68953,0.0133338, 0.0491213, 0.998482, 0.0210463
9091,-4.49033,3.41909,1.68941,0.012973, 0.0491679, 0.998523, 0.0191113
9092,-4.49006,3.41594,1.6893,0.0125845, 0.0492055, 0.998562, 0.0171669
9093,-4.49606,3.42702,1.68958,0.0122064, 0.0494172, 0.998564, 0.0167129
9094,-4.49587,3.42397,1.68947,0.0118047, 0.049422, 0.998599, 0.0147615
9095,-4.49569,3.4209,1.68937,0.0114084, 0.0494185, 0.998631, 0.0128063
9096,-4.4955,3.4178,1.68929,0.0110234, 0.0493867, 0.99866, 0.0108574
9097,-4.49531,3.41466,1.68921,0.0106252, 0.0493176, 0.998687, 0.00889485
9098,-4.49512,3.41148,1.68915,0.0102213, 0.0492214, 0.998712, 0.0069083
9099,-4.49492,3.40826,1.68909,0.009837, 0.0490996, 0.998733, 0.00492695
9100,-4.49471,3.40501,1.68903,0.00947221, 0.0489665, 0.998751, 0.00289866
9101,-4.49449,3.40172,1.68898,0.00910659, 0.0488197, 0.998766, 0.000858442
9102,-4.49426,3.39841,1.68893,0.00875194, 0.0486514, 0.998777, -0.00118904
9103,-4.49401,3.39506,1.68888,0.00838107, 0.0484853, 0.998783, -0.00326
9104,-4.49999,3.40611,1.68914,0.00809029, 0.0486774, 0.998776, -0.00327726
9105,-4.49982,3.40287,1.68907,0.00772045, 0.0485022, 0.998779, -0.00536154
9106,-4.49964,3.3996,1.689,0.0073388, 0.0483452, 0.998776, -0.00747984
9107,-4.49944,3.39632,1.68893,0.00694484, 0.0481956, 0.998767, -0.00962141
9108,-4.49923,3.39301,1.68887,0.00654539, 0.0480681, 0.998753, -0.0117927
9109,-4.49901,3.38969,1.68881,0.00614228, 0.0479535, 0.998733, -0.0139748
9110,-4.49878,3.38634,1.68876,0.00572976, 0.0478491, 0.998707, -0.0161867
9111,-4.49853,3.38298,1.6887,0.00533147, 0.0477513, 0.998676, -0.0183925
9112,-4.49827,3.3796,1.68865,0.00494236, 0.0476519, 0.998639, -0.0206231
9113,-4.498,3.37621,1.6886,0.00457941, 0.0475514, 0.998596, -0.022871
9114,-4.49771,3.3728,1.68855,0.00421695, 0.0474533, 0.998548, -0.0251308
9115,-4.50355,3.38391,1.68868,0.00388009, 0.0476296, 0.998528, -0.025672
9116,-4.50334,3.3806,1.6886,0.00353227, 0.0475109, 0.998474, -0.0279109
9117,-4.50311,3.37729,1.68852,0.00318281, 0.0474025, 0.998416, -0.0301499
9118,-4.50287,3.37396,1.68844,0.00283592, 0.0472861, 0.998352, -0.0323818
9119,-4.50261,3.37061,1.68835,0.00248419, 0.0471599, 0.998284, -0.0346179
9120,-4.50234,3.36725,1.68826,0.00212242, 0.0470358, 0.998211, -0.0368409
9121,-4.50206,3.36388,1.68817,0.00175105, 0.0469085, 0.998134, -0.0390562
9122,-4.50176,3.36049,1.68808,0.00139863, 0.0467697, 0.998052, -0.0412677
9123,-4.50145,3.35709,1.68799,0.00104158, 0.0466412, 0.997965, -0.0434752
9124,-4.50113,3.35368,1.6879,0.000694099, 0.0465168, 0.997872, -0.0456914
9125,-4.5008,3.35026,1.68782,0.00035702, 0.0463859, 0.997773, -0.0479242
9126,-4.50611,3.36174,1.68799,0.000172387, 0.0466176, 0.997764, -0.0478881
9127,-4.50585,3.35844,1.68788,-0.000163935, 0.0464896, 0.99766, -0.0501287
9128,-4.50557,3.35512,1.68778,-0.0004877, 0.0463753, 0.99755, -0.0523671
9129,-4.50528,3.3518,1.68767,-0.000811204, 0.0462434, 0.997435, -0.0546199
9130,-4.50497,3.34846,1.68757,-0.00112005, 0.0461401, 0.997314, -0.056877
9131,-4.50465,3.34512,1.68748,-0.00142227, 0.0460542, 0.997187, -0.0591254
9132,-4.50432,3.34176,1.68739,-0.00173387, 0.0459742, 0.997054, -0.0613806
9133,-4.50397,3.3384,1.6873,-0.00205215, 0.0459189, 0.996916, -0.0636104
9134,-4.50798,3.34884,1.68753,-0.00203955, 0.0459937, 0.996909, -0.0636681
9135,-4.50768,3.34557,1.68744,-0.00236417, 0.0459577, 0.996765, -0.0658991
9136,-4.50736,3.3423,1.68736,-0.00269048, 0.045944, 0.996617, -0.0680965
9137,-4.50703,3.33902,1.68729,-0.00303738, 0.045938, 0.996463, -0.0702931
9138,-4.50669,3.33574,1.68723,-0.00337071, 0.0459327, 0.996307, -0.0724662
9139,-4.50634,3.33244,1.68717,-0.00369712, 0.0459264, 0.996148, -0.0746133
9140,-4.50597,3.32912,1.68713,-0.00402291, 0.0459173, 0.995985, -0.0767401
9141,-4.5056,3.3258,1.6871,-0.00433636, 0.0459115, 0.995819, -0.07885
9142,-4.50521,3.32246,1.68707,-0.00465031, 0.0459135, 0.995651, -0.0809329
9143,-4.5048,3.31911,1.68704,-0.0049454, 0.0458968, 0.995479, -0.0830148
9144,-4.50438,3.31575,1.68702,-0.00523366, 0.0458711, 0.995304, -0.0850828
9145,-4.5087,3.32637,1.68708,-0.00535053, 0.0459847, 0.995272, -0.0853795
9146,-4.50835,3.32311,1.68703,-0.00561947, 0.0459325, 0.995095, -0.0874345
9147,-4.50798,3.31984,1.68699,-0.00587329, 0.0458547, 0.994915, -0.0894781
9148,-4.50759,3.31656,1.68695,-0.00612109, 0.0457612, 0.994734, -0.0915053
9149,-4.50719,3.31327,1.68691,-0.00635808, 0.0456471, 0.994553, -0.0934933
9150,-4.50676,3.30997,1.68687,-0.00657843, 0.045533, 0.994369, -0.0954643
9151,-4.50632,3.30666,1.68683,-0.00678819, 0.0453983, 0.994184, -0.0974187
9152,-4.50587,3.30334,1.68678,-0.00699726, 0.0452554, 0.993996, -0.0993702
9153,-4.5101,3.31304,1.68703,-0.00695009, 0.0452709, 0.994045, -0.0988764
9154,-4.50969,3.30981,1.68697,-0.00713836, 0.0451086, 0.993855, -0.100831
9155,-4.50926,3.30657,1.6869,-0.00730774, 0.0449334, 0.993661, -0.102788
9156,-4.50881,3.30332,1.68684,-0.00746651, 0.0447403, 0.993466, -0.104732
9157,-4.51202,3.31086,1.68708,-0.00732498, 0.0444502, 0.993457, -0.104949
9158,-4.51159,3.30766,1.68701,-0.00745853, 0.0442687, 0.993256, -0.106896
9159,-4.51113,3.30446,1.68694,-0.00758578, 0.0440797, 0.993052, -0.108845
9160,-4.51066,3.30126,1.68687,-0.00770542, 0.0439007, 0.992845, -0.110778
9161,-4.51016,3.29805,1.68681,-0.00780942, 0.0437233, 0.992632, -0.112734
9162,-4.50965,3.29484,1.68674,-0.00791332, 0.0435511, 0.992416, -0.114676
9163,-4.50913,3.29163,1.68669,-0.00801058, 0.0433983, 0.992194, -0.116634
9164,-4.50859,3.28841,1.68663,-0.00811095, 0.0432557, 0.991965, -0.11861
9165,-4.50803,3.2852,1.68658,-0.00820761, 0.0431389, 0.991728, -0.120616
9166,-4.50746,3.28198,1.68654,-0.00829864, 0.0430133, 0.991485, -0.122634
9167,-4.50688,3.27877,1.6865,-0.00839533, 0.0429029, 0.991236, -0.124656
9168,-4.51081,3.28741,1.68664,-0.00849828, 0.0428912, 0.991196, -0.124975
9169,-4.51029,3.2843,1.68658,-0.00860995, 0.0428191, 0.99094, -0.127009
9170,-4.50976,3.28119,1.68651,-0.00872018, 0.0427619, 0.990676, -0.129056
9171,-4.50922,3.27809,1.68645,-0.00884568, 0.0427279, 0.990409, -0.131099
9172,-4.50866,3.27499,1.68638,-0.00898156, 0.0427099, 0.990132, -0.133167
9173,-4.5081,3.2719,1.68632,-0.00914305, 0.042695, 0.98985, -0.135242
9174,-4.50752,3.26881,1.68625,-0.00931185, 0.0427003, 0.989564, -0.137305
9175,-4.50693,3.26573,1.68619,-0.00948665, 0.042714, 0.989272, -0.139379
9176,-4.50633,3.26266,1.68612,-0.00965635, 0.0427257, 0.988973, -0.141469
9177,-4.50571,3.25958,1.68605,-0.0098194, 0.0427286, 0.988675, -0.143529
9178,-4.5099,3.26817,1.68641,-0.00990786, 0.0427038, 0.988669, -0.143568
9179,-4.50935,3.26518,1.68632,-0.0100646, 0.0427036, 0.988365, -0.145637
9180,-4.50879,3.2622,1.68622,-0.0102165, 0.0426783, 0.988058, -0.147703
9181,-4.50821,3.25922,1.68613,-0.0103541, 0.0426538, 0.987744, -0.149786
9182,-4.50761,3.25623,1.68604,-0.0104805, 0.0426226, 0.987428, -0.151856
9183,-4.50699,3.25324,1.68595,-0.0105959, 0.0425916, 0.987106, -0.153932
9184,-4.50636,3.25025,1.68586,-0.0106898, 0.0425179, 0.986783, -0.156006
9185,-4.50571,3.24725,1.68577,-0.0107812, 0.0424324, 0.986453, -0.158092
9186,-4.50504,3.24424,1.68568,-0.0108679, 0.0423286, 0.986119, -0.160188
9187,-4.50436,3.24123,1.6856,-0.0109607, 0.0422062, 0.985779, -0.16229
9188,-4.50366,3.23822,1.68551,-0.0110529, 0.0420768, 0.985437, -0.164379
9189,-4.50808,3.24767,1.68597,-0.0112089, 0.0421115, 0.98536, -0.164825
9190,-4.50745,3.24475,1.68586,-0.0113022, 0.0419915, 0.985011, -0.166919
9191,-4.50681,3.24183,1.68575,-0.0113954, 0.0418766, 0.98466, -0.169001
9192,-4.50615,3.23891,1.68564,-0.0115191, 0.0417645, 0.984299, -0.171108
9193,-4.50547,3.23599,1.68552,-0.0116338, 0.0416618, 0.983935, -0.173209
9194,-4.50479,3.23307,1.68541,-0.0117812, 0.0415869, 0.983567, -0.175293
9195,-4.50409,3.23016,1.6853,-0.0119235, 0.041518, 0.983198, -0.17736
9196,-4.50338,3.22725,1.68519,-0.012071, 0.041475, 0.982825, -0.179415
9197,-4.50266,3.22434,1.68507,-0.0122352, 0.0414477, 0.982448, -0.181462
9198,-4.50193,3.22144,1.68496,-0.0124085, 0.0414333, 0.982066, -0.183507
9199,-4.50118,3.21853,1.68485,-0.0125771, 0.041421, 0.981682, -0.185546
9200,-4.50578,3.22889,1.68532,-0.0127333, 0.0415958, 0.981685, -0.185481
9201,-4.5051,3.2261,1.68519,-0.0129199, 0.0415747, 0.981295, -0.187523
9202,-4.50441,3.22331,1.68506,-0.0130997, 0.0415669, 0.980901, -0.18956
9203,-4.50371,3.22052,1.68493,-0.013283, 0.0415474, 0.980506, -0.191589
9204,-4.50298,3.21773,1.6848,-0.0134542, 0.0415327, 0.980108, -0.193604
9205,-4.50224,3.21494,1.68467,-0.0136196, 0.0414987, 0.979704, -0.195634
9206,-4.50147,3.21215,1.68455,-0.0137662, 0.0414358, 0.979294, -0.197679
9207,-4.50068,3.20935,1.68443,-0.0138925, 0.0413685, 0.978884, -0.199702
9208,-4.49987,3.20655,1.68431,-0.0139946, 0.0412681, 0.978468, -0.201747
9209,-4.49903,3.20374,1.68419,-0.0140839, 0.0411647, 0.978047, -0.20379
9210,-4.49817,3.20092,1.68407,-0.0141723, 0.0410723, 0.97762, -0.205844
9211,-4.50198,3.21234,1.68421,-0.014229, 0.0412799, 0.977535, -0.206202
9212,-4.50117,3.20964,1.68406,-0.0142997, 0.0411801, 0.9771, -0.208267
9213,-4.50034,3.20694,1.68392,-0.0143578, 0.0410597, 0.976662, -0.210331
9214,-4.49948,3.20423,1.68377,-0.0144125, 0.0409357, 0.97622, -0.212392
9215,-4.4986,3.20153,1.68363,-0.0144628, 0.0408276, 0.975768, -0.214476
9216,-4.49768,3.19884,1.68349,-0.0145041, 0.0407417, 0.975311, -0.216562
9217,-4.49675,3.19614,1.68334,-0.0145498, 0.0406656, 0.974846, -0.218657
9218,-4.49579,3.19345,1.6832,-0.0145845, 0.0406096, 0.974373, -0.220763
9219,-4.4948,3.19076,1.68306,-0.0146159, 0.0405719, 0.973892, -0.222879
9220,-4.49379,3.18808,1.68293,-0.0146304, 0.0405584, 0.973403, -0.225005
9221,-4.49275,3.1854,1.6828,-0.014625, 0.0405453, 0.972906, -0.227148
9222,-4.4968,3.19722,1.68331,-0.0146581, 0.0407778, 0.972905, -0.22711
9223,-4.49582,3.19466,1.68316,-0.014639, 0.0407704, 0.972398, -0.229271
9224,-4.49482,3.1921,1.68301,-0.0146173, 0.0407855, 0.971881, -0.231452
9225,-4.4938,3.18955,1.68286,-0.01459, 0.0408126, 0.971357, -0.233637
9226,-4.49275,3.18698,1.68272,-0.0145579, 0.0408285, 0.970825, -0.235837
9227,-4.49169,3.18442,1.68257,-0.0145311, 0.0408318, 0.97029, -0.23803
9228,-4.4906,3.18185,1.68243,-0.0145051, 0.0408238, 0.969747, -0.240237
9229,-4.48949,3.17927,1.68229,-0.0144904, 0.0407868, 0.969196, -0.242457
9230,-4.49363,3.18991,1.68311,-0.0144918, 0.0408272, 0.969169, -0.242558
9231,-4.49257,3.18742,1.68295,-0.0144841, 0.0407594, 0.968612, -0.244784
9232,-4.49149,3.18492,1.6828,-0.0144871, 0.0406805, 0.96805, -0.247013
9233,-4.49039,3.18241,1.68265,-0.0145157, 0.0405907, 0.967479, -0.249249
9234,-4.48926,3.17989,1.6825,-0.0145469, 0.0404808, 0.966902, -0.251497
9235,-4.48811,3.17735,1.68237,-0.0145755, 0.0403576, 0.966317, -0.253753
9236,-4.48694,3.17481,1.68224,-0.0145915, 0.0402183, 0.965727, -0.256011
9237,-4.48574,3.17225,1.68212,-0.0145936, 0.0400743, 0.965122, -0.258303
9238,-4.48452,3.16968,1.682,-0.0145941, 0.0399043, 0.964512, -0.260597
9239,-4.48327,3.1671,1.68189,-0.0145613, 0.03971, 0.963896, -0.262898
9240,-4.482,3.16451,1.68178,-0.0145086, 0.0394948, 0.963273, -0.265207
9241,-4.48655,3.17587,1.6827,-0.0146043, 0.0395694, 0.963134, -0.265695
9242,-4.48535,3.17338,1.68258,-0.0145367, 0.0393361, 0.962497, -0.268031
9243,-4.48412,3.17088,1.68245,-0.014476, 0.039109, 0.961853, -0.270371
9244,-4.48287,3.16837,1.68232,-0.0144072, 0.0388603, 0.961207, -0.272695
9245,-4.4816,3.16585,1.68219,-0.0143461, 0.0385899, 0.960558, -0.275016
9246,-4.4803,3.16333,1.68206,-0.0143077, 0.0383224, 0.959901, -0.27734
9247,-4.47898,3.1608,1.68193,-0.0142927, 0.0380381, 0.959241, -0.279654
9248,-4.47764,3.15827,1.68181,-0.0142859, 0.037747, 0.958579, -0.281952
9249,-4.47628,3.15573,1.68169,-0.0142866, 0.0374687, 0.957918, -0.284227
9250,-4.47491,3.15319,1.68157,-0.0142799, 0.0371825, 0.957255, -0.28649
9251,-4.47351,3.15065,1.68146,-0.0142699, 0.0369124, 0.956588, -0.288745
9252,-4.47882,3.16243,1.68231,-0.0144214, 0.0370813, 0.956605, -0.288657
9253,-4.47751,3.15999,1.68217,-0.0144204, 0.0368277, 0.955945, -0.29087
9254,-4.47618,3.15755,1.68204,-0.0144081, 0.0365969, 0.955287, -0.293052
9255,-4.47483,3.1551,1.68191,-0.0143912, 0.0363769, 0.954618, -0.295252
9256,-4.47899,3.16414,1.68291,-0.0143503, 0.036215, 0.954675, -0.295092
9257,-4.47767,3.16176,1.68278,-0.0143471, 0.0360184, 0.954013, -0.297247
9258,-4.47633,3.15938,1.68265,-0.0143523, 0.0358482, 0.953357, -0.299365
9259,-4.47497,3.157,1.68253,-0.0143546, 0.0356758, 0.952702, -0.301464
9260,-4.47833,3.16443,1.68336,-0.0143258, 0.0353477, 0.952619, -0.301765
9261,-4.47699,3.1621,1.68324,-0.0143424, 0.0351859, 0.951972, -0.30382
9262,-4.47564,3.15977,1.68311,-0.0143556, 0.0350167, 0.951323, -0.305864
9263,-4.47426,3.15744,1.683,-0.0143867, 0.0348665, 0.950674, -0.307891
9264,-4.47287,3.1551,1.68288,-0.0144174, 0.0347232, 0.950033, -0.309878
9265,-4.47146,3.15277,1.68277,-0.0144519, 0.0345715, 0.949394, -0.311843
9266,-4.47003,3.15042,1.68266,-0.0144972, 0.0344312, 0.948764, -0.313769
9267,-4.46858,3.14808,1.68254,-0.0145571, 0.0342875, 0.948131, -0.315689
9268,-4.46711,3.14573,1.68243,-0.0146102, 0.0341625, 0.947503, -0.31758
9269,-4.46562,3.14338,1.68232,-0.0146636, 0.0340512, 0.946882, -0.319437
9270,-4.46411,3.14103,1.68221,-0.0147299, 0.0339536, 0.946266, -0.321264
9271,-4.46843,3.14976,1.6831,-0.0149453, 0.0339054, 0.946186, -0.321494
9272,-4.46701,3.14749,1.68296,-0.0150178, 0.0338354, 0.945564, -0.323325
9273,-4.46556,3.14522,1.68282,-0.0150983, 0.0337963, 0.944939, -0.325147
9274,-4.46409,3.14295,1.68269,-0.0151822, 0.0337755, 0.94432, -0.326937
9275,-4.46261,3.14068,1.68255,-0.0152812, 0.0337817, 0.943699, -0.32872
9276,-4.46111,3.13841,1.68241,-0.015389, 0.0338114, 0.943079, -0.330488
9277,-4.45958,3.13614,1.68227,-0.0154986, 0.0338445, 0.94246, -0.33224
9278,-4.45804,3.13387,1.68214,-0.0156075, 0.0338904, 0.941841, -0.33398
9279,-4.45648,3.1316,1.682,-0.015724, 0.0339489, 0.941222, -0.335709
9280,-4.45489,3.12933,1.68186,-0.0158305, 0.0340094, 0.940604, -0.337426
9281,-4.45328,3.12705,1.68173,-0.0159088, 0.0340643, 0.939991, -0.339121
9282,-4.45789,3.13685,1.68237,-0.0160906, 0.0341648, 0.940057, -0.33892
9283,-4.45635,3.13465,1.68221,-0.0161807, 0.0342014, 0.939444, -0.340608
9284,-4.45479,3.13244,1.68205,-0.016251, 0.0342395, 0.938824, -0.342306
9285,-4.45321,3.13022,1.68188,-0.0163234, 0.0342595, 0.938215, -0.343967
9286,-4.4516,3.128,1.68171,-0.0163886, 0.0342734, 0.937609, -0.34561
9287,-4.44996,3.12576,1.68154,-0.0164466, 0.0342573, 0.936998, -0.34726
9288,-4.4483,3.12351,1.68136,-0.0165058, 0.0342336, 0.936383, -0.348916
9289,-4.44661,3.12125,1.68117,-0.0165836, 0.0342127, 0.935768, -0.35056
9290,-4.45103,3.13066,1.68198,-0.0166894, 0.0341794, 0.93579, -0.350499
9291,-4.44939,3.12847,1.68177,-0.0167621, 0.0341689, 0.935181, -0.352118
9292,-4.44773,3.12628,1.68156,-0.0168529, 0.0341614, 0.934568, -0.353739
9293,-4.44605,3.12407,1.68135,-0.0169373, 0.0341535, 0.933948, -0.355369
9294,-4.44434,3.12186,1.68113,-0.017026, 0.0341308, 0.933338, -0.356967
9295,-4.44261,3.11965,1.68091,-0.0171192, 0.034112, 0.932726, -0.35856
9296,-4.44085,3.11743,1.68068,-0.017217, 0.0341083, 0.932113, -0.360146
9297,-4.43907,3.1152,1.68045,-0.0173257, 0.0340875, 0.931501, -0.361724
9298,-4.43727,3.11296,1.68021,-0.0174384, 0.0340721, 0.93089, -0.363289
9299,-4.43545,3.11072,1.67997,-0.0175729, 0.0340494, 0.930292, -0.364814
9300,-4.4336,3.10847,1.67973,-0.0177104, 0.0340167, 0.92969, -0.366341
9301,-4.43824,3.11933,1.68038,-0.0178896, 0.0341741, 0.92969, -0.366318
9302,-4.43647,3.11716,1.68011,-0.0180346, 0.0341256, 0.929097, -0.367816
9303,-4.43467,3.11498,1.67984,-0.0181742, 0.0340619, 0.928507, -0.369302
9304,-4.43286,3.1128,1.67957,-0.0183205, 0.0340053, 0.927925, -0.370761
9305,-4.43101,3.1106,1.6793,-0.0184784, 0.0339511, 0.927344, -0.372208
9306,-4.42915,3.10839,1.67902,-0.0186303, 0.0338862, 0.926773, -0.373626
9307,-4.42725,3.10617,1.67875,-0.0187588, 0.0338104, 0.92621, -0.37502
9308,-4.42534,3.10394,1.67848,-0.0188962, 0.0337321, 0.925657, -0.376383
9309,-4.42339,3.1017,1.67821,-0.0190203, 0.0336604, 0.925114, -0.377717
9310,-4.42142,3.09946,1.67794,-0.0191296, 0.033586, 0.924575, -0.379034
9311,-4.41943,3.0972,1.67767,-0.0192448, 0.0335263, 0.924046, -0.380322
9312,-4.42431,3.10883,1.67832,-0.0193844, 0.0337471, 0.92418, -0.37997
9313,-4.42239,3.10666,1.67802,-0.0194876, 0.033708, 0.923663, -0.381223
9314,-4.42045,3.10449,1.67773,-0.0195922, 0.0336779, 0.923163, -0.382429
9315,-4.41849,3.10231,1.67743,-0.0196816, 0.0336453, 0.922678, -0.383597
9316,-4.41651,3.10012,1.67713,-0.0197768, 0.0336099, 0.922202, -0.384738
9317,-4.4145,3.09793,1.67683,-0.0198683, 0.0335888, 0.921741, -0.385838
9318,-4.41246,3.09573,1.67652,-0.0199683, 0.0335595, 0.921297, -0.386895
9319,-4.41041,3.09352,1.67622,-0.0200899, 0.0335237, 0.920862, -0.387925
9320,-4.41527,3.10431,1.67677,-0.0201914, 0.0336429, 0.920974, -0.387643
9321,-4.41327,3.10219,1.67645,-0.0203133, 0.0336024, 0.920561, -0.388619
9322,-4.41125,3.10005,1.67612,-0.0204033, 0.0335564, 0.920156, -0.389578
9323,-4.40921,3.09791,1.6758,-0.0204914, 0.0334938, 0.919757, -0.390519
9324,-4.40713,3.09576,1.67547,-0.0205765, 0.0334423, 0.919366, -0.39144
9325,-4.40503,3.0936,1.67514,-0.0206377, 0.0333836, 0.918983, -0.392339
9326,-4.40291,3.09144,1.67482,-0.0206904, 0.0333268, 0.918607, -0.39322
9327,-4.40723,3.10121,1.6754,-0.0207522, 0.0333033, 0.918699, -0.393004
9328,-4.40515,3.09911,1.67506,-0.0207828, 0.0332327, 0.918334, -0.39386
9329,-4.40304,3.09701,1.67472,-0.0208149, 0.0331541, 0.917975, -0.394702
9330,-4.4009,3.0949,1.67438,-0.0208438, 0.0330869, 0.917619, -0.395532
9331,-4.39873,3.09278,1.67405,-0.0208692, 0.0330341, 0.917268, -0.39635
9332,-4.39654,3.09066,1.67372,-0.0209018, 0.0329954, 0.916926, -0.397142
9333,-4.39432,3.08853,1.67339,-0.0209264, 0.0329746, 0.916584, -0.397931
9334,-4.39208,3.0864,1.67306,-0.0209647, 0.0329738, 0.916247, -0.398704
9335,-4.38982,3.08427,1.67274,-0.0210043, 0.0329754, 0.915912, -0.399472
9336,-4.38753,3.08213,1.67242,-0.0210659, 0.0329787, 0.915584, -0.400218
9337,-4.38522,3.07999,1.67211,-0.0211362, 0.0330231, 0.915264, -0.400943
9338,-4.39043,3.09067,1.67272,-0.021367, 0.0332078, 0.915391, -0.400625
9339,-4.38821,3.08862,1.6724,-0.0214548, 0.0332634, 0.915081, -0.401323
9340,-4.38597,3.08656,1.67209,-0.0215535, 0.033343, 0.914773, -0.402012
9341,-4.3837,3.08449,1.67179,-0.0216741, 0.0334508, 0.91447, -0.402685
9342,-4.38142,3.08243,1.67151,-0.0217929, 0.033578, 0.914179, -0.403329
9343,-4.37911,3.08036,1.67124,-0.0218945, 0.0337083, 0.913891, -0.403965
9344,-4.37678,3.07828,1.67098,-0.0219806, 0.0338528, 0.913603, -0.404598
9345,-4.37442,3.07621,1.67073,-0.0220632, 0.0340015, 0.91332, -0.405221
9346,-4.37204,3.07413,1.67048,-0.0221148, 0.0341726, 0.913047, -0.405818
9347,-4.36963,3.07205,1.67024,-0.0221793, 0.0343597, 0.912774, -0.406412
9348,-4.3672,3.06997,1.67,-0.0222184, 0.0345624, 0.912511, -0.406984
9349,-4.37304,3.08141,1.67076,-0.0224271, 0.0348305, 0.912707, -0.40651
9350,-4.3707,3.07942,1.6705,-0.0224718, 0.035048, 0.91245, -0.407064
9351,-4.36834,3.07743,1.67025,-0.02249, 0.0352773, 0.912197, -0.40761
9352,-4.36595,3.07544,1.67,-0.0225315, 0.035531, 0.911949, -0.408141
9353,-4.36354,3.07345,1.66975,-0.0225491, 0.0357806, 0.911712, -0.408647
9354,-4.36843,3.08307,1.67049,-0.0225949, 0.0357423, 0.91184, -0.408361
9355,-4.36606,3.08115,1.67025,-0.0226141, 0.0360001, 0.911598, -0.408878
9356,-4.36367,3.07923,1.67002,-0.0226181, 0.0362469, 0.91137, -0.409365
9357,-4.36125,3.0773,1.66979,-0.0226105, 0.0364786, 0.911137, -0.409862
9358,-4.36521,3.08534,1.67046,-0.0226161, 0.0363205, 0.911202, -0.409731
9359,-4.36281,3.08346,1.67024,-0.0226319, 0.0365778, 0.910983, -0.410195
9360,-4.36039,3.08158,1.67002,-0.0226334, 0.0368256, 0.910766, -0.410655
9361,-4.35795,3.07968,1.66982,-0.0226501, 0.0370869, 0.910551, -0.411107
9362,-4.35549,3.07778,1.66962,-0.0226687, 0.0373677, 0.910338, -0.411552
9363,-4.35301,3.07587,1.66943,-0.0227027, 0.0376576, 0.91012, -0.412006
9364,-4.35051,3.07395,1.66926,-0.0227351, 0.0379672, 0.909899, -0.412462
9365,-4.34799,3.07202,1.66909,-0.0227908, 0.0382853, 0.909681, -0.41291
9366,-4.34545,3.07009,1.66894,-0.0228463, 0.0386049, 0.909455, -0.413375
9367,-4.3429,3.06816,1.66879,-0.0229061, 0.0389358, 0.909221, -0.413855
9368,-4.34032,3.06621,1.66866,-0.0229831, 0.0392646, 0.908992, -0.414322
9369,-4.34532,3.07556,1.66932,-0.023226, 0.03939, 0.909143, -0.413967
9370,-4.34284,3.07368,1.66917,-0.0232997, 0.0397131, 0.908909, -0.414446
9371,-4.34034,3.07179,1.66904,-0.0233976, 0.040034, 0.908677, -0.414916
9372,-4.33782,3.06989,1.66891,-0.0234791, 0.0403448, 0.908434, -0.415414
9373,-4.33528,3.06799,1.6688,-0.0235638, 0.0406396, 0.908193, -0.415907
9374,-4.33271,3.06608,1.66869,-0.0236475, 0.0409554, 0.907936, -0.416433
9375,-4.33013,3.06415,1.6686,-0.0237129, 0.041268, 0.907673, -0.41697
9376,-4.32753,3.06223,1.66851,-0.0237923, 0.0415845, 0.907401, -0.417525
9377,-4.32491,3.06029,1.66844,-0.0238474, 0.0419005, 0.907114, -0.418115
9378,-4.32226,3.05835,1.66838,-0.0238956, 0.0422317, 0.906808, -0.418742
9379,-4.32732,3.06832,1.66905,-0.0240694, 0.0423745, 0.906937, -0.418439
9380,-4.32475,3.06646,1.66898,-0.0241124, 0.0427008, 0.906622, -0.419085
9381,-4.32217,3.06459,1.66891,-0.0241498, 0.0430313, 0.906293, -0.41976
9382,-4.31956,3.06271,1.66886,-0.0241871, 0.043381, 0.90595, -0.420462
9383,-4.31694,3.06083,1.66881,-0.024227, 0.0437383, 0.905599, -0.421177
9384,-4.3143,3.05894,1.66876,-0.0242606, 0.0440912, 0.905237, -0.421916
9385,-4.31164,3.05705,1.66872,-0.024305, 0.0444451, 0.904864, -0.422676
9386,-4.30897,3.05515,1.66869,-0.0243605, 0.0447982, 0.904476, -0.423465
9387,-4.31391,3.065,1.66952,-0.0244813, 0.0448967, 0.904549, -0.423292
9388,-4.31131,3.06317,1.66947,-0.0245401, 0.045241, 0.904151, -0.424101
9389,-4.3087,3.06133,1.66942,-0.0246062, 0.045573, 0.903752, -0.424912
9390,-4.30607,3.05949,1.66937,-0.0246983, 0.0459103, 0.903351, -0.425722
9391,-4.30343,3.05763,1.66932,-0.0248129, 0.0462415, 0.90294, -0.42655
9392,-4.30078,3.05576,1.66926,-0.0249278, 0.0465535, 0.902522, -0.427393
9393,-4.29812,3.05388,1.66921,-0.0250503, 0.0468397, 0.902098, -0.428249
9394,-4.30255,3.06313,1.6698,-0.0251542, 0.0468603, 0.902129, -0.428177
9395,-4.29995,3.0613,1.66972,-0.0252739, 0.0470979, 0.901703, -0.429038
9396,-4.29733,3.05946,1.66965,-0.0253936, 0.047306, 0.901274, -0.429911
9397,-4.2947,3.0576,1.66956,-0.0255, 0.0474761, 0.900848, -0.430778
9398,-4.29206,3.05572,1.66947,-0.025579, 0.0476092, 0.900417, -0.431658
9399,-4.2894,3.05383,1.66938,-0.0256427, 0.047695, 0.899987, -0.43254
9400,-4.28672,3.05193,1.66927,-0.0256963, 0.0477163, 0.899572, -0.433397
9401,-4.28402,3.05001,1.66915,-0.0257402, 0.0477037, 0.899162, -0.434246
9402,-4.28131,3.04807,1.66903,-0.0257701, 0.0476565, 0.898741, -0.435119
9403,-4.27858,3.04613,1.6689,-0.0258195, 0.0475703, 0.89833, -0.435974
9404,-4.28328,3.0559,1.66909,-0.0260013, 0.0475887, 0.898331, -0.43596
9405,-4.28064,3.05402,1.66893,-0.0260479, 0.047492, 0.897926, -0.4368
9406,-4.27798,3.05212,1.66876,-0.0260756, 0.0473794, 0.897527, -0.437631
9407,-4.27532,3.05021,1.66858,-0.0260951, 0.0472573, 0.897134, -0.438448
9408,-4.27264,3.0483,1.6684,-0.0261264, 0.0471472, 0.89674, -0.439263
9409,-4.26996,3.04637,1.66822,-0.0261636, 0.0470223, 0.896344, -0.440083
9410,-4.26727,3.04444,1.66803,-0.0261998, 0.0468992, 0.895955, -0.440885
9411,-4.26458,3.0425,1.66783,-0.0262522, 0.0467726, 0.895565, -0.441686
9412,-4.26189,3.04055,1.66763,-0.0263266, 0.0466558, 0.89518, -0.442473
9413,-4.25919,3.0386,1.66743,-0.0263998, 0.0465321, 0.894801, -0.443249
9414,-4.25649,3.03665,1.66722,-0.0264717, 0.0464192, 0.894437, -0.443991
9415,-4.26208,3.04754,1.66732,-0.0266994, 0.0465992, 0.894545, -0.44374
9416,-4.25949,3.04566,1.66709,-0.02679, 0.046501, 0.894177, -0.444485
9417,-4.2569,3.04378,1.66685,-0.0268933, 0.0463964, 0.893806, -0.445237
9418,-4.25431,3.0419,1.66661,-0.0270154, 0.046312, 0.893441, -0.445968
9419,-4.25172,3.04001,1.66637,-0.0271532, 0.0462405, 0.893089, -0.446673
9420,-4.24912,3.03812,1.66614,-0.02729, 0.0461737, 0.892744, -0.44736
9421,-4.24653,3.03623,1.66591,-0.0274205, 0.0461162, 0.892395, -0.448054
9422,-4.24394,3.03433,1.66568,-0.0275562, 0.0460678, 0.89205, -0.448738
9423,-4.24949,3.04494,1.66594,-0.0277053, 0.0462046, 0.892108, -0.448598
9424,-4.24698,3.04313,1.6657,-0.0278355, 0.046168, 0.891767, -0.449271
9425,-4.24447,3.04131,1.66547,-0.0279514, 0.0461458, 0.891431, -0.449933
9426,-4.24196,3.0395,1.66524,-0.0280598, 0.0461484, 0.89109, -0.450601
9427,-4.23944,3.03768,1.66502,-0.0281391, 0.0461641, 0.89075, -0.451267
9428,-4.23691,3.03587,1.6648,-0.0281949, 0.0462021, 0.890405, -0.451939
9429,-4.23438,3.03405,1.66459,-0.0282349, 0.0462482, 0.890057, -0.452618
9430,-4.23185,3.03224,1.66439,-0.0282696, 0.0463075, 0.889696, -0.453319
9431,-4.22931,3.03042,1.6642,-0.0283176, 0.0464107, 0.889332, -0.454019
9432,-4.22677,3.0286,1.66401,-0.0283749, 0.0465226, 0.888969, -0.454714
9433,-4.22422,3.02679,1.66383,-0.0284334, 0.0466473, 0.888599, -0.455421
9434,-4.23059,3.0385,1.66412,-0.0287101, 0.0469821, 0.888624, -0.455319
9435,-4.22817,3.03677,1.66392,-0.0287769, 0.0471161, 0.888249, -0.456033
9436,-4.22574,3.03504,1.66373,-0.0288811, 0.0472668, 0.887863, -0.456761
9437,-4.22332,3.0333,1.66355,-0.0290004, 0.0474351, 0.887476, -0.457488
9438,-4.22089,3.03156,1.66338,-0.0291262, 0.0476047, 0.887064, -0.45826
9439,-4.21847,3.02982,1.66321,-0.0292581, 0.0477995, 0.886655, -0.459023
9440,-4.21605,3.02807,1.66305,-0.0294137, 0.0480001, 0.886231, -0.45981
9441,-4.21363,3.02631,1.66289,-0.0295619, 0.048221, 0.885795, -0.460617
9442,-4.2112,3.02455,1.66274,-0.0297144, 0.0484262, 0.885352, -0.461437
9443,-4.20877,3.02278,1.66259,-0.0298437, 0.0486317, 0.884891, -0.46229
9444,-4.20634,3.021,1.66245,-0.0299782, 0.0488343, 0.884424, -0.463152
9445,-4.21318,3.03349,1.66272,-0.0302113, 0.0491967, 0.884516, -0.462923
9446,-4.21086,3.03179,1.66255,-0.0303302, 0.0493866, 0.884043, -0.463798
9447,-4.20853,3.03009,1.66238,-0.0304231, 0.0495436, 0.883562, -0.464691
9448,-4.20619,3.02837,1.6622,-0.0305047, 0.0496601, 0.883068, -0.465611
9449,-4.2114,3.03843,1.66251,-0.0305124, 0.0496566, 0.883099, -0.465553
9450,-4.20911,3.03678,1.66233,-0.0305673, 0.0497391, 0.882597, -0.466491
9451,-4.2068,3.03511,1.66214,-0.0306152, 0.0497831, 0.882095, -0.467433
9452,-4.20448,3.03343,1.66195,-0.0306464, 0.0497953, 0.881594, -0.468372
9453,-4.20214,3.03173,1.66175,-0.0306535, 0.0497751, 0.881089, -0.469325
9454,-4.20686,3.04058,1.66203,-0.0307064, 0.0496613, 0.881077, -0.469355
9455,-4.20457,3.03893,1.66182,-0.0307071, 0.049619, 0.880566, -0.470317
9456,-4.20227,3.03727,1.66161,-0.0306915, 0.0495521, 0.880054, -0.471282
9457,-4.19995,3.03559,1.66139,-0.0306599, 0.0494802, 0.879545, -0.472241
9458,-4.19762,3.03391,1.66117,-0.0306012, 0.0493896, 0.879023, -0.473226
9459,-4.19528,3.0322,1.66095,-0.0305225, 0.0492705, 0.878499, -0.474215
9460,-4.19293,3.03049,1.66072,-0.0304383, 0.0491422, 0.877972, -0.475209
9461,-4.19748,3.03909,1.66089,-0.0305329, 0.0490279, 0.877991, -0.47518
9462,-4.19519,3.03742,1.66065,-0.0304475, 0.0488897, 0.87747, -0.47616
9463,-4.1929,3.03574,1.66042,-0.0303637, 0.0487446, 0.876943, -0.47715
9464,-4.19059,3.03405,1.66019,-0.0303032, 0.0486109, 0.876418, -0.478132
9465,-4.18828,3.03235,1.65997,-0.0302431, 0.0484754, 0.87589, -0.479117
9466,-4.18596,3.03063,1.65975,-0.0301795, 0.0483251, 0.875362, -0.4801
9467,-4.18363,3.02889,1.65955,-0.03012, 0.0481678, 0.874835, -0.481078
9468,-4.18129,3.02715,1.65935,-0.0300492, 0.0480032, 0.874288, -0.482092
9469,-4.17895,3.02538,1.65917,-0.0299785, 0.0478429, 0.873745, -0.483096
9470,-4.1766,3.02361,1.65899,-0.0298949, 0.047667, 0.873193, -0.484116
9471,-4.17424,3.02182,1.65881,-0.0298167, 0.0474849, 0.872638, -0.485138
9472,-4.17968,3.03165,1.65899,-0.0300353, 0.0474874, 0.872635, -0.485129
9473,-4.17742,3.02991,1.6588,-0.029961, 0.0473018, 0.872078, -0.486154
9474,-4.17516,3.02816,1.65861,-0.0298913, 0.0471242, 0.87152, -0.487175
9475,-4.17289,3.02641,1.65843,-0.0298505, 0.0469609, 0.870955, -0.488201
9476,-4.17061,3.02464,1.65826,-0.0298057, 0.0467937, 0.870376, -0.489252
9477,-4.16834,3.02286,1.6581,-0.0297761, 0.0466226, 0.869788, -0.490315
9478,-4.16605,3.02106,1.65794,-0.0297486, 0.0464638, 0.869208, -0.491359
9479,-4.16376,3.01926,1.6578,-0.0297274, 0.0462968, 0.868617, -0.49242
9480,-4.16147,3.01744,1.65766,-0.0297208, 0.0461291, 0.868022, -0.493485
9481,-4.15916,3.01562,1.65753,-0.0297188, 0.045977, 0.867427, -0.494544
9482,-4.15685,3.01378,1.65741,-0.0297198, 0.0458232, 0.866826, -0.495611
9483,-4.16295,3.02458,1.65778,-0.02994, 0.0459846, 0.866918, -0.495421
9484,-4.16075,3.02281,1.65765,-0.0299612, 0.0458315, 0.866317, -0.496484
9485,-4.15854,3.02103,1.65751,-0.029979, 0.0456972, 0.865711, -0.497552
9486,-4.15632,3.01924,1.65739,-0.0299876, 0.0455682, 0.865091, -0.49864
9487,-4.15409,3.01743,1.65727,-0.0300036, 0.0454471, 0.864469, -0.499728
9488,-4.15185,3.01562,1.65716,0.0300104, -0.0453436, -0.863837, 0.500829
9489,-4.1496,3.0138,1.65705,0.030023, -0.0452428, -0.863201, 0.501933
9490,-4.14733,3.01197,1.65694,0.0300123, -0.0451385, -0.862554, 0.503053
9491,-4.15329,3.02233,1.65746,0.0301572, -0.045235, -0.862571, 0.503006
9492,-4.15111,3.02056,1.65734,0.0301557, -0.0451239, -0.861919, 0.504133
9493,-4.14891,3.01878,1.65722,0.0301387, -0.0450065, -0.861258, 0.505272
9494,-4.1467,3.017,1.6571,0.030112, -0.0448838, -0.860594, 0.506416
9495,-4.14448,3.0152,1.65697,0.0300914, -0.0447591, -0.85991, 0.507589
9496,-4.14225,3.01339,1.65685,0.0300733, -0.044625, -0.859229, 0.508754
9497,-4.14,3.01157,1.65672,0.0300596, -0.0444667, -0.858534, 0.509939
9498,-4.13773,3.00974,1.65659,0.0300501, -0.0442904, -0.857835, 0.511131
9499,-4.14375,3.01989,1.65699,0.0302116, -0.0443615, -0.85786, 0.511074
9500,-4.14157,3.01811,1.65685,0.0302113, -0.0441813, -0.857152, 0.512274
9501,-4.13936,3.01632,1.6567,0.0302186, -0.0439872, -0.856434, 0.513491
9502,-4.13714,3.01451,1.65655,0.0302171, -0.0437875, -0.855707, 0.514718
9503,-4.1349,3.01269,1.6564,0.0302369, -0.0436043, -0.85497, 0.515956
9504,-4.13265,3.01085,1.65625,0.0302562, -0.0434198, -0.854233, 0.51719
9505,-4.13038,3.00899,1.6561,0.030292, -0.0432469, -0.853481, 0.518443
9506,-4.13595,3.01852,1.65635,0.0304415, -0.0432505, -0.853447, 0.51849
9507,-4.13374,3.01671,1.65619,0.030487, -0.0430767, -0.852675, 0.51977
9508,-4.13152,3.01489,1.65603,0.0305516, -0.0429191, -0.851899, 0.521049
9509,-4.12929,3.01304,1.65588,0.0306129, -0.0427509, -0.851123, 0.522326
9510,-4.12705,3.01118,1.65573,0.030705, -0.0425685, -0.850334, 0.523619
9511,-4.12478,3.0093,1.65558,0.0308114, -0.0423863, -0.849557, 0.524887
9512,-4.12251,3.0074,1.65543,0.0309352, -0.0421807, -0.848784, 0.526146
9513,-4.12021,3.00548,1.65528,0.0310668, -0.0419576, -0.848006, 0.527409
9514,-4.1179,3.00353,1.65514,0.0312175, -0.0416958, -0.847236, 0.528658
9515,-4.11557,3.00156,1.65499,0.0313522, -0.0414031, -0.846465, 0.529906
9516,-4.11321,2.99957,1.65485,0.031491, -0.041073, -0.845715, 0.531119
9517,-4.11951,3.01007,1.65501,0.0317643, -0.0410893, -0.845664, 0.531182
9518,-4.11725,3.00812,1.65484,0.0318905, -0.0407343, -0.844914, 0.532395
9519,-4.11496,3.00615,1.65468,0.0320042, -0.0403319, -0.844165, 0.533606
9520,-4.11265,3.00416,1.65451,0.032098, -0.0399056, -0.843442, 0.534774
9521,-4.11031,3.00215,1.65435,0.0321699, -0.0394647, -0.842718, 0.535942
9522,-4.10794,3.00013,1.65418,0.0322252, -0.0390182, -0.842004, 0.537092
9523,-4.10554,2.99809,1.65402,0.0322441, -0.0385571, -0.841288, 0.538245
9524,-4.10312,2.99603,1.65386,0.032234, -0.0380813, -0.840567, 0.539404
9525,-4.10066,2.99396,1.65369,0.0321978, -0.0375871, -0.839859, 0.540543
9526,-4.09818,2.99188,1.65353,0.0321505, -0.0371048, -0.839152, 0.541677
9527,-4.09567,2.98979,1.65337,0.0320687, -0.0366163, -0.838426, 0.542837
9528,-4.1027,3.00136,1.65359,0.0322691, -0.0367995, -0.838529, 0.542654
9529,-4.10028,2.99934,1.6534,0.0321892, -0.0363001, -0.837814, 0.543795
9530,-4.09785,2.9973,1.6532,0.0320865, -0.0358061, -0.837091, 0.544947
9531,-4.09539,2.99526,1.65301,0.0319802, -0.0353013, -0.836384, 0.546071
9532,-4.09291,2.99321,1.65281,0.0318599, -0.0348025, -0.835671, 0.5472
9533,-4.0904,2.99115,1.65261,0.0317429, -0.0342965, -0.834958, 0.548326
9534,-4.08787,2.98908,1.6524,0.0316174, -0.033785, -0.834242, 0.549454
9535,-4.08533,2.987,1.65219,0.0314792, -0.0332707, -0.833512, 0.550599
9536,-4.08276,2.98491,1.65197,0.0313301, -0.0327461, -0.832772, 0.551758
9537,-4.08017,2.98281,1.65175,0.0311745, -0.0322275, -0.83202, 0.55293
9538,-4.07757,2.98071,1.65152,0.0310174, -0.0317085, -0.831255, 0.554118
9539,-4.08491,2.99311,1.65171,0.0311919, -0.0318562, -0.831168, 0.554231
9540,-4.08241,2.99109,1.65145,0.031042, -0.0313467, -0.830397, 0.555423
9541,-4.07989,2.98905,1.65117,0.0308844, -0.0308263, -0.829622, 0.556618
9542,-4.07736,2.98701,1.6509,0.0307401, -0.0303049, -0.828839, 0.557819
9543,-4.07481,2.98496,1.65061,0.0306038, -0.0297975, -0.828038, 0.559043
9544,-4.07225,2.98291,1.65032,0.0304738, -0.0292844, -0.827223, 0.560282
9545,-4.06967,2.98085,1.65002,0.0303468, -0.0287726, -0.826394, 0.561538
9546,-4.06708,2.97878,1.64972,0.0302358, -0.0282775, -0.825542, 0.56282
9547,-4.07437,2.99047,1.65023,0.0303863, -0.0285104, -0.825737, 0.562515
9548,-4.07187,2.98848,1.64991,0.0302649, -0.028005, -0.824867, 0.563821
9549,-4.06935,2.98648,1.64959,0.0301488, -0.0275075, -0.823975, 0.565155
9550,-4.06683,2.98447,1.64926,0.0300302, -0.0270198, -0.823068, 0.566504
9551,-4.07209,2.9942,1.64965,0.0299918, -0.0269009, -0.822953, 0.56668
9552,-4.0696,2.99226,1.64931,0.029882, -0.0264202, -0.822032, 0.568043
9553,-4.0671,2.9903,1.64897,0.0297819, -0.0259508, -0.821091, 0.569428
9554,-4.06459,2.98834,1.64863,0.0296834, -0.0254917, -0.820141, 0.570822
9555,-4.06207,2.98638,1.64829,0.0295998, -0.025027, -0.819179, 0.572227
9556,-4.05953,2.98441,1.64795,0.0295134, -0.0245743, -0.818196, 0.573655
9557,-4.05698,2.98243,1.64761,0.0294482, -0.0241409, -0.817206, 0.575086
9558,-4.05441,2.98044,1.64727,0.0293776, -0.0237243, -0.816201, 0.576533
9559,-4.05976,2.98997,1.64784,0.0294866, -0.023649, -0.816197, 0.576536
9560,-4.05727,2.98803,1.64749,0.0294371, -0.0232373, -0.815186, 0.577984
9561,-4.05477,2.98609,1.64715,0.0293994, -0.0228513, -0.814173, 0.579427
9562,-4.05225,2.98413,1.64681,0.0293507, -0.0224652, -0.813143, 0.58089
9563,-4.04972,2.98217,1.64647,0.029299, -0.0221073, -0.812108, 0.582351
9564,-4.04718,2.98021,1.64613,0.0292545, -0.0217621, -0.811067, 0.583816
9565,-4.04462,2.97823,1.64581,0.0292139, -0.0214207, -0.810018, 0.585285
9566,-4.04204,2.97625,1.64548,0.0291659, -0.0210778, -0.80897, 0.586748
9567,-4.03944,2.97425,1.64517,0.0291286, -0.0207336, -0.807921, 0.588205
9568,-4.03683,2.97224,1.64486,0.0291036, -0.0203951, -0.806869, 0.58966
9569,-4.0342,2.97022,1.64456,0.0290843, -0.0200685, -0.80582, 0.591106
9570,-4.04046,2.98038,1.64522,0.0293354, -0.020064, -0.805726, 0.591221
9571,-4.03792,2.9784,1.6449,0.0293191, -0.0197269, -0.80469, 0.592642
9572,-4.03537,2.97641,1.64459,0.0293143, -0.0193988, -0.803675, 0.594029
9573,-4.03279,2.9744,1.64428,0.029333, -0.0190811, -0.80267, 0.595396
9574,-4.0302,2.97237,1.64398,0.0293446, -0.0187666, -0.80167, 0.596751
9575,-4.02759,2.97033,1.64368,0.0293659, -0.0184579, -0.800675, 0.598093
9576,-4.02496,2.96828,1.64338,0.0293983, -0.0181536, -0.799695, 0.599412
9577,-4.02231,2.96621,1.64309,0.0294399, -0.0178735, -0.798729, 0.600705
9578,-4.01965,2.96413,1.6428,0.0294801, -0.0175959, -0.797762, 0.601994
9579,-4.01696,2.96204,1.64251,0.029521, -0.0173357, -0.796807, 0.603264
9580,-4.01425,2.95994,1.64222,0.0295786, -0.0170924, -0.79586, 0.604516
9581,-4.0212,2.971,1.64287,0.0298209, -0.0172515, -0.795987, 0.604333
9582,-4.0186,2.96895,1.64256,0.0298884, -0.0170206, -0.795053, 0.605564
9583,-4.01598,2.9669,1.64225,0.0299508, -0.0167769, -0.794111, 0.606803
9584,-4.01333,2.96483,1.64194,0.0300042, -0.0165229, -0.793176, 0.608028
9585,-4.01067,2.96275,1.64163,0.0300483, -0.0162759, -0.792248, 0.609242
9586,-4.00798,2.96066,1.64132,0.030123, -0.016017, -0.791309, 0.610464
9587,-4.00528,2.95855,1.64101,0.030219, -0.0157429, -0.790385, 0.611661
9588,-4.00255,2.95644,1.64071,0.0303104, -0.0154701, -0.789476, 0.612837
9589,-4.00909,2.96694,1.64154,0.0304795, -0.0155419, -0.789529, 0.612759
9590,-4.00644,2.96488,1.64124,0.0305799, -0.0152625, -0.788608, 0.613946
9591,-4.00376,2.9628,1.64095,0.0306612, -0.0149828, -0.78768, 0.615138
9592,-4.00105,2.9607,1.64068,0.0307492, -0.0147011, -0.786751, 0.616329
9593,-3.99831,2.95859,1.64043,0.0308335, -0.0144343, -0.785817, 0.617521
9594,-3.99555,2.95647,1.64019,0.0309258, -0.0141864, -0.78488, 0.618713
9595,-3.99275,2.95433,1.63997,0.0309897, -0.0139612, -0.783934, 0.619913
9596,-3.98994,2.95219,1.63975,0.031036, -0.0137451, -0.782972, 0.62113
9597,-3.98709,2.95004,1.63954,0.0310842, -0.0135362, -0.782001, 0.622355
9598,-3.98423,2.94787,1.63933,0.0311447, -0.0133357, -0.781038, 0.623564
9599,-3.98136,2.94571,1.63912,0.0312698, -0.0131684, -0.780081, 0.624757
9600,-3.98847,2.9569,1.63969,0.0316081, -0.0133428, -0.78003, 0.624801
9601,-3.98571,2.95479,1.63946,0.0317782, -0.0132096, -0.779065, 0.625998
9602,-3.98294,2.95267,1.63923,0.0319934, -0.013125, -0.778113, 0.627171
9603,-3.98016,2.95054,1.63901,0.0322389, -0.013073, -0.777141, 0.628364
9604,-3.97736,2.94841,1.6388,0.0325067, -0.0130347, -0.776184, 0.629533
9605,-3.97456,2.94627,1.6386,0.0328087, -0.0129681, -0.775234, 0.630688
9606,-3.97173,2.94411,1.63842,0.0330876, -0.0128703, -0.774292, 0.631832
9607,-3.96888,2.94194,1.63825,0.0333517, -0.0127398, -0.773347, 0.632977
9608,-3.96601,2.93976,1.6381,0.0335823, -0.0125948, -0.772414, 0.634106
9609,-3.9631,2.93756,1.63795,0.0337824, -0.0124235, -0.771475, 0.63524
9610,-3.96016,2.93535,1.63782,0.0339369, -0.0122136, -0.770537, 0.636374
9611,-3.96758,2.94721,1.63844,0.034152, -0.0124296, -0.770692, 0.636171
9612,-3.96472,2.94506,1.63829,0.0342654, -0.012193, -0.769761, 0.637296
9613,-3.96182,2.94289,1.63814,0.0343328, -0.0119309, -0.76882, 0.638432
9614,-3.95889,2.94072,1.638,0.0343641, -0.0116588, -0.767877, 0.639569
9615,-3.95592,2.93854,1.63785,0.0343655, -0.0113838, -0.766939, 0.640698
9616,-3.95291,2.93636,1.6377,0.034346, -0.0111104, -0.766003, 0.641822
9617,-3.94988,2.93417,1.63756,0.0342982, -0.0108478, -0.765083, 0.642926
9618,-3.94682,2.93198,1.63743,0.0342624, -0.0105873, -0.764158, 0.644032
9619,-3.94374,2.92979,1.6373,0.034238, -0.0103362, -0.763232, 0.645134
9620,-3.94064,2.92759,1.63718,0.0341992, -0.0101122, -0.762322, 0.646215
9621,-3.93753,2.92539,1.63706,0.03417, -0.00991044, -0.761435, 0.647265
9622,-3.94525,2.93795,1.63777,0.0343595, -0.0101613, -0.761442, 0.647243
9623,-3.94224,2.93582,1.63764,0.0343368, -0.00996942, -0.760559, 0.648284
9624,-3.93921,2.93368,1.63751,0.0343133, -0.0097894, -0.759698, 0.649296
9625,-3.93617,2.93153,1.63738,0.0342885, -0.00962772, -0.758844, 0.650298
9626,-3.93312,2.92938,1.63725,0.0342676, -0.00946686, -0.758014, 0.651269
9627,-3.93005,2.92723,1.63712,0.0342591, -0.00931884, -0.757206, 0.65221
9628,-3.92697,2.92507,1.63699,0.0342459, -0.00918468, -0.756415, 0.653131
9629,-3.92387,2.92291,1.63686,0.0342358, -0.00903645, -0.755642, 0.654028
9630,-3.92076,2.92075,1.63674,0.0342373, -0.00887502, -0.7549, 0.654885
9631,-3.91763,2.91857,1.63661,0.0342396, -0.00870507, -0.754177, 0.655721
9632,-3.91449,2.9164,1.63649,0.0342215, -0.00852945, -0.753462, 0.656545
9633,-3.9226,2.92975,1.63705,0.0343633, -0.00886367, -0.753705, 0.656254
9634,-3.91957,2.92764,1.63691,0.0343282, -0.00865832, -0.752997, 0.657071
9635,-3.91652,2.92553,1.63677,0.0342658, -0.00845457, -0.752313, 0.65786
9636,-3.91346,2.92342,1.63663,0.0342046, -0.00826064, -0.751622, 0.658655
9637,-3.91038,2.9213,1.6365,0.0341147, -0.00805945, -0.750943, 0.659435
9638,-3.90728,2.91918,1.63637,0.0340055, -0.00787727, -0.750256, 0.660225
9639,-3.90418,2.91707,1.63623,0.0338936, -0.00772061, -0.749564, 0.661019
9640,-3.91129,2.92902,1.63681,0.0339417, -0.00787282, -0.749626, 0.660944
9641,-3.90826,2.92698,1.63667,0.0338217, -0.00770867, -0.748941, 0.661728
9642,-3.90523,2.92494,1.63654,0.0337006, -0.00757892, -0.748264, 0.662502
9643,-3.90219,2.92291,1.63641,0.0335763, -0.00745266, -0.747569, 0.663293
9644,-3.89915,2.92088,1.63629,0.0334585, -0.00735625, -0.746869, 0.664088
9645,-3.90563,2.93078,1.63687,0.0335588, -0.00735253, -0.747039, 0.663892
9646,-3.90265,2.92881,1.63675,0.0334435, -0.00729515, -0.746336, 0.664689
9647,-3.89967,2.92685,1.63664,0.0333445, -0.00724831, -0.745628, 0.665488
9648,-3.89669,2.92489,1.63654,0.0332551, -0.00722872, -0.744913, 0.666293
9649,-3.90187,2.93303,1.63696,0.0333484, -0.00704598, -0.744882, 0.666325
9650,-3.89894,2.93112,1.63687,0.0332643, -0.00703633, -0.744164, 0.667131
9651,-3.89601,2.92921,1.63679,0.0331967, -0.00705119, -0.743444, 0.667937
9652,-3.89308,2.9273,1.63671,0.0331337, -0.00708356, -0.742717, 0.668748
9653,-3.89014,2.92539,1.63665,0.0330774, -0.00713188, -0.741978, 0.66957
9654,-3.8872,2.92348,1.6366,0.0330243, -0.00720463, -0.741224, 0.670406
9655,-3.88425,2.92157,1.63656,0.0329687, -0.0072869, -0.740465, 0.671246
9656,-3.8813,2.91966,1.63652,0.0329056, -0.00736905, -0.7397, 0.672091
9657,-3.87835,2.91776,1.6365,0.0328248, -0.00744236, -0.738925, 0.672946
9658,-3.87539,2.91585,1.63648,0.0327429, -0.00753839, -0.738146, 0.673804
9659,-3.87242,2.91394,1.63646,0.0326378, -0.00762349, -0.737356, 0.674673
9660,-3.87852,2.92315,1.63679,0.0328528, -0.00763148, -0.737381, 0.674634
9661,-3.87565,2.92128,1.63675,0.0327422, -0.00771105, -0.736588, 0.675505
9662,-3.87278,2.91941,1.63672,0.0326105, -0.00777443, -0.735778, 0.676392
9663,-3.8699,2.91754,1.6367,0.0324726, -0.00782394, -0.734957, 0.677291
9664,-3.86701,2.91566,1.63668,0.0323009, -0.00786527, -0.734119, 0.678206
9665,-3.86411,2.91379,1.63666,0.032124, -0.00789205, -0.733266, 0.679137
9666,-3.8612,2.91191,1.63665,0.0319271, -0.00791656, -0.732383, 0.680098
9667,-3.85829,2.91003,1.63663,0.0317075, -0.00793856, -0.731495, 0.681063
9668,-3.85537,2.90816,1.63662,0.0314842, -0.00795682, -0.730603, 0.68203
9669,-3.85245,2.90628,1.63661,0.031246, -0.00799169, -0.729685, 0.683023
9670,-3.84952,2.90441,1.6366,0.0310205, -0.00802477, -0.728732, 0.684049
9671,-3.85641,2.91462,1.63694,0.0312455, -0.00814782, -0.728881, 0.683879
9672,-3.8536,2.91279,1.6369,0.0310054, -0.00818602, -0.727913, 0.684919
9673,-3.8508,2.91096,1.63687,0.030791, -0.00824411, -0.726937, 0.685964
9674,-3.84799,2.90914,1.63683,0.0305925, -0.00832104, -0.725927, 0.68704
9675,-3.84519,2.90731,1.6368,0.030417, -0.00840276, -0.724885, 0.688147
9676,-3.8424,2.90548,1.63675,0.0302402, -0.00849171, -0.723826, 0.689268
9677,-3.83962,2.90365,1.63671,0.0300993, -0.00857031, -0.722761, 0.690389
9678,-3.83684,2.90181,1.63665,0.0299741, -0.00864203, -0.721666, 0.691538
9679,-3.83407,2.89997,1.63659,0.0298824, -0.00872594, -0.720564, 0.692689
9680,-3.83131,2.89813,1.63653,0.0298085, -0.00880255, -0.71944, 0.693859
9681,-3.82856,2.89629,1.63646,0.0297674, -0.00887353, -0.718304, 0.695036
9682,-3.83612,2.90748,1.63668,0.0300342, -0.00909925, -0.718161, 0.695169
9683,-3.8335,2.90569,1.63658,0.0300208, -0.00916951, -0.717016, 0.69635
9684,-3.83088,2.90389,1.63648,0.0300303, -0.00921045, -0.715856, 0.697541
9685,-3.82826,2.90208,1.63637,0.0300536, -0.00925292, -0.714683, 0.698741
9686,-3.82565,2.90028,1.63625,0.0300947, -0.00927844, -0.71349, 0.699957
9687,-3.82304,2.89847,1.63613,0.0301321, -0.00929606, -0.712303, 0.701164
9688,-3.82043,2.89666,1.63601,0.0301957, -0.00931054, -0.711102, 0.702378
9689,-3.81781,2.89486,1.63588,0.0302507, -0.00932587, -0.7099, 0.703591
9690,-3.81519,2.89305,1.63575,0.0303024, -0.00933947, -0.708669, 0.704828
9691,-3.81257,2.89124,1.63563,0.0303437, -0.00934291, -0.707431, 0.706069
9692,-3.80994,2.88944,1.6355,0.0303812, -0.0093385, -0.706196, 0.707302
9693,-3.81793,2.90138,1.63565,0.030615, -0.00961183, -0.706306, 0.707179
9694,-3.81542,2.89963,1.6355,0.0306522, -0.00960904, -0.705086, 0.708394
9695,-3.81289,2.89789,1.63535,0.0306957, -0.0095979, -0.703859, 0.709612
9696,-3.81036,2.89615,1.6352,0.0307234, -0.00958544, -0.702639, 0.710818
9697,-3.80781,2.89441,1.63505,0.0307486, -0.00953958, -0.701406, 0.712034
9698,-3.80526,2.89267,1.6349,0.0307588, -0.00947458, -0.70018, 0.71324
9699,-3.80269,2.89093,1.63475,0.0307744, -0.0093865, -0.698962, 0.714435
9700,-3.8001,2.8892,1.63461,0.0307786, -0.00928685, -0.69775, 0.71562
9701,-3.79751,2.88746,1.63447,0.0307619, -0.0091721, -0.696543, 0.716797
9702,-3.79489,2.88573,1.63433,0.0307197, -0.00904283, -0.695352, 0.717956
9703,-3.79226,2.884,1.6342,0.030661, -0.00889239, -0.694153, 0.719119
9704,-3.80033,2.89658,1.63437,0.0308052, -0.00910954, -0.694039, 0.71922
9705,-3.79781,2.89491,1.63422,0.0307232, -0.00893866, -0.692847, 0.720374
9706,-3.79526,2.89324,1.63407,0.0306149, -0.00876586, -0.691666, 0.721515
9707,-3.7927,2.89158,1.63392,0.0304839, -0.00858148, -0.690502, 0.722637
9708,-3.79011,2.88993,1.63377,0.0303249, -0.00836436, -0.689345, 0.72375
9709,-3.78751,2.88828,1.63363,0.0301138, -0.0081322, -0.688194, 0.724856
9710,-3.78489,2.88664,1.63348,0.0298793, -0.0078641, -0.68706, 0.725943
9711,-3.78225,2.885,1.63334,0.0296382, -0.00759898, -0.685924, 0.727029
9712,-3.77959,2.88337,1.63319,0.02937, -0.00731223, -0.684782, 0.728119
9713,-3.77691,2.88175,1.63305,0.0290723, -0.00701565, -0.683648, 0.729199
9714,-3.77421,2.88013,1.63292,0.0287521, -0.00668777, -0.682535, 0.730256
9715,-3.78233,2.8932,1.63321,0.0288125, -0.0069271, -0.682707, 0.730091
9716,-3.77974,2.89165,1.63306,0.0284631, -0.00658121, -0.681597, 0.731144
9717,-3.77712,2.89011,1.63292,0.0280979, -0.00624026, -0.680494, 0.732188
9718,-3.77449,2.88856,1.63279,0.027709, -0.00586799, -0.679393, 0.733228
9719,-3.77184,2.88702,1.63266,0.0273074, -0.00548757, -0.678294, 0.734263
9720,-3.76917,2.88549,1.63254,0.0268931, -0.00509317, -0.677202, 0.735288
9721,-3.76649,2.88395,1.63242,0.0264638, -0.00470528, -0.676102, 0.736318
9722,-3.7638,2.88242,1.6323,0.026044, -0.0043163, -0.675019, 0.737328
9723,-3.7611,2.88089,1.63219,0.0256222, -0.0039275, -0.673931, 0.73834
9724,-3.75839,2.87937,1.63208,0.0252065, -0.00354767, -0.672846, 0.739344
9725,-3.75567,2.87784,1.63197,0.0247858, -0.00318505, -0.671759, 0.740348
9726,-3.76375,2.89147,1.63251,0.0247752, -0.00339844, -0.671692, 0.740408
9727,-3.76115,2.89002,1.63239,0.0243623, -0.00306855, -0.6706, 0.741413
9728,-3.75854,2.88857,1.63227,0.0239672, -0.00277698, -0.669489, 0.74243
9729,-3.75593,2.88712,1.63215,0.0235769, -0.00248769, -0.668385, 0.743438
9730,-3.75333,2.88568,1.63204,0.0232134, -0.00220812, -0.667283, 0.744439
9731,-3.75072,2.88425,1.63193,0.0228613, -0.00193008, -0.666172, 0.745446
9732,-3.74811,2.88281,1.63183,0.0225456, -0.00164714, -0.665058, 0.746449
9733,-3.74551,2.88138,1.63173,0.0222395, -0.0013515, -0.663939, 0.747455
9734,-3.7429,2.87994,1.63163,0.0219589, -0.0010567, -0.662834, 0.748444
9735,-3.7403,2.87851,1.63153,0.021712, -0.000760223, -0.661714, 0.749442
9736,-3.73769,2.87708,1.63144,0.0214643, -0.000464804, -0.66059, 0.75044
9737,-3.74603,2.89083,1.63177,0.0215454, -0.000730638, -0.660777, 0.750272
9738,-3.74355,2.88946,1.63166,0.0213167, -0.000429643, -0.659641, 0.751278
9739,-3.74106,2.8881,1.63155,0.0210767, -0.000114574, -0.658526, 0.752263
9740,-3.73857,2.88673,1.63144,0.0208483, 0.000195693, -0.657412, 0.753243
9741,-3.73607,2.88537,1.63134,0.0206129, 0.000509904, -0.656286, 0.754231
9742,-3.73357,2.88401,1.63124,0.0203815, 0.000834797, -0.655159, 0.755216
9743,-3.73106,2.88266,1.63114,0.0201357, 0.00114899, -0.654021, 0.756207
9744,-3.72855,2.88132,1.63105,0.0198847, 0.00146788, -0.652895, 0.757186
9745,-3.72604,2.87998,1.63095,0.0196372, 0.00179046, -0.651755, 0.758173
9746,-3.72352,2.87864,1.63086,0.0194077, 0.00210004, -0.650642, 0.759134
9747,-3.72099,2.87732,1.63076,0.0192009, 0.00239541, -0.64953, 0.760089
9748,-3.72921,2.89116,1.63105,0.0192889, 0.00218511, -0.649502, 0.760112
9749,-3.72681,2.8899,1.63094,0.0190746, 0.00248621, -0.648382, 0.761072
9750,-3.7244,2.88865,1.63082,0.0188834, 0.00278197, -0.647276, 0.762017
9751,-3.722,2.8874,1.63071,0.0187195, 0.00305481, -0.646182, 0.762947
9752,-3.7196,2.88616,1.6306,0.018592, 0.00332167, -0.645105, 0.76386
9753,-3.7172,2.88492,1.63049,0.0184888, 0.00355594, -0.644041, 0.764759
9754,-3.7148,2.88369,1.63039,0.0184108, 0.00379371, -0.642991, 0.765643
9755,-3.71241,2.88247,1.63028,0.018363, 0.00401885, -0.641972, 0.766497
9756,-3.71991,2.89485,1.6306,0.0184754, 0.00386609, -0.642331, 0.766195
9757,-3.71761,2.89369,1.63049,0.018465, 0.00408402, -0.641313, 0.767046
9758,-3.71531,2.89253,1.63037,0.0184799, 0.00428255, -0.640296, 0.767894
9759,-3.71302,2.89138,1.63027,0.0184864, 0.00448091, -0.639266, 0.768751
9760,-3.71872,2.90119,1.63066,0.0185826, 0.00462394, -0.639205, 0.768798
9761,-3.71648,2.9001,1.63055,0.0186105, 0.00480509, -0.638206, 0.769626
9762,-3.71422,2.89902,1.63045,0.0186366, 0.00497523, -0.637189, 0.770466
9763,-3.71196,2.89794,1.63034,0.018662, 0.0051335, -0.636152, 0.771321
9764,-3.70968,2.89688,1.63024,0.0186705, 0.00528886, -0.635138, 0.772154
9765,-3.70739,2.89582,1.63014,0.0186658, 0.00545323, -0.63412, 0.77299
9766,-3.70509,2.89477,1.63004,0.0186472, 0.00563391, -0.633089, 0.773834
9767,-3.70276,2.89374,1.62994,0.0186186, 0.00581939, -0.632062, 0.774673
9768,-3.70043,2.89271,1.62983,0.0185897, 0.00602568, -0.631034, 0.775509
9769,-3.69807,2.8917,1.62972,0.0185484, 0.00625237, -0.630002, 0.776347
9770,-3.69569,2.89069,1.62961,0.0185085, 0.00650031, -0.628979, 0.777174
9771,-3.70211,2.90106,1.62969,0.0187613, 0.0066366, -0.629031, 0.777126
9772,-3.69981,2.90008,1.62956,0.0187252, 0.00691216, -0.628012, 0.777948
9773,-3.69749,2.89912,1.62942,0.018693, 0.00721379, -0.626995, 0.778765
9774,-3.69515,2.89816,1.62928,0.0186493, 0.00753163, -0.625994, 0.779568
9775,-3.69279,2.8972,1.62914,0.0186117, 0.00788751, -0.625009, 0.780356
9776,-3.69041,2.89625,1.62899,0.0185727, 0.00827217, -0.624044, 0.781125
9777,-3.688,2.89531,1.62884,0.01854, 0.00866574, -0.623103, 0.781872
9778,-3.68558,2.89437,1.62869,0.0184999, 0.00906539, -0.622173, 0.782609
9779,-3.68314,2.89344,1.62854,0.0184714, 0.00946953, -0.621254, 0.783334
9780,-3.68068,2.89252,1.62838,0.018448, 0.00987675, -0.62036, 0.784038
9781,-3.67821,2.89161,1.62822,0.0184314, 0.0102705, -0.619499, 0.784714
9782,-3.67572,2.89071,1.62805,0.0184169, 0.0106612, -0.618661, 0.78537
9783,-3.67322,2.88982,1.62788,0.0183824, 0.0110593, -0.617835, 0.786015
